unit_id,timestamp,period,fail,t2,spe,iso_score,t2_ratio,spe_ratio,iso_ratio,t2_alarm,spe_alarm,iso_alarm,mspc_alarm,n_flags,driver,top_sensors
U0001,2008-07-19 11:55:00,train,0,37.83867857682739,132.8213812360113,0.421179227189357,0.16201326781089084,0.10464529807837292,0.9179075223088691,False,False,False,False,0,T2,"sensor_227, sensor_368, sensor_367"
U0002,2008-07-19 12:32:00,train,0,23.845936986911088,133.12448004244789,0.4086693756208693,0.10210076885792715,0.1048840989751231,0.8906438632383334,False,False,False,False,0,SPE,"sensor_487, sensor_037, sensor_212"
U0003,2008-07-19 13:17:00,train,1,52.28536105563201,238.0490605406019,0.4407934070725573,0.22386939824275123,0.18755048822511408,0.9606541776433556,False,False,False,False,0,T2,"sensor_565, sensor_569, sensor_558"
U0004,2008-07-19 14:43:00,train,0,304.0310420442369,1058.4468362677014,0.4250112964100988,1.301764873673534,0.8339130616668674,0.9262590385676369,True,False,False,True,1,T2,"sensor_551, sensor_550, sensor_133"
U0005,2008-07-19 15:22:00,train,0,74.03431312812579,576.5087783547468,0.42360680157773495,0.316991540168845,0.45421100423983835,0.9231981174954513,False,False,False,False,0,SPE,"sensor_583, sensor_582, sensor_044"
U0006,2008-07-19 17:53:00,train,0,25.630661448338095,162.7905537490325,0.4315410543022132,0.10974239517822096,0.12825695579193538,0.9404898303567409,False,False,False,False,0,SPE,"sensor_219, sensor_171, sensor_485"
U0007,2008-07-19 19:44:00,train,0,17.114407492574834,115.43678047954639,0.4085337490356058,0.07327848616302624,0.09094858214902117,0.890348282034889,False,False,False,False,0,SPE,"sensor_084, sensor_091, sensor_483"
U0008,2008-07-19 19:45:00,train,0,37.60763364444486,131.01065980302607,0.4227160079878863,0.1610240064012875,0.10321869430171936,0.9212567441224028,False,False,False,False,0,T2,"sensor_218, sensor_356, sensor_150"
U0009,2008-07-19 20:24:00,train,0,45.34499371551907,121.20008154124326,0.43973228140225734,0.1941529378675127,0.09548928449607037,0.9583415867746576,False,False,False,False,0,T2,"sensor_164, sensor_163, sensor_159"
U0010,2008-07-19 21:35:00,train,0,32.72915478645658,133.51494341585675,0.43417398019592485,0.14013590112234006,0.10519173134363802,0.9462279635017385,False,False,False,False,0,T2,"sensor_061, sensor_485, sensor_150"
U0011,2008-07-19 21:57:00,train,1,74.30728738591259,287.3409887036588,0.4602032217418338,0.31816032970367236,0.22638586598944593,1.0029554445183715,False,False,True,False,1,T2,"sensor_195, sensor_164, sensor_163"
U0012,2008-07-19 22:52:00,train,1,18.295275949037965,137.4302236275148,0.4136486806285686,0.07833459183801557,0.1082764430142785,0.9014956366102964,False,False,False,False,0,SPE,"sensor_171, sensor_088, sensor_499"
U0013,2008-07-20 03:35:00,train,0,43.49310560417196,104.24451958905402,0.4303888080402369,0.18622373801635236,0.08213059316142478,0.9379786535390277,False,False,False,False,0,T2,"sensor_560, sensor_053, sensor_559"
U0014,2008-07-21 08:21:00,train,0,298.02227782541627,153.04702389177749,0.4250302910970428,1.276037243555064,0.12058037106770172,0.9263004351154822,True,False,False,True,1,T2,"sensor_290, sensor_019, sensor_155"
U0015,2008-07-21 11:53:00,train,1,213.34292872317246,553.6517181961603,0.47795190689144,0.913467022285354,0.4362027298849705,1.0416364870727108,False,False,True,False,1,T2,"sensor_089, sensor_224, sensor_430"
U0016,2008-07-22 00:03:00,train,0,276.33507397871847,574.2702053681251,0.46896243528210424,1.183179488024558,0.45244731126152954,1.0220450564438646,True,False,True,True,2,T2,"sensor_089, sensor_224, sensor_496"
U0017,2008-07-22 02:59:00,train,0,29.660736607458286,121.65407411561854,0.42754286085689014,0.12699790384316711,0.09584696928920207,0.9317762670986507,False,False,False,False,0,T2,"sensor_558, sensor_560, sensor_559"
U0018,2008-07-22 08:41:00,train,0,62.59332590051663,542.2810209321392,0.41533733322983785,0.26800484725450063,0.42724415715007247,0.9051758440498116,False,False,False,False,0,SPE,"sensor_213, sensor_217, sensor_078"
U0019,2008-07-22 11:47:00,train,0,19.454163078845145,99.69287835730336,0.4030766891070136,0.08329658041652338,0.07854451500887187,0.8784553014822345,False,False,False,False,0,T2,"sensor_273, sensor_037, sensor_218"
U0020,2008-07-22 14:00:00,train,0,36.42583559345809,154.41455762449223,0.4182058035335069,0.15596392049622199,0.12165780283177802,0.9114273168178967,False,False,False,False,0,T2,"sensor_510, sensor_053, sensor_055"
U0021,2008-07-22 15:30:00,train,0,25.049004609161546,115.28345740114459,0.42034274654491716,0.10725192434773965,0.09082778428430735,0.9160845172169017,False,False,False,False,0,T2,"sensor_037, sensor_054, sensor_053"
U0022,2008-07-23 05:15:00,train,0,30.30353023986344,120.16536452603927,0.4246345698008281,0.12975014310814423,0.09467406732640109,0.9254380099741539,False,False,False,False,0,T2,"sensor_218, sensor_356, sensor_101"
U0023,2008-07-23 19:22:00,train,0,21.000598351736873,116.69961847861327,0.4046591261572091,0.08991792771094632,0.09194352782423766,0.8819040253940187,False,False,False,False,0,SPE,"sensor_040, sensor_037, sensor_546"
U0024,2008-07-25 15:23:00,train,1,63.10150572261474,119.7727200274651,0.4588572189790854,0.270180712710439,0.09436471652602718,1.000021999606522,False,False,True,False,1,T2,"sensor_164, sensor_431, sensor_163"
U0025,2008-07-27 04:18:00,train,0,49.64752238834708,103.88528304980909,0.4656382975583869,0.21257500640565158,0.08184756331803586,1.0148005134445515,False,False,True,False,1,T2,"sensor_164, sensor_026, sensor_163"
U0026,2008-07-27 09:37:00,train,0,55.79646143257498,106.24190606751839,0.44828892589220903,0.2389028208430041,0.08370426376680128,0.9769897247549247,False,False,False,False,0,T2,"sensor_164, sensor_163, sensor_431"
U0027,2008-07-27 11:10:00,train,0,25.73805304449923,128.28492149837263,0.41558094582950506,0.11020221206622795,0.10107118089145553,0.9057067672846918,False,False,False,False,0,T2,"sensor_123, sensor_121, sensor_124"
U0028,2008-07-27 15:46:00,train,0,57.85773403255994,406.0579851554388,0.45131371449070634,0.24772853892654018,0.3199188150151064,0.9835818737231513,False,False,False,False,0,SPE,"sensor_253, sensor_219, sensor_118"
U0029,2008-07-27 16:06:00,train,0,25.76882552863151,146.27286080824268,0.4187354124550587,0.11033397012175322,0.1152432460618385,0.9125815333166979,False,False,False,False,0,SPE,"sensor_038, sensor_079, sensor_039"
U0030,2008-07-27 16:49:00,train,0,22.988009735277238,139.55735614992875,0.41933413188682855,0.09842739539962837,0.1099523359675725,0.9138863675409341,False,False,False,False,0,SPE,"sensor_558, sensor_038, sensor_080"
U0031,2008-07-27 20:24:00,train,0,75.95367254223171,144.7772356222172,0.4178865106817818,0.3252096308231347,0.11406489554365608,0.910731457925772,False,False,False,False,0,T2,"sensor_033, sensor_032, sensor_034"
U0032,2008-07-27 22:28:00,train,0,30.8245385666061,139.04478936865263,0.43569006380150244,0.13198093616823686,0.10954850261549795,0.9495320783682183,False,False,False,False,0,T2,"sensor_090, sensor_038, sensor_077"
U0033,2008-07-27 22:28:00,train,0,22.93873226897625,121.11150061654754,0.4158360904593874,0.09821640485648203,0.09541949469880595,0.9062628231391284,False,False,False,False,0,T2,"sensor_161, sensor_030, sensor_029"
U0034,2008-07-27 23:14:00,train,0,54.413642567120746,101.55552048831927,0.44965416132314184,0.23298202731613954,0.08001202527867661,0.9799650848650101,False,False,False,False,0,T2,"sensor_164, sensor_163, sensor_026"
U0035,2008-07-28 03:31:00,train,0,29.836136180850218,145.84680649341522,0.43379284293212855,0.1277489094048483,0.11490757284147442,0.9453973224375877,False,False,False,False,0,T2,"sensor_061, sensor_219, sensor_108"
U0036,2008-07-28 03:48:00,train,0,36.3560138332072,109.92255451087716,0.4274458825913018,0.15566496577665936,0.08660411731366795,0.9315649150809406,False,False,False,False,0,T2,"sensor_560, sensor_558, sensor_559"
U0037,2008-07-28 04:37:00,train,0,94.25931750566927,159.9286531490341,0.4895506448682592,0.40358861950506875,0.12600216489478794,1.0669144878641061,False,False,True,False,1,T2,"sensor_430, sensor_431, sensor_026"
U0038,2008-07-28 05:36:00,train,0,16.941721283979405,123.54157213067099,0.405744513468568,0.07253909837220755,0.09733406263644358,0.8842694914792371,False,False,False,False,0,SPE,"sensor_006, sensor_080, sensor_010"
U0039,2008-07-28 06:45:00,train,1,133.769783156276,574.343948232821,0.4470289513220796,0.5727599514211069,0.452505410672825,0.9742437675443624,False,False,False,False,0,T2,"sensor_551, sensor_550, sensor_558"
U0040,2008-07-28 08:36:00,train,0,64.21680437779747,144.78930805503018,0.41302653237571746,0.2749560692109142,0.1140744069891665,0.9001397421966657,False,False,False,False,0,T2,"sensor_033, sensor_032, sensor_034"
U0041,2008-07-28 15:11:00,train,1,20.781264709788626,189.76148322534067,0.4376224104995494,0.08897881034719511,0.14950640319441294,0.9537433866553875,False,False,False,False,0,SPE,"sensor_160, sensor_432, sensor_022"
U0042,2008-07-28 23:57:00,train,0,15.91218071780861,102.23482868260592,0.38775725837481034,0.06813093091650381,0.08054722832969664,0.8450685155279096,False,False,False,False,0,SPE,"sensor_172, sensor_125, sensor_037"
U0043,2008-07-29 04:08:00,train,0,31.760579950722875,110.36871613610059,0.42493929293202654,0.13598876966430032,0.08695563237719281,0.926102115980082,False,False,False,False,0,T2,"sensor_560, sensor_559, sensor_558"
U0044,2008-07-29 05:16:00,train,0,57.133319870403916,196.36813054225894,0.4501013988791563,0.2446268263384251,0.1547115484153403,0.9809397832604277,False,False,False,False,0,T2,"sensor_521, sensor_142, sensor_061"
U0045,2008-07-29 06:19:00,train,0,49.733624773509646,137.91172368562252,0.4443090094296174,0.2129436696177713,0.1086557999870531,0.9683159938979863,False,False,False,False,0,T2,"sensor_164, sensor_163, sensor_159"
U0046,2008-07-29 08:23:00,train,1,17.841029203197984,120.31962298460209,0.399460316723389,0.07638965077627702,0.09479560214426849,0.8705738695404197,False,False,False,False,0,SPE,"sensor_208, sensor_247, sensor_071"
U0047,2008-07-29 11:47:00,train,0,55.11596777717301,90.20322598779558,0.436733877305385,0.2359891619896062,0.07106795143434673,0.9518069395324196,False,False,False,False,0,T2,"sensor_164, sensor_430, sensor_163"
U0048,2008-07-29 15:41:00,train,0,49.47559929412296,97.72085372833796,0.43377153462615753,0.21183888602949058,0.07699082611333714,0.9453508836460333,False,False,False,False,0,T2,"sensor_164, sensor_163, sensor_159"
U0049,2008-07-29 15:49:00,train,1,55.848447072480596,214.583637301942,0.4270521387018304,0.23912540692996928,0.16906290598124732,0.9307067994506405,False,False,False,False,0,T2,"sensor_033, sensor_032, sensor_034"
U0050,2008-07-29 17:05:00,train,1,12.60970522205199,99.46587437558236,0.38732111088077575,0.053990774149491695,0.07836566655005363,0.8441179865374794,False,False,False,False,0,SPE,"sensor_009, sensor_238, sensor_419"
U0051,2008-07-29 18:08:00,train,1,61.491156100094244,149.12554266615774,0.4018147214590985,0.26328570436249005,0.11749077383610435,0.8757050006075646,False,False,False,False,0,T2,"sensor_033, sensor_032, sensor_034"
U0052,2008-07-29 21:07:00,train,0,70.92950890445454,126.76574573980139,0.4636147615746256,0.3036977493413268,0.09987427570488287,1.0103904694982906,False,False,True,False,1,T2,"sensor_164, sensor_163, sensor_430"
U0053,2008-07-29 23:14:00,train,0,37.49193856609277,153.382922123246,0.4174267549292809,0.16052863662574415,0.12084501347865184,0.9097294776845773,False,False,False,False,0,T2,"sensor_064, sensor_065, sensor_247"
U0054,2008-07-29 23:19:00,train,0,21.787731584339635,109.9783589531348,0.40219565745834635,0.09328818354473807,0.08664808367239578,0.8765352030407692,False,False,False,False,0,T2,"sensor_564, sensor_433, sensor_150"
U0055,2008-07-30 06:30:00,train,0,41.09436794342454,164.9967415201827,0.45050078315016445,0.1759531011533426,0.12999513359719886,0.9818101913978295,False,False,False,False,0,T2,"sensor_164, sensor_159, sensor_163"
U0056,2008-07-30 07:08:00,train,0,27.46269196342488,87.18072646657905,0.3984186248616772,0.1175865710755328,0.0686866302916504,0.8683036322303462,False,False,False,False,0,T2,"sensor_038, sensor_177, sensor_225"
U0057,2008-07-30 12:02:00,train,0,23.306378922155073,97.3109614798388,0.3982456455176001,0.0997905516798258,0.07666788641699418,0.8679266453542556,False,False,False,False,0,T2,"sensor_055, sensor_054, sensor_053"
U0058,2008-07-30 12:29:00,train,1,216.89704109890502,365.2886634413895,0.495658982169552,0.9286846086762327,0.2877980993327501,1.08022684610901,False,False,True,False,1,T2,"sensor_114, sensor_248, sensor_521"
U0059,2008-07-30 21:16:00,train,1,35.58175435093258,155.3326945804908,0.4346702812988732,0.15234983127474522,0.12238117067017232,0.947309589769887,False,False,False,False,0,T2,"sensor_164, sensor_163, sensor_159"
U0060,2008-07-31 13:57:00,train,0,18.787186136152105,98.25082806402295,0.39926615766066625,0.08044079585679531,0.07740837426571705,0.8701507241127904,False,False,False,False,0,T2,"sensor_037, sensor_054, sensor_057"
U0061,2008-07-31 15:36:00,train,0,27.080107763272245,118.34003580773557,0.40314371486631595,0.11594846639506166,0.09323595498303903,0.8786013757534247,False,False,False,False,0,T2,"sensor_064, sensor_137, sensor_065"
U0062,2008-07-31 17:07:00,train,0,68.08138849402077,138.4221271938357,0.47441138639115527,0.2915029975114927,0.10905792897231271,1.0339203648370834,False,False,True,False,1,T2,"sensor_164, sensor_026, sensor_163"
U0063,2008-07-31 20:18:00,train,1,26.037675509919367,150.9238193226245,0.4246648325313851,0.11148510080753826,0.11890757281072849,0.925503963815727,False,False,False,False,0,SPE,"sensor_219, sensor_018, sensor_239"
U0064,2008-08-01 02:02:00,train,0,56.095144617514265,89.31391891719976,0.413162216408574,0.24018168788202943,0.07036729764939367,0.9004354485999642,False,False,False,False,0,T2,"sensor_273, sensor_138, sensor_412"
U0065,2008-08-01 05:52:00,train,1,47.92199308219687,248.7112155822263,0.4338668703205992,0.20518683503953897,0.19595082544571593,0.9455586558850786,False,False,False,False,0,T2,"sensor_195, sensor_472, sensor_587"
U0066,2008-08-01 10:20:00,train,0,14.609453738974011,111.69238253888776,0.3913017082387838,0.06255306554581255,0.08799850261379924,0.852793201320937,False,False,False,False,0,SPE,"sensor_484, sensor_500, sensor_000"
U0067,2008-08-01 10:26:00,train,0,29.76901835389712,134.15108630732215,0.4143908626524737,0.12746153207345023,0.10569292596967152,0.9031131296362729,False,False,False,False,0,T2,"sensor_225, sensor_250, sensor_219"
U0068,2008-08-01 11:28:00,train,0,24.09543173372882,103.67307024679357,0.4043534090159044,0.10316902654434504,0.08168036830906253,0.8812377530672114,False,False,False,False,0,T2,"sensor_030, sensor_177, sensor_120"
U0069,2008-08-01 12:29:00,train,0,43.7390150986375,110.24685594222986,0.4182202856489054,0.1872766447848378,0.08685962301339294,0.911458878779658,False,False,False,False,0,T2,"sensor_273, sensor_138, sensor_412"
U0070,2008-08-01 14:07:00,train,0,26.560051817984625,125.48901517652422,0.41378370608338055,0.11372175113148668,0.09886838456659915,0.9017899077250002,False,False,False,False,0,T2,"sensor_560, sensor_075, sensor_055"
U0071,2008-08-01 15:10:00,train,0,60.08963177502093,156.01919646398835,0.4237896975824343,0.25728481996689606,0.12292204137608913,0.9235967164948229,False,False,False,False,0,T2,"sensor_496, sensor_224, sensor_273"
U0072,2008-08-02 03:39:00,train,0,24.921553708535015,104.91484366668033,0.40138017560363304,0.10670621985507296,0.08265871794268777,0.8747579621883584,False,False,False,False,0,T2,"sensor_059, sensor_412, sensor_054"
U0073,2008-08-03 13:09:00,train,0,59.640928210329776,82.63824284925855,0.45746292677382816,0.2553636130556555,0.06510776710164956,0.9969833138858541,False,False,False,False,0,T2,"sensor_164, sensor_163, sensor_431"
U0074,2008-08-03 14:06:00,train,0,24.831875142004385,195.29287162542863,0.4168983172852662,0.10632224456410914,0.15386438970628277,0.9085778138388813,False,False,False,False,0,SPE,"sensor_558, sensor_038, sensor_075"
U0075,2008-08-03 14:25:00,train,0,42.14613294038588,90.85338464096438,0.4171568730930555,0.18045642660063166,0.07158018858642234,0.9091413039295255,False,False,False,False,0,T2,"sensor_054, sensor_038, sensor_412"
U0076,2008-08-03 15:03:00,train,0,21.58060154313144,136.85594671390044,0.4215189703563826,0.09240131814403946,0.10782399041782552,0.9186479501090407,False,False,False,False,0,SPE,"sensor_160, sensor_486, sensor_022"
U0077,2008-08-03 15:27:00,train,0,42.3034027306605,126.03492775286229,0.444212180614475,0.18112980615849836,0.09929848989861734,0.9681049675888577,False,False,False,False,0,T2,"sensor_116, sensor_473, sensor_054"
U0078,2008-08-03 16:00:00,train,0,29.010732861738788,119.42475656982413,0.4163050476953264,0.12421479315077029,0.09409056834742544,0.9072848568642533,False,False,False,False,0,T2,"sensor_412, sensor_061, sensor_201"
U0079,2008-08-03 17:00:00,train,0,24.340456655445912,139.49406941015062,0.43121168935211057,0.10421814585177255,0.10990247456960434,0.9397720205841612,False,False,False,False,0,SPE,"sensor_433, sensor_108, sensor_134"
U0080,2008-08-03 17:58:00,train,0,39.50415022617368,128.21071685148766,0.42719627359772894,0.16914429126376138,0.10101271765820334,0.9310209234544651,False,False,False,False,0,T2,"sensor_273, sensor_138, sensor_412"
U0081,2008-08-03 20:23:00,train,0,31.254981602785662,98.86931770692019,0.41831821517994217,0.13382395726518923,0.07789566051765236,0.9116723039616043,False,False,False,False,0,T2,"sensor_337, sensor_201, sensor_045"
U0082,2008-08-03 22:52:00,train,0,50.67544812001796,163.15576467099393,0.43057153013701177,0.21697625965017922,0.1285446926414884,0.9383768735277981,False,False,False,False,0,T2,"sensor_273, sensor_138, sensor_412"
U0083,2008-08-04 00:39:00,train,1,20.662393645574948,124.33246125512467,0.4065721933663924,0.08846984200353815,0.09795717638067077,0.8860733164431289,False,False,False,False,0,SPE,"sensor_273, sensor_511, sensor_038"
U0084,2008-08-04 03:45:00,train,0,32.108663576555294,117.37872919386189,0.4352747216199464,0.13747915378482586,0.0924785752884643,0.9486268919578471,False,False,False,False,0,T2,"sensor_116, sensor_054, sensor_269"
U0085,2008-08-04 03:49:00,train,0,67.33187938732678,130.3105692787891,0.4606028155766709,0.2882938362987679,0.10266711758335618,1.0038263093739648,False,False,True,False,1,T2,"sensor_273, sensor_164, sensor_138"
U0086,2008-08-04 13:19:00,train,0,72.30256581617807,194.03729884490355,0.4223663561663382,0.3095767452662768,0.15287516804140888,0.9204947216472448,False,False,False,False,0,T2,"sensor_195, sensor_572, sensor_573"
U0087,2008-08-04 14:04:00,train,0,68.42883842894341,189.03243699128973,0.4230019766331475,0.2929906683677359,0.14893201328997718,0.9218799770685796,False,False,False,False,0,T2,"sensor_195, sensor_572, sensor_573"
U0088,2008-08-04 14:31:00,train,0,33.828406088933974,106.04473349808703,0.41689883668823197,0.1448425479281512,0.08354891842925836,0.908578945812774,False,False,False,False,0,T2,"sensor_558, sensor_412, sensor_177"
U0089,2008-08-04 15:29:00,train,0,37.14161549258905,217.3644584858499,0.43370675902949735,0.1590286638977681,0.1712538172561091,0.9452097133232868,False,False,False,False,0,SPE,"sensor_145, sensor_211, sensor_009"
U0090,2008-08-04 16:15:00,train,0,44.69642261234379,203.5192839240103,0.4061739817013323,0.1913759612978951,0.16034569082730493,0.8852054638539378,False,False,False,False,0,T2,"sensor_195, sensor_572, sensor_573"
U0091,2008-08-04 16:31:00,train,0,32.44076878324475,132.5859887205482,0.422915937942533,0.1389011233624242,0.10445984058864628,0.9216924664882226,False,False,False,False,0,T2,"sensor_053, sensor_054, sensor_218"
U0092,2008-08-04 17:11:00,train,0,59.422919171677364,110.15055901112225,0.46181990625408675,0.2544301672247533,0.08678375404586668,1.0064788064963592,False,False,True,False,1,T2,"sensor_164, sensor_163, sensor_431"
U0093,2008-08-04 17:46:00,train,0,47.82512035106902,136.4608051173713,0.41656124358202673,0.20477205660852366,0.107512672241737,0.9078432038016275,False,False,False,False,0,T2,"sensor_273, sensor_138, sensor_432"
U0094,2008-08-04 18:24:00,train,0,54.98471286914325,136.81423055951052,0.4469054668049016,0.2354271699389868,0.10779112372595565,0.9739746484618218,False,False,False,False,0,T2,"sensor_164, sensor_163, sensor_159"
U0095,2008-08-04 19:58:00,train,0,30.38380886919515,137.552765785048,0.41887360775988947,0.13009387083761556,0.10837298967327944,0.912882712723618,False,False,False,False,0,T2,"sensor_572, sensor_573, sensor_472"
U0096,2008-08-04 20:32:00,train,0,80.11909881286992,216.44465847791446,0.43289631268654616,0.3430446701879796,0.17052913915754409,0.9434434467398493,False,False,False,False,0,T2,"sensor_195, sensor_413, sensor_140"
U0097,2008-08-04 20:58:00,train,1,62.51252999712029,130.8816906026488,0.47535974475266146,0.2676589047208998,0.10311708400154918,1.0359871934403841,False,False,True,False,1,T2,"sensor_164, sensor_163, sensor_026"
U0098,2008-08-04 21:43:00,train,0,36.805996486501094,104.24282724391429,0.4220254838360103,0.1575916493412119,0.08212925982216908,0.919751832976683,False,False,False,False,0,T2,"sensor_247, sensor_385, sensor_079"
U0099,2008-08-04 22:51:00,train,0,28.980149536563925,139.68277117950458,0.41951620648725885,0.12408384501414225,0.11005114606148465,0.914283176392291,False,False,False,False,0,T2,"sensor_412, sensor_472, sensor_079"
U0100,2008-08-04 23:33:00,train,0,105.31815257039543,169.34455133349678,0.4777803198968432,0.4509390575860429,0.1334206201391124,1.0412625346484143,False,False,True,False,1,T2,"sensor_430, sensor_431, sensor_026"
U0101,2008-08-05 00:04:00,train,0,30.193369725990948,101.67036731291748,0.4178530601655244,0.1292784705892434,0.08010250905532157,0.9106585567034049,False,False,False,False,0,T2,"sensor_079, sensor_177, sensor_473"
U0102,2008-08-05 01:12:00,train,0,31.76133916342803,130.07644321752437,0.4112780618120233,0.13599202037325614,0.10248265788838111,0.8963291689790341,False,False,False,False,0,T2,"sensor_150, sensor_014, sensor_183"
U0103,2008-08-05 02:15:00,train,0,40.56691334376063,169.73307994262507,0.42972774819272036,0.1736947071890838,0.13372672817485073,0.936537956164703,False,False,False,False,0,T2,"sensor_150, sensor_564, sensor_565"
U0104,2008-08-05 02:36:00,train,0,27.219451550800812,136.81858049918168,0.42618995371254964,0.11654509247228612,0.10779455089053769,0.9288277749494468,False,False,False,False,0,T2,"sensor_079, sensor_188, sensor_075"
U0105,2008-08-05 02:45:00,train,0,27.65411629981516,101.25754753995395,0.4122890811683984,0.11840618960988916,0.07977726286534517,0.8985325593945813,False,False,False,False,0,T2,"sensor_038, sensor_079, sensor_059"
U0106,2008-08-05 03:17:00,train,0,34.53959593332773,88.1909351886689,0.41549971146757925,0.14788763816538572,0.06948253823855409,0.9055297271386731,False,False,False,False,0,T2,"sensor_054, sensor_053, sensor_059"
U0107,2008-08-05 03:36:00,train,0,26.40728160408101,125.60929902690125,0.40784300767758386,0.11306763733815112,0.09896315198476319,0.8888428975155022,False,False,False,False,0,T2,"sensor_177, sensor_038, sensor_079"
U0108,2008-08-05 03:54:00,train,0,36.31101654382088,120.76486109327881,0.42344617547734875,0.155472301598884,0.09514638960156452,0.9228480529711216,False,False,False,False,0,T2,"sensor_054, sensor_053, sensor_075"
U0109,2008-08-05 04:32:00,train,0,38.006117524416446,131.00446610220268,0.4273303053017466,0.16273018848777546,0.10321381450252709,0.9313130288134275,False,False,False,False,0,T2,"sensor_155, sensor_247, sensor_177"
U0110,2008-08-05 04:35:00,train,0,213.08109426574524,678.5534308696555,0.42504305633482165,0.9123459298564219,0.5346083994510198,0.9263282553569017,False,False,False,False,0,T2,"sensor_251, sensor_252, sensor_116"
U0111,2008-08-05 05:11:00,train,0,32.90918052146571,127.91375624655187,0.4143065105843066,0.1409067144465862,0.10077875283467978,0.9029292948388885,False,False,False,False,0,T2,"sensor_108, sensor_091, sensor_219"
U0112,2008-08-05 06:10:00,train,0,54.01896160900816,140.1858222664268,0.4348529714220251,0.2312921281396468,0.11044748233242048,0.9477077400761397,False,False,False,False,0,T2,"sensor_135, sensor_270, sensor_054"
U0113,2008-08-05 06:11:00,train,0,34.58755881710531,124.23091829419545,0.42235756610221303,0.14809300008146487,0.09787717425062728,0.9204755648003226,False,False,False,False,0,T2,"sensor_120, sensor_413, sensor_038"
U0114,2008-08-05 06:21:00,train,0,67.02336028974919,366.1904084352151,0.4331069560118302,0.2869728549891505,0.2885085525202673,0.9439025175589223,False,False,False,False,0,SPE,"sensor_153, sensor_118, sensor_012"
U0115,2008-08-05 07:12:00,train,0,23.68027621400103,131.99361312748442,0.40798116916596794,0.10139146176326362,0.10399312867875912,0.8891440032237001,False,False,False,False,0,SPE,"sensor_219, sensor_211, sensor_080"
U0116,2008-08-05 07:12:00,train,1,74.73397786250216,174.88273254997222,0.42743767410675965,0.31998728352595507,0.13778395847227068,0.9315470257140831,False,False,False,False,0,T2,"sensor_549, sensor_555, sensor_551"
U0117,2008-08-05 07:48:00,train,0,30.28975623134415,129.54796732335848,0.4114425156157522,0.12969116715509832,0.10206629030540923,0.8966875755047368,False,False,False,False,0,T2,"sensor_155, sensor_150, sensor_137"
U0118,2008-08-05 08:50:00,train,0,20.963198137642255,107.65694102711666,0.4105286572615669,0.08975779180953018,0.0848191200780405,0.8946959353584996,False,False,False,False,0,T2,"sensor_059, sensor_038, sensor_001"
U0119,2008-08-05 09:48:00,train,0,27.029363964118563,81.80973433451904,0.400274666344795,0.11573119747787854,0.06445501436200346,0.8723486428317481,False,False,False,False,0,T2,"sensor_155, sensor_079, sensor_290"
U0120,2008-08-05 14:17:00,train,0,56.74102391849991,139.189440428163,0.4349204300780721,0.2429471390050552,0.10966246810131773,0.9478547577917178,False,False,False,False,0,T2,"sensor_569, sensor_565, sensor_155"
U0121,2008-08-05 14:45:00,train,0,63.61764912594859,222.25005242943152,0.4493997644635087,0.27239067570540365,0.17510300501306778,0.9794106586824386,False,False,False,False,0,T2,"sensor_195, sensor_090, sensor_510"
U0122,2008-08-05 15:45:00,train,0,33.101373665093,169.02284675103454,0.42575846762963615,0.1417296247706527,0.13316716040535825,0.9278874049223661,False,False,False,False,0,T2,"sensor_219, sensor_587, sensor_065"
U0123,2008-08-05 20:04:00,train,0,12.00617084779438,106.12826205315218,0.4015363734688346,0.05140663062526308,0.08361472764206362,0.8750983759271694,False,False,False,False,0,SPE,"sensor_170, sensor_161, sensor_023"
U0124,2008-08-05 21:07:00,train,0,28.40895183088834,126.4601455705264,0.4195330524181563,0.1216381568891014,0.0996335040722663,0.9143198899947026,False,False,False,False,0,T2,"sensor_510, sensor_103, sensor_177"
U0125,2008-08-05 21:22:00,train,0,24.84015781061427,125.36248502094006,0.40959835031329783,0.1063577083344667,0.09876869590409774,0.8926684475558107,False,False,False,False,0,T2,"sensor_218, sensor_225, sensor_250"
U0126,2008-08-05 23:02:00,train,0,46.744662635871876,110.9834869073922,0.42130824612487205,0.2001458780062461,0.08743998866089513,0.9181887029649518,False,False,False,False,0,T2,"sensor_565, sensor_569, sensor_150"
U0127,2008-08-05 23:06:00,train,0,30.616142573853253,118.86698723321726,0.4239530492786507,0.13108865036295875,0.09365112149071426,0.9239527211148502,False,False,False,False,0,T2,"sensor_064, sensor_065, sensor_045"
U0128,2008-08-05 23:38:00,train,0,21.144630536522776,135.60209860960822,0.41905887593470303,0.0905346280240856,0.10683612756473927,0.9132864815714803,False,False,False,False,0,SPE,"sensor_558, sensor_587, sensor_547"
U0129,2008-08-06 00:04:00,train,0,33.39387293302469,121.86123781321473,0.396852975978431,0.14298201423065166,0.09601018628547354,0.8648914960316632,False,False,False,False,0,T2,"sensor_551, sensor_102, sensor_091"
U0130,2008-08-06 02:20:00,train,0,24.956525931314907,96.09158000725394,0.41212474505157526,0.10685595986472148,0.07570717861165108,0.8981744093527912,False,False,False,False,0,T2,"sensor_038, sensor_177, sensor_559"
U0131,2008-08-06 03:22:00,train,0,58.701584331110304,378.47333580713075,0.4404110986781453,0.2513416393188743,0.2981858392955431,0.9598209842462966,False,False,False,False,0,SPE,"sensor_253, sensor_118, sensor_018"
U0132,2008-08-06 05:40:00,train,1,24.78860459528945,237.51185695427958,0.4175108802849424,0.10613697375294652,0.1871272444002394,0.9099128183903712,False,False,False,False,0,SPE,"sensor_213, sensor_093, sensor_078"
U0133,2008-08-06 09:56:00,train,0,25.625525394328278,130.21584092496528,0.41468144255982864,0.10972040421751407,0.10259248444274192,0.9037464122522576,False,False,False,False,0,T2,"sensor_038, sensor_201, sensor_337"
U0134,2008-08-06 09:57:00,train,0,59.20206788052013,206.5789886048828,0.4225954088816005,0.25348455176653933,0.16275632460766565,0.9209939134325272,False,False,False,False,0,T2,"sensor_195, sensor_064, sensor_065"
U0135,2008-08-06 12:33:00,train,0,36.12129056545771,95.58325966475931,0.40435207945378077,0.1546599548970608,0.07530669087944529,0.8812348554526191,False,False,False,False,0,T2,"sensor_413, sensor_140, sensor_038"
U0136,2008-08-06 13:35:00,train,0,29.306064732880056,103.14659039427025,0.40558389181257537,0.12547931092284714,0.08126557333714708,0.883919436640908,False,False,False,False,0,T2,"sensor_120, sensor_038, sensor_091"
U0137,2008-08-06 17:35:00,train,0,24.817211533165043,91.8058742046751,0.4049938055922,0.10625945962353203,0.07233062163706151,0.8826334174226577,False,False,False,False,0,T2,"sensor_054, sensor_053, sensor_055"
U0138,2008-08-06 18:00:00,train,0,23.363404947044422,96.18835774943058,0.3955371433050565,0.10003471910295159,0.07578342639331984,0.8620238030614987,False,False,False,False,0,T2,"sensor_038, sensor_177, sensor_075"
U0139,2008-08-06 18:34:00,train,0,17.424567707478243,127.40773647362931,0.4120318295172552,0.07460649421857718,0.10038007764038301,0.897971911550464,False,False,False,False,0,SPE,"sensor_007, sensor_143, sensor_155"
U0140,2008-08-06 19:13:00,train,0,23.627220705075633,83.82148373742737,0.3956058310979526,0.1011642948351448,0.06604000101074382,0.862173499527326,False,False,False,False,0,T2,"sensor_038, sensor_177, sensor_083"
U0141,2008-08-06 19:24:00,train,0,21.587791886931466,104.9179747137078,0.41243978586533675,0.0924321049246444,0.08266118478459558,0.8988610014592342,False,False,False,False,0,T2,"sensor_225, sensor_053, sensor_054"
U0142,2008-08-06 20:00:00,train,0,25.40231382059457,97.04591509622921,0.3993307360955053,0.10876468277495936,0.07645906568678257,0.8702914647459722,False,False,False,False,0,T2,"sensor_065, sensor_064, sensor_250"
U0143,2008-08-06 20:17:00,train,0,31.900484019112977,95.98171338198725,0.39806108614945984,0.13658779468717203,0.07562061855902319,0.8675244212620109,False,False,False,False,0,T2,"sensor_038, sensor_150, sensor_177"
U0144,2008-08-06 21:15:00,train,0,79.74308197505627,104.37284675483872,0.46197162691385124,0.3414346848783072,0.0822316976251047,1.0068094627251025,False,False,True,False,1,T2,"sensor_164, sensor_430, sensor_163"
U0145,2008-08-06 22:27:00,train,0,95.08531984772814,364.5374925449551,0.4672701905298174,0.4071253005861666,0.28720627818442535,1.0183570203598498,False,False,True,False,1,T2,"sensor_430, sensor_431, sensor_026"
U0146,2008-08-06 23:40:00,train,0,19.743747173681772,157.26945663371114,0.39754836425318135,0.08453648802627994,0.1239070774216312,0.866407007925681,False,False,False,False,0,SPE,"sensor_214, sensor_079, sensor_589"
U0147,2008-08-06 23:45:00,train,0,28.3329531801206,92.39025980319843,0.411735330155026,0.121312754675726,0.07279103851107006,0.8973257282218935,False,False,False,False,0,T2,"sensor_054, sensor_053, sensor_055"
U0148,2008-08-07 00:51:00,train,0,26.344321792999406,102.80125130815726,0.4160255496379503,0.11279806331712984,0.08099349280863495,0.9066757257562253,False,False,False,False,0,T2,"sensor_413, sensor_140, sensor_548"
U0149,2008-08-07 07:30:00,train,0,22.947157681553033,151.6043112036836,0.42076760038662947,0.09825247981141072,0.11944370844695418,0.9170104331026208,False,False,False,False,0,SPE,"sensor_247, sensor_023, sensor_118"
U0150,2008-08-07 08:21:00,train,0,45.11274500142777,105.74203443876442,0.43155859030189797,0.19315852224492666,0.08331043247920962,0.9405280478778881,False,False,False,False,0,T2,"sensor_560, sensor_558, sensor_064"
U0151,2008-08-07 08:45:00,train,0,62.638445151628645,230.10165234615738,0.40791497645057734,0.2681980336338557,0.18128900463174316,0.8889997444676724,False,False,False,False,0,T2,"sensor_222, sensor_087, sensor_215"
U0152,2008-08-07 08:55:00,train,0,36.18358320555505,172.60738952473992,0.42026004953639146,0.15492667230269763,0.13599129567287627,0.9159042894152962,False,False,False,False,0,T2,"sensor_413, sensor_558, sensor_140"
U0153,2008-08-07 10:12:00,train,0,22.588964816682957,79.2378511624661,0.3988511549816947,0.09671881112299925,0.062428718003256806,0.8692462776058997,False,False,False,False,0,T2,"sensor_059, sensor_077, sensor_055"
U0154,2008-08-07 11:10:00,train,0,41.316949294781196,146.03193326111375,0.43364382577162625,0.1769061241827763,0.11505342771519897,0.9450725581478315,False,False,False,False,0,T2,"sensor_413, sensor_247, sensor_140"
U0155,2008-08-07 11:40:00,train,1,26.441307144848818,94.16745307379125,0.40437148759187097,0.11321332395449615,0.07419122662696989,0.8812771530655995,False,False,False,False,0,T2,"sensor_059, sensor_055, sensor_120"
U0156,2008-08-08 04:55:00,train,0,20.65434603829356,86.35997821440286,0.39536287242173274,0.0884353846915295,0.06803999159013241,0.8616440014369271,False,False,False,False,0,T2,"sensor_218, sensor_046, sensor_045"
U0157,2008-08-08 07:26:00,train,0,15.330027679065868,104.78087039976685,0.3878907948763163,0.06563833551623759,0.08255316511436879,0.8453595416548464,False,False,False,False,0,SPE,"sensor_038, sensor_014, sensor_423"
U0158,2008-08-08 08:44:00,train,1,52.91793769247392,211.01328035524676,0.4383597817087103,0.22657789156044186,0.1662499472282494,0.9553503951114776,False,False,False,False,0,T2,"sensor_413, sensor_140, sensor_071"
U0159,2008-08-08 12:37:00,train,1,21.10929571997178,74.30371821145549,0.39454289378318486,0.09038333550245851,0.058541288068317716,0.8598569604057765,False,False,False,False,0,T2,"sensor_065, sensor_064, sensor_045"
U0160,2008-08-08 20:21:00,train,0,33.4702290012833,113.3316523034974,0.4209388856930077,0.14330894679280895,0.08929002564685388,0.9173837280351244,False,False,False,False,0,T2,"sensor_065, sensor_064, sensor_565"
U0161,2008-08-08 21:22:00,train,0,27.57808273137682,109.26471641707707,0.4022956596751735,0.1180806378900793,0.08608582980022388,0.8767531453825266,False,False,False,False,0,T2,"sensor_150, sensor_014, sensor_558"
U0162,2008-08-08 21:53:00,train,0,26.509351241201223,122.92687010714171,0.4113576367730872,0.11350466727883844,0.09684976051668696,0.8965025926681258,False,False,False,False,0,T2,"sensor_510, sensor_356, sensor_103"
U0163,2008-08-08 22:06:00,train,0,25.683053543509306,67.07420438689373,0.38795436084174906,0.10996672157822757,0.05284540821755264,0.8454980757374101,False,False,False,False,0,T2,"sensor_065, sensor_356, sensor_064"
U0164,2008-08-08 22:25:00,train,0,84.58889399418933,210.53917478610603,0.45379455009400643,0.3621829210732632,0.16587641611344198,0.9889885450755753,False,False,False,False,0,T2,"sensor_195, sensor_572, sensor_558"
U0165,2008-08-09 02:15:00,train,0,24.143939682551252,80.15369230607604,0.3966722383191983,0.10337672225675129,0.06315027705175973,0.8644976008766687,False,False,False,False,0,T2,"sensor_225, sensor_250, sensor_064"
U0166,2008-08-09 02:37:00,train,0,26.080204138375606,82.07490140000418,0.4039599558640773,0.11166719495910121,0.06466393017322329,0.8803802710632951,False,False,False,False,0,T2,"sensor_247, sensor_385, sensor_562"
U0167,2008-08-09 06:05:00,train,0,17.984258845808696,104.6811202574848,0.39987572426790796,0.07700291485735829,0.08247457548312623,0.8714791984012051,False,False,False,False,0,SPE,"sensor_558, sensor_117, sensor_487"
U0168,2008-08-09 09:16:00,train,1,26.12588744730711,106.49535895648637,0.407766332096845,0.11186279645584428,0.08390395039005473,0.8886757926637096,False,False,False,False,0,T2,"sensor_065, sensor_168, sensor_064"
U0169,2008-08-09 09:22:00,train,0,15.564011730182788,99.17666228910616,0.38836263628396944,0.06664018130374609,0.07813780651189162,0.8463878610720025,False,False,False,False,0,SPE,"sensor_117, sensor_489, sensor_511"
U0170,2008-08-09 11:42:00,train,1,33.07262423900444,208.61828761725812,0.4263485801392685,0.14160652881055363,0.1643630166254346,0.9291734814347687,False,False,False,False,0,SPE,"sensor_107, sensor_345, sensor_227"
U0171,2008-08-09 17:34:00,train,0,38.123829671369805,92.93036960338213,0.4110296038166457,0.1632341947138446,0.0732165720397031,0.8957876858093707,False,False,False,False,0,T2,"sensor_101, sensor_098, sensor_510"
U0172,2008-08-09 19:03:00,train,0,20.944328704481137,137.6655485795028,0.41969041741768576,0.08967699885789565,0.10846184727311771,0.9146628473570115,False,False,False,False,0,SPE,"sensor_182, sensor_183, sensor_239"
U0173,2008-08-09 20:04:00,train,0,44.94557579288918,119.079253838132,0.44326625639322614,0.19244275650544118,0.09381835888831305,0.9660434438902349,False,False,False,False,0,T2,"sensor_164, sensor_159, sensor_163"
U0174,2008-08-09 21:07:00,train,0,59.25059838477067,194.46452342027126,0.44081491111038223,0.25369234405416313,0.15321176326892214,0.9607010430080395,False,False,False,False,0,T2,"sensor_146, sensor_017, sensor_011"
U0175,2008-08-09 22:15:00,train,0,42.25821193152271,119.41678987004406,0.41757323316896483,0.1809363134331001,0.09408429166466978,0.9100487087135094,False,False,False,False,0,T2,"sensor_218, sensor_356, sensor_480"
U0176,2008-08-09 22:37:00,train,0,45.47758966985987,222.14963184132415,0.412144198107841,0.1947206718547776,0.17502388716112321,0.898216804859325,False,False,False,False,0,T2,"sensor_564, sensor_510, sensor_565"
U0177,2008-08-09 23:17:00,train,0,32.189094695912715,80.33202054757098,0.4058720828750565,0.13782353442841325,0.06329077560563239,0.8845475130678461,False,False,False,False,0,T2,"sensor_065, sensor_064, sensor_472"
U0178,2008-08-09 23:34:00,train,0,23.803986148982688,111.81523227614164,0.40770276842956277,0.10192114862287097,0.08809529160405179,0.888537263589678,False,False,False,False,0,T2,"sensor_064, sensor_472, sensor_061"
U0179,2008-08-10 00:09:00,train,0,24.80830242004271,128.64200308476148,0.40843107516010707,0.1062213136156762,0.10135251292322806,0.8901245171467349,False,False,False,False,0,T2,"sensor_145, sensor_064, sensor_065"
U0180,2008-08-10 00:46:00,train,0,44.974966866134544,145.48770583268737,0.4342406721182868,0.1925685997959589,0.11462465005199346,0.9463733102170118,False,False,False,False,0,T2,"sensor_135, sensor_270, sensor_171"
U0181,2008-08-10 06:00:00,train,1,28.813550374760297,121.22788051588267,0.4145113812267607,0.1233705200346888,0.09551118633115402,0.9033757848167151,False,False,False,False,0,T2,"sensor_065, sensor_064, sensor_056"
U0182,2008-08-10 06:41:00,train,0,21.61311975409078,165.53700383006398,0.40292636866195514,0.09254055085033468,0.13042078728286244,0.8781276968465626,False,False,False,False,0,SPE,"sensor_570, sensor_562, sensor_182"
U0183,2008-08-10 07:01:00,train,1,24.663293867894247,132.36449394530163,0.42715223394471935,0.1056004328059408,0.10428533263998031,0.930924944531081,False,False,False,False,0,T2,"sensor_059, sensor_038, sensor_077"
U0184,2008-08-10 11:16:00,train,0,58.86096043377555,82.3050099122801,0.4470880897328215,0.2520240374409793,0.0648452245825526,0.9743726523244586,False,False,False,False,0,T2,"sensor_164, sensor_163, sensor_026"
U0185,2008-08-10 11:49:00,train,0,45.25129601034234,193.40937183654347,0.43472255606544674,0.19375175389457766,0.15238044642091508,0.947423516094756,False,False,False,False,0,T2,"sensor_135, sensor_270, sensor_048"
U0186,2008-08-10 12:22:00,train,0,29.23516755947758,209.36510515290942,0.4239532120058727,0.12517575162390998,0.16495140791380344,0.9239530757585067,False,False,False,False,0,SPE,"sensor_521, sensor_107, sensor_081"
U0187,2008-08-10 15:59:00,train,1,87.00768422160061,170.6815919060922,0.461065077146172,0.37253941669179513,0.13447402741405642,1.0048337507303464,False,False,True,False,1,T2,"sensor_431, sensor_430, sensor_026"
U0188,2008-08-10 19:07:00,train,0,37.281149786968456,96.34672808739764,0.4144649444162006,0.15962610566514365,0.07590820081645197,0.9032745815878437,False,False,False,False,0,T2,"sensor_065, sensor_064, sensor_247"
U0189,2008-08-10 20:07:00,train,1,17.849865655277352,120.77944217298824,0.4128887699432243,0.07642748567250168,0.09515787752179468,0.8998395061809418,False,False,False,False,0,SPE,"sensor_010, sensor_146, sensor_489"
U0190,2008-08-10 22:26:00,train,1,23.90228755179159,144.91347025821784,0.4192156173864018,0.10234204417468387,0.11417223002519979,0.9136280799891706,False,False,False,False,0,SPE,"sensor_485, sensor_002, sensor_238"
U0191,2008-08-11 03:06:00,train,0,23.26743696808882,121.55542965081955,0.41632380593570684,0.09962381453491188,0.0957692507823878,0.9073257381063444,False,False,False,False,0,T2,"sensor_045, sensor_061, sensor_046"
U0192,2008-08-11 04:09:00,train,0,48.4006895697719,125.82499120260343,0.4145945642485795,0.20723646217131522,0.09913308826918882,0.903557071823592,False,False,False,False,0,T2,"sensor_496, sensor_224, sensor_045"
U0193,2008-08-11 05:15:00,train,0,28.226331007532284,98.03145013182896,0.39966911460527904,0.12085623221638438,0.0772355341032927,0.871028918446103,False,False,False,False,0,T2,"sensor_065, sensor_064, sensor_278"
U0194,2008-08-11 11:35:00,train,0,39.46374710318671,145.83865511352798,0.41910872048401254,0.16897129785513604,0.11490115065575317,0.9133951115413452,False,False,False,False,0,T2,"sensor_045, sensor_061, sensor_062"
U0195,2008-08-11 12:38:00,train,0,25.477461212148807,110.5525711815238,0.4008330111360847,0.10908644016530919,0.08710048530563314,0.8735654855696648,False,False,False,False,0,T2,"sensor_065, sensor_064, sensor_510"
U0196,2008-08-12 04:23:00,train,0,58.94032759633271,94.18431424628014,0.44928800173406397,0.25236386255766924,0.07420451095216385,0.9791670857722652,False,False,False,False,0,T2,"sensor_164, sensor_163, sensor_430"
U0197,2008-08-12 06:16:00,train,0,60.70480506369512,120.90212375500765,0.4603905931673896,0.2599187976457337,0.09525453402844804,1.0033637971385403,False,False,True,False,1,T2,"sensor_164, sensor_163, sensor_026"
U0198,2008-08-12 10:54:00,train,0,27.74640456517355,85.19700837838073,0.39832739950973944,0.11880133880678706,0.0671237285305694,0.8681048179694252,False,False,False,False,0,T2,"sensor_083, sensor_407, sensor_269"
U0199,2008-08-12 11:29:00,train,0,23.873561225194774,130.95326292272497,0.4182536386996278,0.10221904711931093,0.1031734733170256,0.9115315675880648,False,False,False,False,0,SPE,"sensor_038, sensor_413, sensor_316"
U0200,2008-08-12 12:04:00,train,0,37.83401519875556,159.1900037684727,0.4370935714065753,0.16199330069922435,0.12542020900873294,0.9525908479018232,False,False,False,False,0,T2,"sensor_064, sensor_065, sensor_273"
U0201,2008-08-13 02:48:00,train,0,27.354106264307074,106.82799900375517,0.41124357897388064,0.11712164141590194,0.08416602579218742,0.8962540179400503,False,False,False,False,0,T2,"sensor_045, sensor_046, sensor_061"
U0202,2008-08-15 03:26:00,train,0,25.70004948069788,118.6134310601426,0.4057731688646795,0.11003949281197557,0.09345135349354322,0.8843319423361349,False,False,False,False,0,T2,"sensor_064, sensor_065, sensor_472"
U0203,2008-08-15 04:14:00,train,0,34.73683181388651,164.3051534890678,0.4279484515448935,0.1487321398959101,0.12945025569433427,0.9326602013467407,False,False,False,False,0,T2,"sensor_555, sensor_161, sensor_549"
U0204,2008-08-15 05:13:00,train,0,18.085287523542867,103.19748873729156,0.3975156198220206,0.07743548773881061,0.08130567435271849,0.8663356455275952,False,False,False,False,0,SPE,"sensor_001, sensor_571, sensor_071"
U0205,2008-08-15 09:38:00,train,0,28.304308687776395,94.74637045353631,0.3997765352915052,0.12119010800876995,0.07464733528359142,0.8712630284153827,False,False,False,False,0,T2,"sensor_558, sensor_218, sensor_356"
U0206,2008-08-15 10:14:00,train,0,24.47712335037341,121.86161091924633,0.4038054881097499,0.10480330946421641,0.0960104802426025,0.8800436278850514,False,False,False,False,0,T2,"sensor_558, sensor_560, sensor_144"
U0207,2008-08-15 11:42:00,train,0,25.1708065188993,123.22577451833446,0.4209476194271448,0.10777344164602887,0.09708525679684255,0.917402762117873,False,False,False,False,0,T2,"sensor_045, sensor_064, sensor_356"
U0208,2008-08-15 18:19:00,train,0,23.128878962162002,123.51345175789204,0.396935342078263,0.0990305529262649,0.09731190758306178,0.8650710026590995,False,False,False,False,0,T2,"sensor_412, sensor_081, sensor_216"
U0209,2008-08-15 19:19:00,train,0,26.089053796205103,94.15403231062245,0.4088138320472031,0.11170508639817602,0.07418065287936113,0.8909586879775842,False,False,False,False,0,T2,"sensor_225, sensor_250, sensor_558"
U0210,2008-08-15 20:00:00,train,0,19.191243025209733,82.32533511014637,0.3918249783475129,0.08217083980758536,0.06486123809159326,0.8539336031688798,False,False,False,False,0,T2,"sensor_485, sensor_081, sensor_476"
U0211,2008-08-15 20:03:00,train,0,33.526820628985774,130.7729484214444,0.4343229028887323,0.14355125426441367,0.10303140985887776,0.9465525219109524,False,False,False,False,0,T2,"sensor_412, sensor_139, sensor_142"
U0212,2008-08-15 23:31:00,train,0,24.750817445630613,97.6317954473631,0.391704395515601,0.10597518111568364,0.07692066022383776,0.8536708079469694,False,False,False,False,0,T2,"sensor_558, sensor_496, sensor_224"
U0213,2008-08-16 02:21:00,train,0,24.55676717553028,90.4133269874949,0.39412533324362853,0.10514431916275609,0.0712334826277096,0.8589469393612064,False,False,False,False,0,T2,"sensor_059, sensor_065, sensor_064"
U0214,2008-08-16 05:47:00,train,0,26.478240277724023,92.97502059982915,0.40753475508799586,0.11337145996168933,0.07325175099048055,0.8881710994958273,False,False,False,False,0,T2,"sensor_439, sensor_168, sensor_051"
U0215,2008-08-16 06:52:00,train,0,25.102659650919517,103.24192259988244,0.3921218016996471,0.10748165828604536,0.08134068223136216,0.8545804925929833,False,False,False,False,0,T2,"sensor_100, sensor_510, sensor_103"
U0216,2008-08-16 07:33:00,train,0,24.82417270019577,74.69220483508236,0.4022289985273802,0.10628926514161152,0.05884736302515511,0.8766078657365821,False,False,False,False,0,T2,"sensor_247, sensor_555, sensor_385"
U0217,2008-08-16 08:39:00,train,0,17.076505858933785,104.63078277764605,0.3913895481568589,0.07311620334151889,0.08243491635194403,0.8529846374515795,False,False,False,False,0,SPE,"sensor_571, sensor_071, sensor_171"
U0218,2008-08-16 08:41:00,train,0,23.053505484175446,122.00830229246901,0.4011554256173567,0.09870782750523627,0.09612605321988646,0.8742681476635097,False,False,False,False,0,T2,"sensor_001, sensor_137, sensor_079"
U0219,2008-08-16 09:44:00,train,1,24.205796426308257,123.37611175701534,0.4132443713006256,0.10364157329196558,0.09720370222338186,0.9006144949264221,False,False,False,False,0,T2,"sensor_138, sensor_273, sensor_558"
U0220,2008-08-16 13:51:00,train,0,36.59730293679725,132.36754514157957,0.42026015149135604,0.15669808949107272,0.10428773657028904,0.9159045116134078,False,False,False,False,0,T2,"sensor_135, sensor_270, sensor_250"
U0221,2008-08-16 14:30:00,train,0,18.74461370183349,104.67551755251924,0.3851870446522371,0.08025851414236866,0.08247016130879894,0.8394670557274461,False,False,False,False,0,SPE,"sensor_432, sensor_510, sensor_511"
U0222,2008-08-16 15:16:00,train,0,25.44256134616179,116.11598983400516,0.41014359873244954,0.10893700996458909,0.09148370732761468,0.8938567483863294,False,False,False,False,0,T2,"sensor_558, sensor_098, sensor_560"
U0223,2008-08-16 15:19:00,train,1,17.570103254201648,76.64420945251226,0.3981168954179007,0.07522963145259631,0.06038527885723297,0.8676460505922565,False,False,False,False,0,T2,"sensor_143, sensor_061, sensor_059"
U0224,2008-08-16 23:48:00,train,0,25.690985666566885,89.32285840953068,0.40403181310557895,0.11000068442327321,0.07037434076120996,0.8805368749465087,False,False,False,False,0,T2,"sensor_472, sensor_083, sensor_094"
U0225,2008-08-17 00:52:00,train,0,14.08057357847645,94.31811732515277,0.39006034457625616,0.060288567780421964,0.07430992969530695,0.8500878042590759,False,False,False,False,0,SPE,"sensor_499, sensor_009, sensor_511"
U0226,2008-08-17 01:53:00,train,0,15.982450236190658,89.93315677674394,0.3880206679615638,0.06843180279492994,0.07085517339492797,0.8456425838235917,False,False,False,False,0,SPE,"sensor_001, sensor_482, sensor_040"
U0227,2008-08-17 03:17:00,train,0,16.43593473629968,87.7080101043035,0.3858933580774237,0.07037348016125437,0.06910205853767563,0.8410063776223388,False,False,False,False,0,T2,"sensor_115, sensor_031, sensor_188"
U0228,2008-08-17 03:18:00,train,0,24.163967239428892,172.11331150674607,0.43534092920996553,0.10346247392826982,0.13560202896757778,0.9487711831312701,False,False,False,False,0,SPE,"sensor_221, sensor_160, sensor_022"
U0229,2008-08-17 03:46:00,train,0,30.102702173695626,109.60880920980998,0.40951985418295805,0.1288902607736719,0.08635692841798462,0.8924973750435411,False,False,False,False,0,T2,"sensor_064, sensor_065, sensor_433"
U0230,2008-08-17 04:19:00,train,0,18.741219179917035,89.57047517875208,0.3945450138412225,0.08024397987190718,0.07056942931083386,0.859861580807484,False,False,False,False,0,T2,"sensor_098, sensor_101, sensor_094"
U0231,2008-08-17 05:21:00,train,0,12.293643019559777,97.92084280559354,0.3844765586470057,0.05263749564761955,0.07714839047840455,0.837918640215482,False,False,False,False,0,SPE,"sensor_081, sensor_460, sensor_571"
U0232,2008-08-17 12:16:00,train,1,11.533379181648872,112.82677171460927,0.4073604428163187,0.04938228607341875,0.08889224797561958,0.8877912076705088,False,False,False,False,0,SPE,"sensor_468, sensor_419, sensor_564"
U0233,2008-08-17 13:34:00,train,0,25.434409280540685,128.37680389560447,0.40794140695309905,0.10890210539496988,0.10114357180289618,0.8890573464468702,False,False,False,False,0,T2,"sensor_212, sensor_316, sensor_064"
U0234,2008-08-17 14:21:00,train,0,28.785730207490072,118.9856440001678,0.4142007868797462,0.12325140286728184,0.09374460698703274,0.902698883229204,False,False,False,False,0,T2,"sensor_555, sensor_549, sensor_250"
U0235,2008-08-17 15:25:00,train,0,37.956043838161534,127.56754799074398,0.4012181116658682,0.1625157887823253,0.10050598751791323,0.8744047640770412,False,False,False,False,0,T2,"sensor_135, sensor_270, sensor_548"
U0236,2008-08-17 21:26:00,train,1,21.296703001636963,172.57531203291256,0.40637513744221854,0.09118575427753504,0.13596602294447485,0.8856438576677717,False,False,False,False,0,SPE,"sensor_253, sensor_486, sensor_500"
U0237,2008-08-17 22:03:00,train,1,25.06277862555748,103.99369940381001,0.4023834299628099,0.10731090033451084,0.08193298075290531,0.8769444297623245,False,False,False,False,0,T2,"sensor_115, sensor_083, sensor_356"
U0238,2008-08-17 22:21:00,train,0,21.06258419273935,88.46554485460227,0.39564528643566,0.0901833314997818,0.06969889354279338,0.8622594875080688,False,False,False,False,0,T2,"sensor_030, sensor_565, sensor_569"
U0239,2008-08-17 23:04:00,train,1,25.5577665806946,91.4345139135955,0.39817251419393945,0.10943028238364791,0.07203803991570865,0.8677672647681034,False,False,False,False,0,T2,"sensor_559, sensor_065, sensor_064"
U0240,2008-08-17 23:20:00,train,0,20.895992552495763,92.17304464735349,0.4019072096788644,0.08947003872527226,0.07261990232411726,0.8759065671311906,False,False,False,False,0,T2,"sensor_116, sensor_254, sensor_225"
U0241,2008-08-17 23:55:00,train,1,28.295501277553974,165.59552244675447,0.40563703379910004,0.12115239746060194,0.13046689204423237,0.8840352529633486,False,False,False,False,0,SPE,"sensor_510, sensor_269, sensor_562"
U0242,2008-08-18 00:02:00,train,1,20.149401173176553,87.97310877334289,0.39944905202460634,0.08627337029940865,0.06931092046173974,0.8705493195363321,False,False,False,False,0,T2,"sensor_064, sensor_103, sensor_510"
U0243,2008-08-18 00:20:00,train,0,15.003068194012268,106.18583424062018,0.38682898671614885,0.0642383982930667,0.08366008674511276,0.8430454633847221,False,False,False,False,0,SPE,"sensor_571, sensor_485, sensor_482"
U0244,2008-08-18 01:23:00,train,1,156.56962027992412,473.04188340329983,0.4036618288591348,0.6703816511445334,0.37269307419965364,0.8797305404907162,False,False,False,False,0,T2,"sensor_222, sensor_087, sensor_223"
U0245,2008-08-18 04:01:00,train,1,26.007907692185015,93.52656497633457,0.40068882469695577,0.11135764441613841,0.07368629341991292,0.873251249233807,False,False,False,False,0,T2,"sensor_555, sensor_549, sensor_102"
U0246,2008-08-18 04:12:00,train,0,25.66898938614485,228.25799691991557,0.3896035641518843,0.10990650329948944,0.17983645331931505,0.8490923083739338,False,False,False,False,0,SPE,"sensor_041, sensor_460, sensor_001"
U0247,2008-08-18 04:35:00,train,0,28.67292306643127,127.21129744201384,0.40715876498571996,0.12276839832688193,0.10022531023150401,0.8873516760273532,False,False,False,False,0,T2,"sensor_214, sensor_247, sensor_055"
U0248,2008-08-18 05:03:00,train,0,20.599049797637957,106.14687346435721,0.40830575029670035,0.0881986236580256,0.08362939091882739,0.8898513872594396,False,False,False,False,0,T2,"sensor_356, sensor_218, sensor_066"
U0249,2008-08-18 05:25:00,train,0,67.01469291112711,219.5927561909936,0.4353187022190547,0.28693574401205685,0.17300941470128084,0.9487227421806289,False,False,False,False,0,T2,"sensor_039, sensor_034, sensor_510"
U0250,2008-08-18 06:07:00,train,0,33.22000209293551,201.76730848224892,0.43040706052141303,0.1422375542220211,0.15896537095242472,0.9380184325421,False,False,False,False,0,SPE,"sensor_570, sensor_222, sensor_023"
U0251,2008-08-18 06:11:00,train,0,25.83065483874097,80.83609211829443,0.40381735815560876,0.11059870369475545,0.06368791587988884,0.8800694971674866,False,False,False,False,0,T2,"sensor_218, sensor_356, sensor_083"
U0252,2008-08-18 06:26:00,train,0,49.50346921601998,99.58421175488141,0.40901492895939867,0.2119582162304912,0.07845890041206684,0.891396953581634,False,False,False,False,0,T2,"sensor_039, sensor_034, sensor_035"
U0253,2008-08-18 07:11:00,train,0,10.496051111748399,83.64894421120411,0.37911465479598605,0.04494077498694383,0.06590406318218102,0.82623304044934,False,False,False,False,0,SPE,"sensor_009, sensor_238, sensor_582"
U0254,2008-08-18 07:23:00,train,0,36.70992076600028,131.36647409891611,0.4096500074626758,0.1571802834579129,0.1034990278798486,0.8927810278611393,False,False,False,False,0,T2,"sensor_570, sensor_572, sensor_573"
U0255,2008-08-18 07:29:00,train,0,23.205836584402856,213.0513323187072,0.3919029778222974,0.09936006115253349,0.16785565674000763,0.8541035932823965,False,False,False,False,0,SPE,"sensor_210, sensor_214, sensor_079"
U0256,2008-08-18 08:18:00,train,0,22.994287057079646,129.0464446561167,0.42389684079888296,0.09845427290847804,0.10167115822262114,0.9238302217533774,False,False,False,False,0,SPE,"sensor_487, sensor_000, sensor_092"
U0257,2008-08-18 08:31:00,train,0,15.823394861688536,116.46214789950861,0.40240769138726395,0.06775077792949623,0.09175643310120436,0.8769973045067816,False,False,False,False,0,SPE,"sensor_156, sensor_247, sensor_571"
U0258,2008-08-18 10:13:00,train,0,20.650735462832067,107.19610637431157,0.4035884509947695,0.08841992534804301,0.0844560446517886,0.87957062259989,False,False,False,False,0,T2,"sensor_559, sensor_218, sensor_356"
U0259,2008-08-18 11:04:00,train,0,38.05643764138605,268.3474245434095,0.4062646882998892,0.16294564333169445,0.21142150434357335,0.8854031475566553,False,False,False,False,0,SPE,"sensor_041, sensor_214, sensor_488"
U0260,2008-08-18 12:00:00,train,0,20.878766772320475,96.09399976638502,0.39170348610524824,0.0893962833764663,0.07570908505482457,0.8536688260006867,False,False,False,False,0,T2,"sensor_316, sensor_051, sensor_180"
U0261,2008-08-18 12:06:00,train,0,19.38660077823568,69.23828770803966,0.3857877445785262,0.08300729998934524,0.05455041340647889,0.8407762061921324,False,False,False,False,0,T2,"sensor_180, sensor_218, sensor_316"
U0262,2008-08-18 12:22:00,train,0,14.16928812241473,113.59270056837758,0.4023836664469459,0.060668415431195784,0.0894956963998382,0.876944945149963,False,False,False,False,0,SPE,"sensor_212, sensor_571, sensor_081"
U0263,2008-08-18 12:49:00,train,0,15.983262137775167,98.26272601957334,0.3961292563260847,0.06843527910102187,0.07741774824672452,0.8633142394386338,False,False,False,False,0,SPE,"sensor_000, sensor_116, sensor_489"
U0264,2008-08-18 13:07:00,train,0,50.76848543718588,130.0849544175657,0.42687282860522213,0.21737461605028788,0.10248936356375538,0.9303160154900899,False,False,False,False,0,T2,"sensor_034, sensor_039, sensor_035"
U0265,2008-08-18 14:01:00,train,0,27.92012823672929,103.1472072908029,0.39693261783231476,0.11954516868625036,0.08126605936824345,0.8650650655053012,False,False,False,False,0,T2,"sensor_496, sensor_224, sensor_208"
U0266,2008-08-18 14:04:00,train,0,17.197430287755086,92.7174443037627,0.3961545368769076,0.07363396354373436,0.07304881567969725,0.8633693352417277,False,False,False,False,0,T2,"sensor_055, sensor_030, sensor_031"
U0267,2008-08-18 14:45:00,train,0,47.9058130777524,95.81192173857914,0.3996906584327735,0.20511755737203477,0.07548684569075219,0.8710758705274021,False,False,False,False,0,T2,"sensor_135, sensor_270, sensor_065"
U0268,2008-08-18 15:00:00,train,0,20.07874240242631,86.49245513283583,0.40411369127990193,0.08597083176531307,0.0681443654980749,0.8807153182012378,False,False,False,False,0,T2,"sensor_460, sensor_077, sensor_188"
U0269,2008-08-18 15:26:00,train,0,22.69347371909071,109.18844986941026,0.40786572442419605,0.09716628522704418,0.08602574206781413,0.8888924058275262,False,False,False,False,0,T2,"sensor_055, sensor_181, sensor_270"
U0270,2008-08-18 15:30:00,train,0,18.002849768522097,107.0623588470493,0.39528419366423734,0.07708251531524168,0.08435066967580686,0.8614725309115813,False,False,False,False,0,SPE,"sensor_171, sensor_159, sensor_559"
U0271,2008-08-18 15:33:00,train,0,10.175804435336625,95.67229223513507,0.3847160999264234,0.04356957988969161,0.07537683651246728,0.8384406905163677,False,False,False,False,0,SPE,"sensor_208, sensor_001, sensor_499"
U0272,2008-08-18 15:41:00,train,0,20.971785295656495,156.64378831981685,0.4061087138591208,0.08979455930732402,0.12341413534712198,0.8850632207434915,False,False,False,False,0,SPE,"sensor_212, sensor_432, sensor_171"
U0273,2008-08-18 16:19:00,train,0,16.699308524143486,102.12418859069898,0.39354127383937737,0.07150116351673072,0.08046005888988748,0.857674054835977,False,False,False,False,0,SPE,"sensor_101, sensor_418, sensor_095"
U0274,2008-08-18 17:13:00,train,1,77.49776183205586,317.94015554996844,0.4260915808350722,0.33182093335919655,0.25049387409615415,0.9286133835493051,False,False,False,False,0,T2,"sensor_114, sensor_521, sensor_135"
U0275,2008-08-18 17:16:00,train,0,15.917874335924312,97.01439510696181,0.3933630303041887,0.0681553091905685,0.07643423219505391,0.8572855953128319,False,False,False,False,0,SPE,"sensor_433, sensor_489, sensor_001"
U0276,2008-08-18 17:37:00,train,0,471.97465115676516,477.58443404691445,0.4868978656636503,2.020846351770885,0.3762719901973159,1.0611330869075952,True,False,True,True,2,T2,"sensor_200, sensor_202, sensor_197"
U0277,2008-08-18 19:24:00,train,0,10.282011557598091,121.0018003286294,0.3903980485008813,0.044024325234654806,0.09533306569752882,0.8508237877851278,False,False,False,False,0,SPE,"sensor_001, sensor_024, sensor_083"
U0278,2008-08-18 19:54:00,train,1,12.698169200212432,92.50300618104518,0.3976069084872704,0.05436954895676263,0.07287986741954275,0.8665345977719724,False,False,False,False,0,SPE,"sensor_562, sensor_407, sensor_418"
U0279,2008-08-18 23:00:00,train,0,21.41613521186841,80.4575105083691,0.3969185493011394,0.09169712527116494,0.063389644735221,0.8650344048986994,False,False,False,False,0,T2,"sensor_188, sensor_043, sensor_564"
U0280,2008-08-18 23:03:00,train,0,23.00954835701738,90.19056924967816,0.4087223383539254,0.0985196169735181,0.07105797963522319,0.8907592889002273,False,False,False,False,0,T2,"sensor_054, sensor_555, sensor_055"
U0281,2008-08-18 23:47:00,train,0,21.757303243190627,119.19138568232921,0.4029072164799846,0.09315789900074678,0.09390670362732194,0.8780859570579773,False,False,False,False,0,SPE,"sensor_247, sensor_484, sensor_040"
U0282,2008-08-19 01:10:00,train,0,43.333111745396565,112.62285563710978,0.40236175113027406,0.18553869485774296,0.08873158966508003,0.8768971834543992,False,False,False,False,0,T2,"sensor_034, sensor_039, sensor_035"
U0283,2008-08-19 03:59:00,train,1,49.065694229013786,171.7114801305744,0.40367902694369967,0.21008380203638194,0.13528544014923075,0.8797680215680636,False,False,False,False,0,T2,"sensor_114, sensor_521, sensor_248"
U0284,2008-08-19 04:58:00,train,0,20.55425754148143,140.29272036986572,0.4035950285649299,0.08800683736776689,0.1105317035910332,0.8795849575925464,False,False,False,False,0,SPE,"sensor_146, sensor_010, sensor_433"
U0285,2008-08-19 05:09:00,train,0,22.684329181119935,110.18343741728059,0.3875349004329709,0.09712713120436185,0.0868096577865202,0.8445839141651559,False,False,False,False,0,T2,"sensor_247, sensor_385, sensor_138"
U0286,2008-08-19 05:11:00,train,0,27.617197124566978,161.09828692448826,0.4035192023553103,0.11824811336484545,0.12692367823801576,0.8794197038390257,False,False,False,False,0,SPE,"sensor_214, sensor_483, sensor_115"
U0287,2008-08-19 05:11:00,train,0,35.55593053585622,172.8071892851816,0.42401196446322886,0.1522392618567522,0.13614871088187983,0.9240811194014025,False,False,False,False,0,T2,"sensor_496, sensor_146, sensor_224"
U0288,2008-08-19 05:40:00,train,0,31.374654317019,128.7513345550091,0.40563314053255267,0.13433635802097607,0.1014386513460252,0.8840267680751597,False,False,False,False,0,T2,"sensor_146, sensor_145, sensor_569"
U0289,2008-08-19 05:41:00,train,0,25.78980677649777,116.98779892544744,0.4011506655979227,0.1104238051967985,0.09217057506978418,0.8742577737956578,False,False,False,False,0,T2,"sensor_145, sensor_146, sensor_138"
U0290,2008-08-19 05:53:00,train,0,25.79266893387904,146.08073139148848,0.4010580868707901,0.11043606005050294,0.1150918740470411,0.8740560100225301,False,False,False,False,0,SPE,"sensor_563, sensor_145, sensor_146"
U0291,2008-08-19 05:54:00,train,0,28.295945845526287,87.12704727743858,0.4074796856461603,0.12115430096021311,0.06864433834515853,0.8880510825252669,False,False,False,False,0,T2,"sensor_055, sensor_589, sensor_050"
U0292,2008-08-19 05:56:00,train,1,16.545136394815383,142.29020610145224,0.41069018248680744,0.07084104716443543,0.11210545239445624,0.8950479594131528,False,False,False,False,0,SPE,"sensor_115, sensor_221, sensor_040"
U0293,2008-08-19 06:24:00,train,0,30.944054072320462,164.8608653670427,0.3998519922325535,0.13249266380681018,0.12988808155170165,0.8714274773941723,False,False,False,False,0,T2,"sensor_145, sensor_146, sensor_138"
U0294,2008-08-19 07:43:00,train,0,20.080289119644377,98.77725153371824,0.3936847261120375,0.08597745431980766,0.07782312481558393,0.85798669114771,False,False,False,False,0,T2,"sensor_247, sensor_316, sensor_053"
U0295,2008-08-19 07:58:00,train,1,16.566775895272414,110.16389901591356,0.3881719750812267,0.07093370066912166,0.08679426416678819,0.8459723387933329,False,False,False,False,0,SPE,"sensor_071, sensor_484, sensor_081"
U0296,2008-08-19 08:01:00,train,0,40.305958701761966,143.87208330872812,0.42841481211999494,0.17257738185186877,0.11335175784873115,0.9336765759738811,False,False,False,False,0,T2,"sensor_146, sensor_145, sensor_356"
U0297,2008-08-19 08:07:00,train,0,25.981417677708766,95.97905136411345,0.4054507921546516,0.1112442225427783,0.07561852124870086,0.8836293625599988,False,False,False,False,0,T2,"sensor_559, sensor_560, sensor_098"
U0298,2008-08-19 08:33:00,train,0,28.768969100359108,125.89174106067878,0.40767194719270367,0.12317963710165389,0.09918567813634711,0.8884700925533744,False,False,False,False,0,T2,"sensor_064, sensor_214, sensor_065"
U0299,2008-08-19 09:04:00,train,0,26.999383418971725,125.44629142283472,0.4261489137867304,0.11560283025490246,0.09883472402265464,0.928738333556822,False,False,False,False,0,T2,"sensor_146, sensor_145, sensor_051"
U0300,2008-08-19 09:05:00,train,0,27.073125969082454,136.43192457207334,0.4156800677012314,0.11591857255800352,0.10748991827514481,0.905922791024253,False,False,False,False,0,T2,"sensor_145, sensor_496, sensor_091"
U0301,2008-08-19 10:46:00,train,0,206.33103135524146,377.76106112903244,0.4132746515644343,0.8834442929284998,0.2976246631105821,0.9006804869795274,False,False,False,False,0,T2,"sensor_222, sensor_087, sensor_223"
U0302,2008-08-19 11:11:00,train,0,17.183114449938582,80.57322199513163,0.3908354190740871,0.0735726676488105,0.06348080974879546,0.8517769823238548,False,False,False,False,0,T2,"sensor_008, sensor_059, sensor_208"
U0303,2008-08-19 11:13:00,train,0,29.547769114963337,141.9669861173477,0.40111206467891114,0.12651421272857527,0.11185079872900906,0.8741736479137496,False,False,False,False,0,T2,"sensor_570, sensor_045, sensor_046"
U0304,2008-08-19 11:13:00,train,0,32.01959233705247,96.80137462500608,0.40752016183415607,0.13709777887633062,0.0762664008442306,0.8881392953217138,False,False,False,False,0,T2,"sensor_555, sensor_549, sensor_054"
U0305,2008-08-19 11:28:00,train,0,25.406553473744854,131.63272121554482,0.4039680491255058,0.10878283563037336,0.10370879462540451,0.8803979093157674,False,False,False,False,0,T2,"sensor_247, sensor_216, sensor_083"
U0306,2008-08-19 11:44:00,train,0,34.427858648952174,133.95926471080003,0.4212776494202676,0.1474092144133183,0.10554179647561619,0.9181220212686542,False,False,False,False,0,T2,"sensor_146, sensor_145, sensor_061"
U0307,2008-08-19 11:46:00,train,0,11.598209177320145,76.27701953290776,0.3785521872749248,0.049659867634031206,0.06009598282499167,0.825007212736796,False,False,False,False,0,SPE,"sensor_482, sensor_486, sensor_571"
U0308,2008-08-19 11:57:00,train,0,22.327111999465142,92.21185755913261,0.40254621762095266,0.095597640083244,0.07265048165317271,0.877299205131816,False,False,False,False,0,T2,"sensor_138, sensor_337, sensor_273"
U0309,2008-08-19 11:58:00,train,0,45.33186892615229,248.22199267731304,0.4078936167847938,0.19409674166577898,0.19556538391337375,0.8889531937438213,False,False,False,False,0,SPE,"sensor_041, sensor_144, sensor_180"
U0310,2008-08-19 12:30:00,train,0,33.723341510641276,121.7542913464099,0.41845579014491197,0.14439269459551404,0.09592592692306462,0.9119721314152749,False,False,False,False,0,T2,"sensor_145, sensor_064, sensor_065"
U0311,2008-08-19 15:33:00,train,0,24.13284874790207,115.44515534957662,0.39960418402063935,0.10332923437839046,0.0909551804147712,0.8708874103464125,False,False,False,False,0,T2,"sensor_146, sensor_145, sensor_138"
U0312,2008-08-19 18:12:00,train,0,46.737131221733264,138.03275096386045,0.4187905107244335,0.200113630870201,0.10875115312589992,0.9127016131132796,False,False,False,False,0,T2,"sensor_039, sensor_034, sensor_035"
U0313,2008-08-19 18:12:00,train,0,19.465581475432224,115.15749501726802,0.42409357349813254,0.08334547038345172,0.09072854294917922,0.9242589761003815,False,False,False,False,0,SPE,"sensor_117, sensor_558, sensor_171"
U0314,2008-08-19 18:30:00,train,0,54.63376126995731,132.53002076016446,0.42872819972320403,0.23392450606260098,0.104415745399734,0.9343595651144035,False,False,False,False,0,T2,"sensor_034, sensor_039, sensor_035"
U0315,2008-08-19 18:30:00,train,0,23.7530230690259,97.89575658972744,0.4009374714834615,0.10170294081456333,0.0771286259306146,0.873793143850155,False,False,False,False,0,T2,"sensor_247, sensor_210, sensor_385"
U0316,2008-08-19 19:38:00,train,0,30.345961856944967,82.72683256658397,0.4079312772028001,0.12993182188764812,0.0651775638263179,0.8890352699212528,False,False,False,False,0,T2,"sensor_208, sensor_210, sensor_059"
U0317,2008-08-19 20:53:00,train,0,19.675499909574732,200.89816567772723,0.4239039645022312,0.0842442748017963,0.1582806038840095,0.923845746975107,False,False,False,False,0,SPE,"sensor_145, sensor_589, sensor_010"
U0318,2008-08-20 00:05:00,train,0,23.065091862028364,127.3208940663287,0.40191499637055117,0.09875743671487691,0.10031165755987152,0.8759235372531999,False,False,False,False,0,SPE,"sensor_024, sensor_510, sensor_161"
U0319,2008-08-20 01:33:00,train,0,55.54754910353178,130.1762739089549,0.42904425097286475,0.2378370568855015,0.10256131098146674,0.9350483593396901,False,False,False,False,0,T2,"sensor_039, sensor_034, sensor_035"
U0320,2008-08-20 01:42:00,train,0,22.05738985911074,115.01336665827449,0.39335235992181844,0.09444277508786528,0.0906149892807256,0.8572623405471377,False,False,False,False,0,T2,"sensor_115, sensor_088, sensor_090"
U0321,2008-08-20 02:13:00,train,0,24.419875773580404,86.16997960006421,0.39660742462048915,0.10455819342583103,0.06789029835966813,0.8643563475152652,False,False,False,False,0,T2,"sensor_570, sensor_072, sensor_073"
U0322,2008-08-20 02:27:00,train,1,25.36080533971346,217.7467770133278,0.405939804489122,0.10858695657303186,0.17155503258677732,0.8846951038675833,False,False,False,False,0,SPE,"sensor_570, sensor_072, sensor_418"
U0323,2008-08-20 03:00:00,train,0,41.54736416003529,134.0564564274272,0.41075447723335856,0.17789268784398415,0.1056183704132048,0.8951880817831426,False,False,False,False,0,T2,"sensor_034, sensor_039, sensor_035"
U0324,2008-08-20 03:12:00,train,1,16.61591334413297,125.52637549998155,0.40056491293496904,0.07114409170182184,0.09889781945236915,0.8729811990245667,False,False,False,False,0,SPE,"sensor_117, sensor_001, sensor_247"
U0325,2008-08-20 06:36:00,train,0,17.680389755067022,103.55371261300772,0.4043687477837201,0.07570184340799928,0.08158633062439746,0.8812711819959241,False,False,False,False,0,SPE,"sensor_000, sensor_487, sensor_489"
U0326,2008-08-20 07:12:00,train,0,16.06841098157095,120.11082488951918,0.40059421079222257,0.0687998595502483,0.09463109746366047,0.8730450500452831,False,False,False,False,0,SPE,"sensor_131, sensor_079, sensor_418"
U0327,2008-08-20 08:40:00,train,1,14.953427283484316,105.82539414659328,0.39116173467763327,0.06402585159655846,0.08337610866321178,0.8524881464264641,False,False,False,False,0,SPE,"sensor_089, sensor_460, sensor_559"
U0328,2008-08-20 09:17:00,train,1,19.28703958587437,166.65174106372802,0.4071839303931705,0.08258101041665697,0.13129904957023134,0.887406520889848,False,False,False,False,0,SPE,"sensor_239, sensor_210, sensor_126"
U0329,2008-08-20 10:26:00,train,0,18.7320556899446,99.18716760524372,0.3994239775174984,0.08020474470274098,0.07814608328125203,0.8704946727797811,False,False,False,False,0,T2,"sensor_210, sensor_181, sensor_176"
U0330,2008-08-20 16:08:00,train,0,32.37937547580348,232.16569360845074,0.3953367292747156,0.1386382566151068,0.1829151901986208,0.8615870257131621,False,False,False,False,0,SPE,"sensor_131, sensor_432, sensor_023"
U0331,2008-08-20 16:16:00,train,0,31.325241998304424,112.56134169271323,0.40179559432394524,0.13412479008239683,0.08868312499028558,0.8756633154053893,False,False,False,False,0,T2,"sensor_054, sensor_210, sensor_053"
U0332,2008-08-20 17:09:00,train,0,21.158857621881673,98.55216309668197,0.3805569351131552,0.09059554390902433,0.07764578554709822,0.8293763102664251,False,False,False,False,0,T2,"sensor_210, sensor_001, sensor_086"
U0333,2008-08-20 17:35:00,train,0,27.74577954106411,137.6537380772815,0.42564853705978717,0.11879866265100575,0.10845254219351454,0.9276478249752034,False,False,False,False,0,T2,"sensor_546, sensor_368, sensor_228"
U0334,2008-08-20 17:36:00,train,0,23.708433781785075,83.29563555083567,0.39628527084267734,0.10151202357308046,0.0656257037062151,0.8636542535920512,False,False,False,False,0,T2,"sensor_091, sensor_102, sensor_051"
U0335,2008-08-20 18:29:00,train,0,34.337128743716406,141.02369390030213,0.4179185093838294,0.14702073762215412,0.11110761194455347,0.9108011951003939,False,False,False,False,0,T2,"sensor_549, sensor_555, sensor_546"
U0336,2008-08-20 18:35:00,train,0,39.90427812199634,111.28294736507277,0.4279535937426566,0.17085751250675227,0.0876759230305354,0.9326714081245284,False,False,False,False,0,T2,"sensor_368, sensor_367, sensor_356"
U0337,2008-08-20 19:20:00,train,1,24.54485813978084,118.16813982399003,0.420210859914722,0.10509332843393542,0.09310052417897621,0.9157970867784254,False,False,False,False,0,T2,"sensor_070, sensor_061, sensor_066"
U0338,2008-08-20 20:19:00,train,0,60.9235155347029,155.14651686690948,0.4108270593897197,0.26085524678838773,0.12223448779312372,0.8953462655277539,False,False,False,False,0,T2,"sensor_549, sensor_123, sensor_131"
U0339,2008-08-20 21:33:00,train,0,37.08062528265312,192.47124565997626,0.42241387666188224,0.15876752308662354,0.1516413297781845,0.9205982866321913,False,False,False,False,0,T2,"sensor_131, sensor_123, sensor_121"
U0340,2008-08-20 21:41:00,train,0,38.71964400807181,152.23277037547714,0.4046609883182812,0.16578528347614577,0.11993884934031353,0.8819080837414999,False,False,False,False,0,T2,"sensor_123, sensor_131, sensor_121"
U0341,2008-08-20 21:58:00,train,0,26.759256428277602,107.10101857944514,0.3996114988564072,0.11457468234077908,0.08438112832020994,0.870903352117379,False,False,False,False,0,T2,"sensor_589, sensor_176, sensor_071"
U0342,2008-08-20 22:13:00,train,0,50.378021945760366,216.42064206117936,0.40853259519802854,0.21570277473378274,0.17051021746688985,0.8903457673899984,False,False,False,False,0,T2,"sensor_570, sensor_345, sensor_072"
U0343,2008-08-20 22:45:00,train,0,29.342778890988207,93.7301706095495,0.3972435394505777,0.1256365093492655,0.07384670714231167,0.8657426803396238,False,False,False,False,0,T2,"sensor_102, sensor_092, sensor_098"
U0344,2008-08-20 23:18:00,train,0,15.984486562930686,92.45396013171057,0.38753450731694267,0.06844052170272195,0.07284122576106558,0.8445830574178708,False,False,False,False,0,SPE,"sensor_488, sensor_058, sensor_146"
U0345,2008-08-20 23:43:00,train,1,23.67333660032835,94.37485146377634,0.4005635703304281,0.10136174852985425,0.07435462852912599,0.8729782729856549,False,False,False,False,0,T2,"sensor_247, sensor_102, sensor_385"
U0346,2008-08-21 02:11:00,train,0,34.39780020808757,123.33341596892681,0.41914040467241087,0.14728051366548728,0.09717006371255146,0.9134641632727498,False,False,False,False,0,T2,"sensor_510, sensor_045, sensor_247"
U0347,2008-08-21 02:46:00,train,0,13.773556643697118,102.24811365919544,0.3777002176548549,0.058974018257348916,0.08055769509583201,0.8231504513569448,False,False,False,False,0,SPE,"sensor_080, sensor_432, sensor_159"
U0348,2008-08-21 04:22:00,train,0,193.45736001822894,198.5698497230872,0.4316737729673405,0.8283232992659437,0.1564462055753441,0.9407790741114345,False,False,False,False,0,T2,"sensor_072, sensor_073, sensor_570"
U0349,2008-08-21 04:29:00,train,0,44.284852210013206,169.6767466419246,0.4302832557710962,0.18961374685691154,0.13368234514714328,0.937748615551429,False,False,False,False,0,T2,"sensor_549, sensor_555, sensor_214"
U0350,2008-08-21 05:06:00,train,0,31.33358429430117,172.09631655637946,0.418209124145705,0.13416050915838765,0.13558863924349576,0.9114345536774533,False,False,False,False,0,SPE,"sensor_160, sensor_214, sensor_022"
U0351,2008-08-21 05:15:00,train,0,30.785918045407747,122.27887048015381,0.4143403083093466,0.1318155752973174,0.09633922438545724,0.9030029527594325,False,False,False,False,0,T2,"sensor_218, sensor_356, sensor_083"
U0352,2008-08-21 06:10:00,train,1,21.70757921312474,124.38508462909601,0.4038065428888457,0.09294499641263591,0.09799863648749903,0.8800459266443537,False,False,False,False,0,SPE,"sensor_171, sensor_120, sensor_215"
U0353,2008-08-21 11:22:00,train,0,27.787542252136227,134.61536764213972,0.40477775454975423,0.11897747738629566,0.10605871691554249,0.8821625611594296,False,False,False,False,0,T2,"sensor_135, sensor_270, sensor_210"
U0354,2008-08-21 12:00:00,train,0,18.507642492773908,112.35855685650662,0.39387347536817224,0.07924387828824153,0.0885233579450016,0.8583980465775409,False,False,False,False,0,SPE,"sensor_131, sensor_210, sensor_587"
U0355,2008-08-21 12:31:00,train,0,24.44986762706264,95.36768875149974,0.400585446298841,0.10468660906752678,0.07513685013343625,0.8730259489266029,False,False,False,False,0,T2,"sensor_559, sensor_188, sensor_092"
U0356,2008-08-21 12:33:00,train,0,21.733723384481284,131.1877411727072,0.42187652450839785,0.09305693749501492,0.10335821048911302,0.9194271947264873,False,False,False,False,0,SPE,"sensor_171, sensor_562, sensor_082"
U0357,2008-08-21 12:43:00,train,0,36.06569183851498,205.73535461857176,0.405937345614606,0.15442189871283574,0.16209165504057466,0.8846897450576778,False,False,False,False,0,SPE,"sensor_114, sensor_248, sensor_547"
U0358,2008-08-21 12:52:00,train,0,21.878650086418098,103.27593638910884,0.3921705618077914,0.09367746784800188,0.08136748050043036,0.8546867591587703,False,False,False,False,0,T2,"sensor_316, sensor_053, sensor_030"
U0359,2008-08-21 13:11:00,train,0,21.054035362484033,117.24767890799279,0.410908543383816,0.0901467281093433,0.09237532537417785,0.8955238497159103,False,False,False,False,0,SPE,"sensor_086, sensor_255, sensor_586"
U0360,2008-08-21 13:19:00,train,0,21.993617518343417,83.99914850911904,0.4018177617644224,0.09416972207142113,0.06617997684007708,0.8757116265732979,False,False,False,False,0,T2,"sensor_555, sensor_549, sensor_176"
U0361,2008-08-21 13:29:00,train,0,22.75044662696377,112.37794547388835,0.4127815491748704,0.09741022521988674,0.08853863355519596,0.8996058319076957,False,False,False,False,0,T2,"sensor_480, sensor_048, sensor_061"
U0362,2008-08-21 13:45:00,train,0,28.49283967957547,118.50263212632296,0.40826584388835246,0.12199733815564147,0.09336405890777379,0.8897644162265724,False,False,False,False,0,T2,"sensor_181, sensor_210, sensor_485"
U0363,2008-08-21 14:47:00,train,0,62.46102457878447,141.45883603752713,0.4338075780828433,0.2674383747909867,0.11145044514078005,0.9454294358582178,False,False,False,False,0,T2,"sensor_039, sensor_034, sensor_247"
U0364,2008-08-21 15:05:00,train,0,14.401908355569143,97.06298870692463,0.39505679804445565,0.061664421781041145,0.076472517384573,0.8609769505589352,False,False,False,False,0,SPE,"sensor_483, sensor_238, sensor_086"
U0365,2008-08-21 15:06:00,train,0,29.084305623550552,106.59515313350738,0.4134431158183592,0.12452980847401406,0.08398257471472045,0.9010476337805453,False,False,False,False,0,T2,"sensor_225, sensor_250, sensor_483"
U0366,2008-08-21 15:32:00,train,0,18.106273399517914,108.16931332390529,0.39403957931315914,0.07752534262995561,0.08522280020262281,0.8587600493800203,False,False,False,False,0,SPE,"sensor_547, sensor_010, sensor_486"
U0367,2008-08-21 15:48:00,train,0,34.529074456010285,139.99210844800916,0.4044868942064245,0.14784258852341853,0.11029486202323852,0.881528667368263,False,False,False,False,0,T2,"sensor_225, sensor_250, sensor_210"
U0368,2008-08-21 15:50:00,train,0,136.63412356576387,338.7578369700251,0.44841161410860203,0.5850241521627287,0.26689539361981796,0.9772571083993588,False,False,False,False,0,T2,"sensor_184, sensor_460, sensor_188"
U0369,2008-08-21 16:19:00,train,1,27.61036762953015,164.92839391528003,0.4159494239700697,0.1182188716246465,0.1299412849214704,0.9065098193708256,False,False,False,False,0,SPE,"sensor_166, sensor_589, sensor_482"
U0370,2008-08-21 16:36:00,train,0,18.09408446537681,127.26877327958653,0.40302376876971135,0.0774731534646463,0.10027059342385698,0.8783399682165912,False,False,False,False,0,SPE,"sensor_008, sensor_484, sensor_145"
U0371,2008-08-21 17:25:00,train,0,20.252774408889827,107.09738061640888,0.4011052113259714,0.08671598183744343,0.08437826209699509,0.8741587118869697,False,False,False,False,0,T2,"sensor_225, sensor_250, sensor_176"
U0372,2008-08-21 17:44:00,train,0,26.74983888576884,157.64305747158244,0.43589767626838494,0.11453435939891168,0.12420142439105403,0.9499845438099456,False,False,False,False,0,SPE,"sensor_153, sensor_115, sensor_571"
U0373,2008-08-21 18:04:00,train,0,25.593236276949625,92.77427239527572,0.40305539922545786,0.10958215241755695,0.07309358853569577,0.8784089028443922,False,False,False,False,0,T2,"sensor_560, sensor_558, sensor_135"
U0374,2008-08-21 18:05:00,train,1,21.85226722015587,98.36934123591467,0.39320920994179337,0.09356450474944433,0.07750174662853554,0.8569503630444478,False,False,False,False,0,T2,"sensor_091, sensor_098, sensor_101"
U0375,2008-08-21 18:39:00,train,0,17.477408949402488,110.01790979217965,0.4079887271792942,0.0748327437230875,0.08667924438840839,0.8891604749697836,False,False,False,False,0,SPE,"sensor_171, sensor_084, sensor_413"
U0376,2008-08-21 18:53:00,train,0,603.9767614993829,539.3209928731586,0.43424814589755695,2.5860376866405503,0.4249120550768229,0.9463895983854903,True,False,False,True,1,T2,"sensor_248, sensor_114, sensor_521"
U0377,2008-08-21 19:12:00,train,0,19.34968815465729,104.46201339646845,0.4052890705159214,0.08284925179648178,0.08230194888815556,0.883276910446676,False,False,False,False,0,T2,"sensor_091, sensor_102, sensor_092"
U0378,2008-08-21 19:12:00,train,0,21.55411421904282,119.8232058143761,0.404085816082193,0.09228790779006923,0.09440449250313915,0.8806545676893154,False,False,False,False,0,SPE,"sensor_039, sensor_488, sensor_001"
U0379,2008-08-21 19:46:00,train,0,50.436530477622796,116.30769800754184,0.4288571993205896,0.21595328978341916,0.0916347474596862,0.9346407036254483,False,False,False,False,0,T2,"sensor_108, sensor_210, sensor_225"
U0380,2008-08-21 20:19:00,train,0,19.209425441381562,75.88502663743088,0.38649499429951784,0.0822486911695116,0.059787145399796605,0.8423175686267931,False,False,False,False,0,T2,"sensor_054, sensor_053, sensor_483"
U0381,2008-08-21 20:21:00,train,0,30.807219059476104,146.92920874428137,0.42406732680278625,0.1319067795102207,0.11576035953235608,0.924201774705966,False,False,False,False,0,T2,"sensor_247, sensor_219, sensor_480"
U0382,2008-08-21 20:37:00,train,0,18.13357933143431,99.54068528620172,0.41430772202223576,0.07764225800403281,0.07842460743719414,0.902931935016552,False,False,False,False,0,SPE,"sensor_088, sensor_419, sensor_115"
U0383,2008-08-21 21:32:00,train,0,26.78507926916563,93.23988621450647,0.40119825649837787,0.11468524758760545,0.07346042929920381,0.8743614922193151,False,False,False,False,0,T2,"sensor_560, sensor_558, sensor_559"
U0384,2008-08-21 22:25:00,train,0,22.236348988882344,149.03686055499068,0.39616798215798776,0.09520902154544235,0.1174209043175755,0.863398637552588,False,False,False,False,0,SPE,"sensor_587, sensor_572, sensor_586"
U0385,2008-08-21 22:41:00,train,0,56.90453950700368,126.70310786788534,0.41964106499557935,0.24364726109778972,0.09982492552709785,0.9145552899169215,False,False,False,False,0,T2,"sensor_039, sensor_034, sensor_035"
U0386,2008-08-21 23:08:00,train,0,140.45461631626753,253.16871853046746,0.4632525284843189,0.6013822951644766,0.19946273535331638,1.009601027719216,False,False,True,False,1,T2,"sensor_098, sensor_094, sensor_367"
U0387,2008-08-21 23:27:00,train,0,52.29600667006988,110.40516018366755,0.42402844170335263,0.22391497940065114,0.08698434536139263,0.9241170294883206,False,False,False,False,0,T2,"sensor_034, sensor_039, sensor_035"
U0388,2008-08-21 23:53:00,train,0,35.36298196956408,134.47674358822638,0.42546071221019255,0.15141311705148516,0.10594949989560488,0.9272384841739726,False,False,False,False,0,T2,"sensor_496, sensor_224, sensor_065"
U0389,2008-08-21 23:57:00,train,0,10.659246831639305,93.9534720331813,0.38476870487417086,0.04563952750332976,0.07402263848574314,0.838555336429867,False,False,False,False,0,SPE,"sensor_088, sensor_040, sensor_180"
U0390,2008-08-22 00:43:00,train,0,18.310315934931925,130.18552729803764,0.4072529512115651,0.07839898830623691,0.10256860140150144,0.8875569431431558,False,False,False,False,0,SPE,"sensor_131, sensor_023, sensor_484"
U0391,2008-08-22 00:44:00,train,0,19.46631787545278,103.03510778784239,0.4066746514957956,0.08334862341569899,0.08117774010975828,0.8862966111396137,False,False,False,False,0,T2,"sensor_316, sensor_180, sensor_048"
U0392,2008-08-22 00:47:00,train,0,28.16186636094705,93.86841719814272,0.4032244945562542,0.12058021496513863,0.07395562677059012,0.8787774249986329,False,False,False,False,0,T2,"sensor_549, sensor_546, sensor_555"
U0393,2008-08-22 01:04:00,train,1,19.78781652515862,140.94759602451612,0.40917824707106065,0.08472517906707763,0.11104765710279038,0.8917528850083195,False,False,False,False,0,SPE,"sensor_131, sensor_171, sensor_487"
U0394,2008-08-22 01:26:00,train,0,28.065132317458414,169.73719773651794,0.4188725312215993,0.12016603035078074,0.13372997243993315,0.9128803665428692,False,False,False,False,0,SPE,"sensor_570, sensor_221, sensor_073"
U0395,2008-08-22 01:27:00,train,0,12.013529533825704,136.3907501168515,0.39856468654946675,0.051438138194120395,0.10745747836901066,0.8686219554364498,False,False,False,False,0,SPE,"sensor_145, sensor_008, sensor_000"
U0396,2008-08-22 01:54:00,train,0,41.49636907483607,258.3004352327244,0.41104156178302736,0.17767434299933937,0.20350583458149882,0.8958137467036046,False,False,False,False,0,SPE,"sensor_041, sensor_160, sensor_000"
U0397,2008-08-22 02:01:00,train,0,35.235801027016315,124.45420755563586,0.4284389534855278,0.15086856843402757,0.09805309601189562,0.9337291890649143,False,False,False,False,0,T2,"sensor_098, sensor_094, sensor_101"
U0398,2008-08-22 02:25:00,train,0,17.6614388033842,112.28013451161613,0.4007367041888298,0.07562070141980784,0.0884615717357279,0.8733555966064179,False,False,False,False,0,SPE,"sensor_001, sensor_040, sensor_099"
U0399,2008-08-22 02:52:00,train,0,18.325027105250673,89.20419883752588,0.3922935746212383,0.07846197689004339,0.0702808530548878,0.8549548502219427,False,False,False,False,0,T2,"sensor_151, sensor_053, sensor_278"
U0400,2008-08-22 03:18:00,train,0,62.137495561993525,196.92799191501868,0.4322869833481485,0.26605312574917567,0.15515264351380872,0.9421154895492464,False,False,False,False,0,T2,"sensor_367, sensor_227, sensor_094"
U0401,2008-08-22 03:58:00,train,0,10.74616126719071,91.72735829874952,0.38843651071438096,0.04601166765867455,0.07226876171433659,0.8465488611665074,False,False,False,False,0,SPE,"sensor_562, sensor_118, sensor_548"
U0402,2008-08-22 04:40:00,train,0,13.545986298488376,85.09326784997438,0.3810563807261381,0.057999633932345036,0.06704199501434734,0.8304647896014591,False,False,False,False,0,SPE,"sensor_010, sensor_001, sensor_589"
U0403,2008-08-22 04:57:00,train,0,15.405542227241323,112.58056059035663,0.4008450942855664,0.06596166495524873,0.08869826688426316,0.8735918192848303,False,False,False,False,0,SPE,"sensor_171, sensor_433, sensor_487"
U0404,2008-08-22 05:21:00,train,0,75.16192153960243,298.4567150107606,0.4174610753802492,0.3218196031569182,0.23514355606870635,0.9098042748209961,False,False,False,False,0,T2,"sensor_227, sensor_367, sensor_368"
U0405,2008-08-22 05:31:00,train,0,45.72291894146712,154.13399744051836,0.4136022969877715,0.1957710942922857,0.12143675932351408,0.9013945492582829,False,False,False,False,0,T2,"sensor_367, sensor_094, sensor_227"
U0406,2008-08-22 05:32:00,train,0,31.216274976576997,131.58688219627044,0.4252573616852471,0.13365822771981758,0.10367267967319614,0.9267953071024002,False,False,False,False,0,T2,"sensor_225, sensor_472, sensor_250"
U0407,2008-08-22 06:00:00,train,1,14.041899700440302,123.32098708617207,0.39375356940859846,0.06012297845237938,0.09716027143265987,0.8581367265143532,False,False,False,False,0,SPE,"sensor_219, sensor_010, sensor_093"
U0408,2008-08-22 07:04:00,train,0,23.66808934572421,114.93856409604342,0.39910431650966144,0.10133928144333253,0.09055605497098682,0.8697980115373916,False,False,False,False,0,T2,"sensor_432, sensor_023, sensor_102"
U0409,2008-08-22 07:17:00,train,0,32.36470715021577,120.31679363344473,0.4195614557999836,0.1385754514789033,0.09479337299793321,0.9143817916179433,False,False,False,False,0,T2,"sensor_345, sensor_480, sensor_208"
U0410,2008-08-22 07:27:00,train,0,14.424246047074101,112.4888985651209,0.3836164263445651,0.061760064719224676,0.08862604959617296,0.8360440892888853,False,False,False,False,0,SPE,"sensor_099, sensor_100, sensor_547"
U0411,2008-08-22 09:29:00,train,0,266.1620706282871,697.6992838610115,0.4103067320439251,1.1396219014955224,0.5496927441145125,0.8942122770640893,True,False,False,True,1,T2,"sensor_222, sensor_223, sensor_087"
U0412,2008-08-22 09:29:00,train,0,19.994758344985616,103.02265201852485,0.4018820850925311,0.08561123856328415,0.08116792664688884,0.8758518112332226,False,False,False,False,0,T2,"sensor_091, sensor_102, sensor_092"
U0413,2008-08-22 10:01:00,train,0,21.73489820615778,83.49430152666514,0.3861074133658024,0.09306196771028838,0.06578222564617117,0.8414728843888382,False,False,False,False,0,T2,"sensor_210, sensor_053, sensor_054"
U0414,2008-08-22 10:18:00,train,0,25.74805136693862,231.71243910614638,0.3980276605780894,0.11024502172428043,0.18255808690653316,0.8674515744039094,False,False,False,False,0,SPE,"sensor_041, sensor_419, sensor_142"
U0415,2008-08-22 10:47:00,train,0,19.416759446938862,100.42550959748215,0.4012758244872641,0.08313642988111743,0.07912172941363559,0.8745305419632073,False,False,False,False,0,T2,"sensor_150, sensor_091, sensor_423"
U0416,2008-08-22 11:32:00,train,0,25.177199601722425,98.50486764259617,0.40711115525667696,0.10780081480699845,0.07760852312109041,0.8872479165691404,False,False,False,False,0,T2,"sensor_356, sensor_090, sensor_476"
U0417,2008-08-22 12:13:00,train,0,18.674529521640896,112.79725738544093,0.40329130140465747,0.0799584358235184,0.08886899467299117,0.8789230221808594,False,False,False,False,0,SPE,"sensor_547, sensor_483, sensor_010"
U0418,2008-08-22 12:37:00,train,0,22.507408902818057,90.9354740416444,0.3870006837684665,0.09636961446467177,0.07164486394006869,0.8434196556660755,False,False,False,False,0,T2,"sensor_480, sensor_010, sensor_090"
U0419,2008-08-22 12:42:00,train,0,35.46828934104818,94.88334010460267,0.4036098342599912,0.15186400994786559,0.07475524885767224,0.8796172247557692,False,False,False,False,0,T2,"sensor_115, sensor_090, sensor_091"
U0420,2008-08-22 13:22:00,train,0,21.093411116513373,136.70812458633765,0.4121249086150439,0.09031532264865466,0.10770752655893898,0.8981747658189428,False,False,False,False,0,SPE,"sensor_213, sensor_086, sensor_084"
U0421,2008-08-22 14:45:00,train,0,13.70134368064217,127.30293646321478,0.39548027857320806,0.05866482516279926,0.10029750939552372,0.8618998734805787,False,False,False,False,0,SPE,"sensor_009, sensor_008, sensor_001"
U0422,2008-08-22 15:25:00,train,0,74.39284594255352,113.39389914501673,0.42587324328846005,0.31852666441386673,0.08933906774553266,0.9281375441358204,False,False,False,False,0,T2,"sensor_065, sensor_064, sensor_045"
U0423,2008-08-22 15:39:00,train,0,23.29838201620311,93.724855130945,0.4006209995270005,0.09975631145489239,0.07384251926353928,0.8731034327469416,False,False,False,False,0,T2,"sensor_480, sensor_432, sensor_472"
U0424,2008-08-22 15:54:00,train,0,58.110686926215365,266.90886497325414,0.4194917674898961,0.24881160330523214,0.21028811381848228,0.9142299146498573,False,False,False,False,0,T2,"sensor_151, sensor_053, sensor_054"
U0425,2008-08-22 19:14:00,train,1,15.084078304967827,117.04665830313651,0.3978507422605351,0.06458525799576441,0.09221694830476836,0.8670660030270847,False,False,False,False,0,SPE,"sensor_171, sensor_150, sensor_001"
U0426,2008-08-22 23:46:00,train,0,25.796822499488876,106.05795016813613,0.4007456752107184,0.1104538443062652,0.08355933137907127,0.8733751478281848,False,False,False,False,0,T2,"sensor_225, sensor_250, sensor_102"
U0427,2008-08-22 23:47:00,train,0,111.66504870730962,143.85388664831765,0.43731817527220573,0.4781144617564072,0.11333742133954142,0.953080343974974,False,False,False,False,0,T2,"sensor_073, sensor_072, sensor_345"
U0428,2008-08-22 23:49:00,train,0,17.680392297163444,139.46392454411318,0.4189962117747955,0.07570185429245306,0.1098787244891379,0.9131499128614275,False,False,False,False,0,SPE,"sensor_091, sensor_116, sensor_093"
U0429,2008-08-22 23:56:00,train,0,19.472016856820954,83.81305833923436,0.396137789408948,0.08337302465351643,0.06603336293563022,0.8633328362269915,False,False,False,False,0,T2,"sensor_091, sensor_092, sensor_093"
U0430,2008-08-23 02:04:00,train,0,35.52540224557585,143.03812704860985,0.4322434098682985,0.15210854936215595,0.11269471302196993,0.9420205265920407,False,False,False,False,0,T2,"sensor_472, sensor_496, sensor_224"
U0431,2008-08-23 03:26:00,train,0,9.673360474372517,71.65732635736046,0.37494090895756627,0.0414182735790771,0.05645628893770433,0.8171368826761827,False,False,False,False,0,SPE,"sensor_500, sensor_071, sensor_183"
U0432,2008-08-23 04:50:00,train,0,31.16816050412803,117.88197080290425,0.4141121034097378,0.1334522167489369,0.09287506166508241,0.9025056086824786,False,False,False,False,0,T2,"sensor_560, sensor_558, sensor_559"
U0433,2008-08-23 04:52:00,train,0,65.65312781736665,183.47481316201794,0.42992157793964186,0.28110595242117226,0.1445533568055351,0.9369603838896736,False,False,False,False,0,T2,"sensor_521, sensor_120, sensor_114"
U0434,2008-08-23 05:57:00,train,0,17.062189614756996,106.31657886368046,0.39833370216142466,0.07305490570668867,0.08376309583841511,0.868118553811601,False,False,False,False,0,SPE,"sensor_092, sensor_091, sensor_093"
U0435,2008-08-23 05:57:00,train,0,15.386714741400665,117.44149984047166,0.38737723123300255,0.06588105160878857,0.09252803007476397,0.8442402938359835,False,False,False,False,0,SPE,"sensor_089, sensor_000, sensor_180"
U0436,2008-08-23 05:58:00,train,0,17.162769423242974,70.24547208414884,0.3781316566601272,0.07348555667182534,0.05534393857747937,0.8240907187841864,False,False,False,False,0,T2,"sensor_061, sensor_080, sensor_043"
U0437,2008-08-23 05:58:00,train,0,27.428342678949914,113.85277543731166,0.4207596384616529,0.11743949829090963,0.08970060024836798,0.9169930810815421,False,False,False,False,0,T2,"sensor_092, sensor_070, sensor_316"
U0438,2008-08-23 09:24:00,train,0,22.28304855705145,177.7942418467594,0.41081892482754556,0.09540897434318799,0.14007783431804938,0.8953285372654648,False,False,False,False,0,SPE,"sensor_219, sensor_432, sensor_153"
U0439,2008-08-23 12:58:00,train,0,131.48030827577014,182.228699476501,0.4282105668340319,0.562957143265199,0.1435715876291647,0.9332314488824225,False,False,False,False,0,T2,"sensor_073, sensor_072, sensor_570"
U0440,2008-08-23 13:02:00,train,0,171.65438687531397,177.80197045877776,0.4300707150325025,0.7349698561824428,0.1400839234198255,0.9372854095570257,False,False,False,False,0,T2,"sensor_073, sensor_072, sensor_570"
U0441,2008-08-23 15:10:00,train,0,30.932161997228377,158.6008639883901,0.4167806696710006,0.13244174569816616,0.12495604648216635,0.9083214155572358,False,False,False,False,0,T2,"sensor_572, sensor_173, sensor_480"
U0442,2008-08-23 15:29:00,train,1,14.699935875317658,152.90475672732038,0.40014408963162845,0.0629404814688549,0.12046828376900902,0.872064067193833,False,False,False,False,0,SPE,"sensor_160, sensor_022, sensor_092"
U0443,2008-08-24 02:32:00,train,0,17.539136957042334,101.16590892587712,0.4073569006689553,0.07509704355091795,0.07970506402208424,0.8877834880027281,False,False,False,False,0,SPE,"sensor_571, sensor_095, sensor_496"
U0444,2008-08-24 04:00:00,train,0,158.55353995089314,191.48745332154328,0.4353479648407144,0.6788761684230739,0.1508662343715225,0.9487865164097693,False,False,False,False,0,T2,"sensor_073, sensor_072, sensor_570"
U0445,2008-08-24 07:12:00,train,0,30.9078589659418,127.00871672973366,0.4289221164699259,0.1323376877959206,0.10006570400828743,0.9347821824445731,False,False,False,False,0,T2,"sensor_546, sensor_549, sensor_473"
U0446,2008-08-24 07:14:00,train,0,20.580682111425133,140.31931395578033,0.4317100906162519,0.08811997902831364,0.11055265574270569,0.9408582238913292,False,False,False,False,0,SPE,"sensor_433, sensor_582, sensor_170"
U0447,2008-08-24 10:09:00,train,0,25.919518063481622,88.84619680463823,0.4059291522986898,0.11097918794975435,0.0699987958356693,0.8846718887489461,False,False,False,False,0,T2,"sensor_558, sensor_048, sensor_560"
U0448,2008-08-24 10:14:00,train,0,15.653169524848018,131.26637019786273,0.40829136269780114,0.06702192681410259,0.10342015953450347,0.8898200312845838,False,False,False,False,0,SPE,"sensor_211, sensor_468, sensor_040"
U0449,2008-08-24 13:03:00,train,1,16.72390719603962,129.04410550339742,0.40183560574943955,0.07160648725866871,0.10166931528640649,0.875750515310011,False,False,False,False,0,SPE,"sensor_024, sensor_587, sensor_120"
U0450,2008-08-25 09:29:00,train,0,21.52390592175591,88.64024495479346,0.3945936041024853,0.09215856540438,0.06983653361164903,0.8599674772132059,False,False,False,False,0,T2,"sensor_102, sensor_091, sensor_116"
U0451,2008-08-27 00:46:00,train,0,35.13671623619644,150.02321133341803,0.43007870720427205,0.15044431866223673,0.11819801542918906,0.9373028274972118,False,False,False,False,0,T2,"sensor_135, sensor_094, sensor_048"
U0452,2008-08-27 11:38:00,train,0,16.596284519880612,109.6866207020624,0.3993594287249069,0.07106004727743866,0.08641823335793407,0.8703539967481754,False,False,False,False,0,SPE,"sensor_483, sensor_587, sensor_267"
U0453,2008-08-27 12:22:00,train,0,13.715047759922548,100.39129163285949,0.39411463391311025,0.058723501700935904,0.07909477028194872,0.858923621506639,False,False,False,False,0,SPE,"sensor_483, sensor_250, sensor_238"
U0454,2008-08-27 13:35:00,train,0,19.988371139571637,133.09139146266017,0.40385593181111124,0.08558389056752375,0.10485802964605384,0.8801535636319818,False,False,False,False,0,SPE,"sensor_432, sensor_487, sensor_143"
U0455,2008-08-27 14:18:00,train,0,32.49674892451841,108.21705839972142,0.41522608172452397,0.13914081264231926,0.08526041686978934,0.9049333852887818,False,False,False,False,0,T2,"sensor_043, sensor_060, sensor_483"
U0456,2008-08-27 17:14:00,train,0,109.61506787232143,209.01195649955963,0.4296747253979116,0.46933709144333474,0.16467317450174385,0.9364223996057208,False,False,False,False,0,T2,"sensor_270, sensor_135, sensor_496"
U0457,2008-08-27 22:48:00,train,0,44.68518941677678,97.61599670839911,0.4164039347661306,0.19132786430322668,0.07690821295267732,0.9075003688845302,False,False,False,False,0,T2,"sensor_218, sensor_356, sensor_043"
U0458,2008-08-27 22:58:00,train,0,711.1448062162489,315.10142396725496,0.5006243571114837,3.04489739798671,0.24825733725341723,1.0910482606424339,True,False,True,True,2,T2,"sensor_205, sensor_196, sensor_251"
U0459,2008-08-28 03:03:00,train,0,16.8510357428155,122.10390287754245,0.40530453603929406,0.07215081153398376,0.09620137356084647,0.8833106156232939,False,False,False,False,0,SPE,"sensor_120, sensor_002, sensor_589"
U0460,2008-08-28 03:04:00,train,0,19.51370717712508,84.1294327588981,0.39822739740383106,0.08355152943440723,0.06628262322145165,0.8678868758694015,False,False,False,False,0,T2,"sensor_118, sensor_054, sensor_559"
U0461,2008-08-28 03:29:00,train,0,19.569495447034406,119.33791421189693,0.40829968340495,0.08379039718173552,0.09402214830581351,0.8898381652265965,False,False,False,False,0,SPE,"sensor_001, sensor_211, sensor_080"
U0462,2008-08-28 03:38:00,train,0,134.99638634847904,680.3980927688094,0.4183673418536316,0.5780118787861864,0.5360617437280815,0.9117793694112145,False,False,False,False,0,T2,"sensor_015, sensor_151, sensor_423"
U0463,2008-08-28 03:45:00,train,0,18.5815129712731,104.93929701713023,0.40352235754697907,0.07956016834028731,0.08267798387805925,0.8794265801851988,False,False,False,False,0,SPE,"sensor_489, sensor_080, sensor_037"
U0464,2008-08-28 04:10:00,train,0,15.209695835599256,93.45346691838444,0.3896849169331568,0.06512311257730352,0.07362870202918984,0.8492696066001286,False,False,False,False,0,SPE,"sensor_080, sensor_221, sensor_009"
U0465,2008-08-28 04:20:00,train,0,26.794976559952264,131.7967509911537,0.4060596755428074,0.11472762466003839,0.10383802792054558,0.8849563478577469,False,False,False,False,0,T2,"sensor_228, sensor_368, sensor_254"
U0466,2008-08-28 04:54:00,train,0,12.123878757408898,135.52697086281643,0.3912811968988117,0.05191061870838594,0.10677693705351418,0.85274849941724,False,False,False,False,0,SPE,"sensor_484, sensor_171, sensor_009"
U0467,2008-08-28 05:00:00,train,0,136.38810178600997,349.9609396528799,0.4578572903179485,0.5839707646241113,0.2757219244745664,0.9978427799760696,False,False,False,False,0,T2,"sensor_476, sensor_067, sensor_068"
U0468,2008-08-28 06:15:00,train,0,17.820785114564007,106.74574257311724,0.40023183358594433,0.07630297198418377,0.08410121884150774,0.8722552941834477,False,False,False,False,0,SPE,"sensor_547, sensor_009, sensor_136"
U0469,2008-08-28 06:39:00,train,0,25.190050324535406,88.59883729836312,0.39994635346608226,0.10785583754233091,0.0698039099744789,0.8716331259173636,False,False,False,False,0,T2,"sensor_043, sensor_268, sensor_056"
U0470,2008-08-28 06:56:00,train,0,16.77706304195171,111.89499320450903,0.38969944152492875,0.07183408379806647,0.0881581324362005,0.8493012611338407,False,False,False,False,0,SPE,"sensor_563, sensor_008, sensor_484"
U0471,2008-08-28 07:40:00,train,0,23.902552527707286,110.11840209849204,0.41705861785231774,0.10234317871784467,0.08675841874460603,0.9089271689039657,False,False,False,False,0,T2,"sensor_162, sensor_433, sensor_093"
U0472,2008-08-28 07:51:00,train,0,23.30086858499248,102.63357426830629,0.407771736120555,0.09976695815690086,0.08086138596218584,0.8886875700584478,False,False,False,False,0,T2,"sensor_092, sensor_064, sensor_045"
U0473,2008-08-28 08:41:00,train,0,14.822166779281103,108.56853534121134,0.39181449137698493,0.06346383558489226,0.08553733319882925,0.8539107481263885,False,False,False,False,0,SPE,"sensor_102, sensor_007, sensor_268"
U0474,2008-08-28 09:46:00,train,0,34.95924833858203,118.84166714047512,0.41693314274555154,0.14968445718965223,0.09363117267955362,0.908653711580033,False,False,False,False,0,T2,"sensor_227, sensor_565, sensor_098"
U0475,2008-08-28 09:49:00,train,0,21.06677220213064,85.93767556450143,0.40196526928727166,0.0902012632329349,0.06770727417470593,0.876033100796336,False,False,False,False,0,T2,"sensor_060, sensor_056, sensor_048"
U0476,2008-08-28 10:15:00,train,0,24.300117380274592,81.47537050232677,0.39188898182855963,0.10404542581932326,0.06419158085031444,0.8540730907620804,False,False,False,False,0,T2,"sensor_222, sensor_268, sensor_065"
U0477,2008-08-28 10:28:00,train,0,31.22118183824436,98.96668060636608,0.4113467607779677,0.1336792373513197,0.07797236932416737,0.8964788897951248,False,False,False,False,0,T2,"sensor_090, sensor_115, sensor_181"
U0478,2008-08-28 10:32:00,train,0,16.357103460954445,129.15175149555813,0.3954346664226612,0.07003594954431039,0.1017541257802575,0.8618004674952098,False,False,False,False,0,SPE,"sensor_117, sensor_092, sensor_116"
U0479,2008-08-28 11:19:00,train,0,34.65952295455814,110.87817392284256,0.4204278110243177,0.14840112778339432,0.08735701626174398,0.9162699046255924,False,False,False,False,0,T2,"sensor_473, sensor_201, sensor_385"
U0480,2008-08-28 12:44:00,train,0,26.91160065100807,107.40483350504226,0.41460242755614224,0.11522697217448878,0.08462049342207766,0.903574208920334,False,False,False,False,0,T2,"sensor_549, sensor_555, sensor_546"
U0481,2008-08-28 14:48:00,train,0,45.93525565852361,91.91404930211141,0.41140853592166465,0.19668025303409298,0.072415848994363,0.8966135210053807,False,False,False,False,0,T2,"sensor_549, sensor_555, sensor_546"
U0482,2008-08-28 15:19:00,train,0,47.40173940169241,149.91989140881628,0.42669266463539496,0.20295927313623327,0.11811661329192191,0.9299233706195037,False,False,False,False,0,T2,"sensor_034, sensor_039, sensor_035"
U0483,2008-08-28 16:01:00,train,0,17.652641440211998,96.9379647310966,0.39817159927586887,0.07558303388993484,0.07637401538816461,0.8677652708184377,False,False,False,False,0,SPE,"sensor_268, sensor_177, sensor_130"
U0484,2008-08-28 16:43:00,train,0,28.725080097525737,124.70624146370892,0.4099080355499945,0.12299171825677249,0.09825166466997408,0.8933433678509278,False,False,False,False,0,T2,"sensor_227, sensor_268, sensor_267"
U0485,2008-08-28 16:52:00,train,0,32.47843498189087,234.89580808061777,0.43369152164663843,0.139062398125661,0.18506615143746188,0.945176505350425,False,False,False,False,0,SPE,"sensor_099, sensor_100, sensor_510"
U0486,2008-08-28 17:21:00,train,0,15.8305224691251,96.25471884661536,0.40680594755857985,0.06778129609281226,0.07583570996943602,0.886582754510177,False,False,False,False,0,SPE,"sensor_582, sensor_113, sensor_385"
U0487,2008-08-28 17:27:00,train,0,18.32730998061184,81.17736572887617,0.38906591993673323,0.07847175144114239,0.06395679336311685,0.8479205799563042,False,False,False,False,0,T2,"sensor_064, sensor_065, sensor_268"
U0488,2008-08-28 17:32:00,train,0,17.28975311382573,113.11515040100599,0.401647874195075,0.07402926071868383,0.08911945140715002,0.8753413778340821,False,False,False,False,0,SPE,"sensor_238, sensor_093, sensor_108"
U0489,2008-08-28 18:05:00,train,0,39.58853996516975,345.83501951461824,0.41458684083068587,0.169505621466049,0.27247125700899655,0.9035402395989123,False,False,False,False,0,SPE,"sensor_212, sensor_488, sensor_216"
U0490,2008-08-28 18:10:00,train,0,34.27451318183251,90.58734214364267,0.41729262457381283,0.1467526375674435,0.07137058305322679,0.9094371573270998,False,False,False,False,0,T2,"sensor_090, sensor_115, sensor_092"
U0491,2008-08-28 18:15:00,train,0,96.50184007360058,155.33789125644608,0.4349710723584029,0.413190392691533,0.12238526494851289,0.9479651263167106,False,False,False,False,0,T2,"sensor_228, sensor_368, sensor_367"
U0492,2008-08-28 18:25:00,train,0,27.828483764637394,102.04848326414773,0.4084916919132228,0.11915277600873478,0.08040041332386978,0.8902566237893967,False,False,False,False,0,T2,"sensor_071, sensor_133, sensor_176"
U0493,2008-08-28 18:47:00,train,0,49.90239836672495,393.0225697463471,0.42533399646374537,0.21366630482559126,0.30964866936260826,0.9269623230308055,False,False,False,False,0,SPE,"sensor_156, sensor_020, sensor_432"
U0494,2008-08-28 18:57:00,train,0,17.69468458713372,85.88142855381896,0.3988164257748216,0.07576304936293853,0.06766295913187087,0.8691705896370382,False,False,False,False,0,T2,"sensor_268, sensor_273, sensor_183"
U0495,2008-08-28 20:20:00,train,0,27.037574117558375,126.78887805350084,0.4037405113528918,0.11576635076118656,0.09989250084182841,0.8799020191587775,False,False,False,False,0,T2,"sensor_521, sensor_114, sensor_248"
U0496,2008-08-28 20:39:00,train,1,16.986205035870924,100.41895287146065,0.39478648111925885,0.07272956374466502,0.07911656359964876,0.8603878285818107,False,False,False,False,0,SPE,"sensor_468, sensor_115, sensor_485"
U0497,2008-08-28 21:03:00,train,0,14.762742170966092,79.57791982164255,0.3919097242557344,0.06320939818528938,0.06269664614762234,0.854118296291474,False,False,False,False,0,T2,"sensor_268, sensor_170, sensor_267"
U0498,2008-08-28 21:52:00,train,0,462.5937070895819,575.9342457036842,0.4398198661649756,1.9806801128682847,0.4537583501568381,0.9585324668260676,True,False,False,True,1,T2,"sensor_017, sensor_011, sensor_213"
U0499,2008-08-28 22:57:00,train,0,31.008293413525582,202.08300644680497,0.4045734265966623,0.13276771637159593,0.15921409828304178,0.8817172539052883,False,False,False,False,0,SPE,"sensor_217, sensor_589, sensor_418"
U0500,2008-08-28 23:40:00,train,0,18.862861445282665,127.20620409999427,0.41398817745696337,0.0807648136234292,0.10022129736633958,0.9022355275461889,False,False,False,False,0,SPE,"sensor_589, sensor_118, sensor_433"
U0501,2008-08-28 23:42:00,train,0,25.560760214766304,168.33114316549236,0.40713406191490437,0.10944310017900516,0.13262219146122176,0.8872978387698107,False,False,False,False,0,SPE,"sensor_151, sensor_589, sensor_250"
U0502,2008-08-29 00:49:00,train,0,23.878942043064402,117.6058783706554,0.40386859780989215,0.10224208608154063,0.0926575381413771,0.8801811675943998,False,False,False,False,0,T2,"sensor_098, sensor_101, sensor_094"
U0503,2008-08-29 01:06:00,train,0,21.586750756827705,130.51556088150681,0.416995144967573,0.09242764713445006,0.1028286232624143,0.9087888376791362,False,False,False,False,0,SPE,"sensor_589, sensor_092, sensor_162"
U0504,2008-08-29 02:38:00,train,0,28.519812247883266,140.60040194606097,0.4214857947617141,0.12211282617206165,0.11077411509100822,0.9185756480439401,False,False,False,False,0,T2,"sensor_135, sensor_270, sensor_496"
U0505,2008-08-29 02:39:00,train,0,51.177742206125615,177.48003563750856,0.42190780215685314,0.21912692424400632,0.13983028228900743,0.9194953604548609,False,False,False,False,0,T2,"sensor_521, sensor_555, sensor_549"
U0506,2008-08-29 03:27:00,train,0,20.135391644692746,128.34249099978044,0.40845882805744066,0.08621338592427931,0.10111653787825224,0.8901850011202641,False,False,False,False,0,SPE,"sensor_160, sensor_589, sensor_022"
U0507,2008-08-29 03:33:00,train,0,29.774765657720327,89.75003470104201,0.41371005150624623,0.12748614021275428,0.07071089794756978,0.9016293867732542,False,False,False,False,0,T2,"sensor_589, sensor_123, sensor_116"
U0508,2008-08-29 03:46:00,train,0,20.2163007017909,98.9706012465523,0.4008073702684023,0.08655981294628418,0.0779754582587736,0.8735096045009776,False,False,False,False,0,T2,"sensor_589, sensor_123, sensor_433"
U0509,2008-08-29 04:55:00,train,1,27.918372243963933,190.74085938205423,0.43321437751106534,0.11953765007997581,0.15027801924671125,0.9441366293000536,False,False,False,False,0,SPE,"sensor_211, sensor_126, sensor_589"
U0510,2008-08-29 04:56:00,train,0,32.37931719930152,201.247634582184,0.45130665549087357,0.1386380070935359,0.15855593815124633,0.9835664895146524,False,False,False,False,0,SPE,"sensor_211, sensor_126, sensor_589"
U0511,2008-08-29 05:16:00,train,0,52.13901590426439,257.80560406783525,0.456985147706251,0.22324279453741286,0.20311597449823193,0.9959420540804801,False,False,False,False,0,T2,"sensor_460, sensor_521, sensor_572"
U0512,2008-08-29 05:54:00,train,0,13.549135255429329,150.43591606549933,0.38980762589715734,0.05801311677115939,0.11852317098249762,0.8495370354613819,False,False,False,False,0,SPE,"sensor_211, sensor_589, sensor_023"
U0513,2008-08-29 05:54:00,train,0,14.119925542003916,97.58593546632977,0.39893312028503813,0.060457060456320114,0.07688452875659624,0.8694249107474469,False,False,False,False,0,SPE,"sensor_582, sensor_083, sensor_009"
U0515,2008-08-29 05:57:00,train,0,17.97841291341971,137.19183536213725,0.4146899599599123,0.07697788442169394,0.10808862527848419,0.9037649748619558,False,False,False,False,0,SPE,"sensor_126, sensor_000, sensor_487"
U0514,2008-08-29 05:57:00,train,0,29.466660433829386,98.48481827369869,0.4115324985477503,0.1261669309795136,0.07759272692799986,0.896883682066572,False,False,False,False,0,T2,"sensor_555, sensor_549, sensor_546"
U0516,2008-08-29 06:35:00,train,0,29.586263467498163,133.3437931906578,0.41230166258852774,0.12667903338513622,0.10505688809652332,0.8985599790283916,False,False,False,False,0,T2,"sensor_250, sensor_225, sensor_135"
U0517,2008-08-29 06:37:00,train,0,16.65790365828225,100.61192320887369,0.4007563389125812,0.07132388096158467,0.07926859814627789,0.8733983880345474,False,False,False,False,0,SPE,"sensor_077, sensor_093, sensor_468"
U0518,2008-08-29 06:40:00,train,0,13.996100675234855,78.70021418277115,0.3934140986247819,0.05992688149510794,0.06200513272297604,0.8573968923393662,False,False,False,False,0,SPE,"sensor_238, sensor_084, sensor_120"
U0519,2008-08-29 06:45:00,train,1,29.7902915507336,175.27971833503045,0.44409967450881344,0.12755261718175454,0.13809672961968467,0.9678597745830639,False,False,False,False,0,SPE,"sensor_211, sensor_126, sensor_407"
U0520,2008-08-29 06:54:00,train,0,19.583121920409553,110.09357388907543,0.40371183583282705,0.08384874143590294,0.08673885747102962,0.8798395244442371,False,False,False,False,0,SPE,"sensor_219, sensor_255, sensor_009"
U0521,2008-08-29 07:18:00,train,0,27.68493177437054,105.31270425757896,0.40041735196045924,0.1185381317368248,0.08297217831887709,0.8726596083103104,False,False,False,False,0,T2,"sensor_356, sensor_218, sensor_083"
U0522,2008-08-29 07:22:00,train,0,20.300379392985825,114.0992773975598,0.40771909368013315,0.08691981134015236,0.08989481047918342,0.8885728424343473,False,False,False,False,0,SPE,"sensor_126, sensor_162, sensor_511"
U0523,2008-08-29 07:24:00,train,0,16.387168269223228,91.26016654667737,0.39069208555299006,0.07016467755535453,0.07190067775300152,0.8514646048163221,False,False,False,False,0,SPE,"sensor_107, sensor_024, sensor_144"
U0524,2008-08-29 07:33:00,train,0,44.73670672677167,130.8720586960264,0.43357085997193995,0.19154844514946717,0.10310949536084851,0.9449135383005084,False,False,False,False,0,T2,"sensor_412, sensor_139, sensor_142"
U0525,2008-08-29 07:33:00,train,0,19.41829715820255,125.58639399922507,0.40564822949302914,0.0831430138749605,0.0989451059184871,0.8840596525799763,False,False,False,False,0,SPE,"sensor_572, sensor_570, sensor_040"
U0526,2008-08-29 08:10:00,train,0,15.173558144995717,124.84084179241222,0.42117248118618883,0.06496838240262444,0.09835771153823827,0.9178928202375088,False,False,False,False,0,SPE,"sensor_126, sensor_007, sensor_215"
U0527,2008-08-29 08:20:00,train,0,67.01392967332292,131.28354966191117,0.4190952876731457,0.28693247606889855,0.10343369463043038,0.9133658364077573,False,False,False,False,0,T2,"sensor_558, sensor_412, sensor_135"
U0528,2008-08-29 08:41:00,train,0,44.73644225124478,100.20096069531164,0.4321672736676392,0.19154731274881318,0.07894481522570788,0.9418545972517653,False,False,False,False,0,T2,"sensor_560, sensor_559, sensor_558"
U0529,2008-08-29 08:45:00,train,0,99.03264651277024,148.48904887835977,0.44039113000014846,0.42402650634106787,0.11698930275118317,0.9597774650065986,False,False,False,False,0,T2,"sensor_033, sensor_032, sensor_034"
U0530,2008-08-29 12:21:00,train,0,71.60315556943766,480.25684601117774,0.3983395771749516,0.30658209154482713,0.3783774896582168,0.8681313576698207,False,False,False,False,0,SPE,"sensor_015, sensor_151, sensor_014"
U0531,2008-08-29 12:22:00,train,0,24.747464514679933,151.61540966230322,0.40666952625361297,0.10596082492459835,0.11945245253242937,0.8862854413143958,False,False,False,False,0,SPE,"sensor_211, sensor_001, sensor_221"
U0532,2008-08-29 12:37:00,train,0,21.071652017158655,80.2566755659411,0.3895340322981449,0.09022215705927178,0.0632314139427134,0.8489407723829179,False,False,False,False,0,T2,"sensor_098, sensor_101, sensor_094"
U0533,2008-08-29 13:04:00,train,0,15.704860376754187,82.82458542053993,0.3825521753693114,0.06724325071198246,0.06525457986428589,0.8337246872083769,False,False,False,False,0,T2,"sensor_135, sensor_270, sensor_108"
U0534,2008-08-29 13:14:00,train,0,19.24607199183153,154.58590186160376,0.4130454489362519,0.08240560012129598,0.12179279893405982,0.900180968477759,False,False,False,False,0,SPE,"sensor_146, sensor_009, sensor_086"
U0535,2008-08-29 13:27:00,train,0,15.313023571603736,78.76693835659214,0.37642181138012093,0.06556552929995935,0.06205770235441303,0.820364324548232,False,False,False,False,0,T2,"sensor_225, sensor_102, sensor_083"
U0536,2008-08-29 13:49:00,train,0,12.59822313676282,78.84215435399439,0.37463380894123827,0.0539416114876613,0.062116962395192425,0.8164675965459768,False,False,False,False,0,SPE,"sensor_160, sensor_022, sensor_316"
U0537,2008-08-29 14:11:00,train,0,32.40346930934014,104.98119024185203,0.4267193774729054,0.13874141879867619,0.08271099007742024,0.929981587912547,False,False,False,False,0,T2,"sensor_054, sensor_057, sensor_480"
U0538,2008-08-29 14:18:00,train,0,27.038476959023022,125.8011700842387,0.41066525664962816,0.11577021644311586,0.09911432044725654,0.8949936366641432,False,False,False,False,0,T2,"sensor_546, sensor_549, sensor_572"
U0539,2008-08-29 14:30:00,train,0,61.45238191789253,212.37996599263323,0.4346906210185756,0.26311968556369825,0.16732671080782405,0.9473539176486409,False,False,False,False,0,T2,"sensor_546, sensor_549, sensor_368"
U0540,2008-08-29 15:01:00,train,0,763.2558848906846,498.9465772746985,0.4128479636611393,3.2680205741318225,0.3931024720433989,0.8997505739856546,True,False,False,True,1,T2,"sensor_016, sensor_147, sensor_012"
U0541,2008-08-29 15:43:00,train,0,19.855837616842106,100.64508386957098,0.39558983069757886,0.08501642389269515,0.07929472426536242,0.8621386286530879,False,False,False,False,0,T2,"sensor_135, sensor_270, sensor_385"
U0542,2008-08-29 16:26:00,train,0,15.399377449988966,145.63405507703737,0.39259314274044604,0.06593526932660772,0.11473995347796324,0.8556077215230743,False,False,False,False,0,SPE,"sensor_092, sensor_071, sensor_161"
U0543,2008-08-29 20:21:00,train,0,23.596993885580353,140.1297638921502,0.40763882447350847,0.10103487314321079,0.1104033159095797,0.8883979057237639,False,False,False,False,0,SPE,"sensor_107, sensor_108, sensor_092"
U0544,2008-08-29 20:49:00,train,0,26.65702341167374,163.06015916443678,0.41722117000746584,0.11413695286075702,0.12846936842306433,0.9092814310240936,False,False,False,False,0,SPE,"sensor_572, sensor_108, sensor_090"
U0545,2008-08-29 21:25:00,train,0,30.87870456959214,123.03500081046987,0.40104771146230206,0.13221285788110018,0.09693495289743095,0.8740333981155712,False,False,False,False,0,T2,"sensor_412, sensor_139, sensor_142"
U0546,2008-08-29 21:46:00,train,0,88.93240981553696,162.25703683502235,0.4283797107247078,0.38078048363285505,0.12783661656660206,0.9336000768668558,False,False,False,False,0,T2,"sensor_368, sensor_228, sensor_227"
U0547,2008-08-29 21:54:00,train,0,17.85565526111329,72.5992652766495,0.3855776910668215,0.07645227493566037,0.057198409506421154,0.8403184207980905,False,False,False,False,0,T2,"sensor_549, sensor_546, sensor_555"
U0548,2008-08-29 22:11:00,train,0,19.23606419200887,108.90940774922345,0.40693664561042375,0.08236274988408238,0.08580589458865351,0.8868675945905845,False,False,False,False,0,SPE,"sensor_144, sensor_213, sensor_082"
U0549,2008-08-29 22:45:00,train,0,20.453104433107452,115.95126270643884,0.421053634432094,0.08757373171362459,0.09135392461337577,0.9176338085803726,False,False,False,False,0,SPE,"sensor_107, sensor_040, sensor_108"
U0550,2008-08-29 22:49:00,train,0,10.539814818260522,79.61210271189367,0.38828873932206465,0.045128157352560795,0.06272357764544462,0.846226811872922,False,False,False,False,0,SPE,"sensor_418, sensor_582, sensor_562"
U0551,2008-08-29 22:56:00,train,0,36.83517962128266,163.82412060580504,0.4250527469674653,0.1577166023049188,0.12907126679220046,0.926349374880433,False,False,False,False,0,T2,"sensor_412, sensor_139, sensor_142"
U0552,2008-08-30 00:01:00,train,0,23.342762770368683,87.46453095848192,0.3984737061593654,0.09994633582362601,0.06891022987610575,0.8684236750392567,False,False,False,False,0,T2,"sensor_555, sensor_549, sensor_136"
U0553,2008-08-30 00:05:00,train,0,30.305900926673388,137.4336810308166,0.4138342576552936,0.1297602936401258,0.10827916698082458,0.9019000785623256,False,False,False,False,0,T2,"sensor_367, sensor_227, sensor_094"
U0554,2008-08-30 00:57:00,train,0,13.071626606448056,65.82457026321657,0.3888618087384204,0.05596857558898405,0.05186086541168662,0.8474757450921323,False,False,False,False,0,T2,"sensor_137, sensor_555, sensor_031"
U0555,2008-08-30 01:29:00,train,0,20.688529607074113,80.28965014552821,0.389672585227788,0.08858174793390149,0.0632573934550313,0.8492427311884507,False,False,False,False,0,T2,"sensor_181, sensor_571, sensor_051"
U0556,2008-08-30 02:08:00,train,0,83.41277512370185,157.55851033529424,0.4305742909483112,0.35714715162495003,0.12413481267390263,0.9383828903712126,False,False,False,False,0,T2,"sensor_032, sensor_033, sensor_034"
U0557,2008-08-30 02:22:00,train,0,25.07803855374918,115.42710509940096,0.39439359000326385,0.10737623852616775,0.09094095925705967,0.8595315714647949,False,False,False,False,0,T2,"sensor_438, sensor_439, sensor_030"
U0558,2008-08-30 02:32:00,train,0,29.794619863775964,174.38852605207748,0.42436539931299094,0.12757114965081734,0.1373945905421739,0.9248513865140701,False,False,False,False,0,SPE,"sensor_572, sensor_219, sensor_161"
U0559,2008-08-30 02:39:00,train,0,20.59346912042678,105.79089847977993,0.4016350324672787,0.0881747289612342,0.0833489307397291,0.8753133908922228,False,False,False,False,0,T2,"sensor_480, sensor_219, sensor_476"
U0560,2008-08-30 02:50:00,train,0,19.24362579122911,68.28765623608234,0.39788376639189205,0.08239512626311105,0.053801444281026935,0.8671379749968149,False,False,False,False,0,T2,"sensor_047, sensor_031, sensor_002"
U0561,2008-08-30 03:10:00,train,0,19.444365586870884,99.8242283955183,0.4062248161293538,0.08325463065107694,0.07864800108749641,0.8853162511408242,False,False,False,False,0,T2,"sensor_473, sensor_201, sensor_002"
U0562,2008-08-30 04:20:00,train,0,38.15577973362876,108.38580955242844,0.4190157593595625,0.1633709947868922,0.0853933699720065,0.9131925143810236,False,False,False,False,0,T2,"sensor_473, sensor_201, sensor_337"
U0563,2008-08-30 04:24:00,train,0,18.321301599798275,127.38802955701054,0.40404875553769753,0.0784460254526441,0.10036455125340686,0.8805737988612792,False,False,False,False,0,SPE,"sensor_547, sensor_573, sensor_484"
U0564,2008-08-30 04:55:00,train,0,29.808457429328435,110.70189929589988,0.41616788067616733,0.1276303977350006,0.08721813567859982,0.9069859184775266,False,False,False,False,0,T2,"sensor_098, sensor_101, sensor_061"
U0565,2008-08-30 05:05:00,train,0,27.50208697532143,98.56010168546811,0.40972460014673007,0.11775524807094769,0.07765204008218976,0.892943593299752,False,False,False,False,0,T2,"sensor_218, sensor_356, sensor_083"
U0566,2008-08-30 05:05:00,train,0,30.246930947351803,128.74003622780774,0.4125009404966173,0.12950780281824809,0.10142974979111911,0.8989942803401777,False,False,False,False,0,T2,"sensor_412, sensor_139, sensor_142"
U0567,2008-08-30 05:38:00,train,0,22.266265444115835,95.97867536838376,0.40336083050475835,0.0953371143556565,0.07561822501488034,0.8790745521706641,False,False,False,False,0,T2,"sensor_098, sensor_101, sensor_091"
U0568,2008-08-30 05:51:00,train,0,17.450324773556616,102.27310582393179,0.4037022242908246,0.07471677783844792,0.0805773855440424,0.8798185772888801,False,False,False,False,0,SPE,"sensor_014, sensor_484, sensor_083"
U0569,2008-08-30 07:50:00,train,0,40.80808706164525,157.8601893236961,0.4226723408090353,0.17472733685835873,0.12437249494592476,0.9211615769599271,False,False,False,False,0,T2,"sensor_412, sensor_139, sensor_142"
U0570,2008-08-30 07:54:00,train,0,29.3018424538209,98.74753315320902,0.40664523397406305,0.12546123245780258,0.07779971074807572,0.8862324993251108,False,False,False,False,0,T2,"sensor_555, sensor_250, sensor_549"
U0571,2008-08-30 08:10:00,train,0,25.246017387051424,119.719319518208,0.40468606946216357,0.10809547082311756,0.09432264414162081,0.8819627449620719,False,False,False,False,0,T2,"sensor_225, sensor_098, sensor_101"
U0572,2008-08-30 08:29:00,train,0,68.87451570449998,189.23340374839879,0.41991642210891617,0.2948989176649562,0.1490903479346392,0.9151553963546007,False,False,False,False,0,T2,"sensor_385, sensor_247, sensor_135"
U0573,2008-08-30 08:42:00,train,0,17.32268467644643,86.60489654633207,0.3948013738913289,0.07417026326620847,0.06823295413585424,0.8604202855184986,False,False,False,False,0,T2,"sensor_480, sensor_081, sensor_053"
U0574,2008-08-30 08:53:00,train,0,27.853570588865203,86.32274882192459,0.3988650567300304,0.11926018986474174,0.06801065986027904,0.8692765747301329,False,False,False,False,0,T2,"sensor_108, sensor_476, sensor_250"
U0575,2008-08-30 09:13:00,train,0,17.668831375810328,128.95129773405753,0.3976788609353553,0.07565235407950244,0.10159619530680543,0.8666914091460431,False,False,False,False,0,SPE,"sensor_487, sensor_176, sensor_499"
U0576,2008-08-30 09:37:00,train,0,20.72021727290913,82.38601401766257,0.38973935011466065,0.08871742450835711,0.06490904487017826,0.8493882369207619,False,False,False,False,0,T2,"sensor_571, sensor_051, sensor_123"
U0577,2008-08-30 09:45:00,train,1,91.51822686502301,484.2325549358845,0.4168405477904626,0.39185213533701657,0.3815098109880148,0.9084519124401012,False,False,False,False,0,T2,"sensor_166, sensor_167, sensor_438"
U0578,2008-08-30 10:15:00,train,0,22.38841483337988,152.64029516065014,0.42057105441525605,0.09586011945150284,0.12025992379550968,0.9165820857057012,False,False,False,False,0,SPE,"sensor_092, sensor_144, sensor_134"
U0579,2008-08-30 10:16:00,train,0,23.572821566725533,103.085308111707,0.40398433003221723,0.10093137491030382,0.081217291180569,0.8804333915185345,False,False,False,False,0,T2,"sensor_098, sensor_101, sensor_094"
U0580,2008-08-30 11:12:00,train,0,18.213670299102038,95.02434105195965,0.4027019407242971,0.07798518222554439,0.07486633854841478,0.8776385841864551,False,False,False,False,0,T2,"sensor_549, sensor_555, sensor_123"
U0581,2008-08-30 11:14:00,train,0,28.51752491927246,168.7018084206804,0.3993348477552712,0.12210303255355455,0.1329142255882237,0.8703004255949047,False,False,False,False,0,SPE,"sensor_510, sensor_107, sensor_176"
U0582,2008-08-30 11:18:00,train,0,27.11721923848767,97.69753104443981,0.4008435039444111,0.11610736600781442,0.07697245099040288,0.8735883533349086,False,False,False,False,0,T2,"sensor_560, sensor_558, sensor_559"
U0583,2008-08-30 11:57:00,train,0,31.285574506897213,148.6882010726216,0.4068937974817759,0.133954946415798,0.11714620776555326,0.886774212445731,False,False,False,False,0,T2,"sensor_562, sensor_011, sensor_092"
U0584,2008-08-30 14:10:00,train,1,20.815443939583663,103.92523424209321,0.403393051341673,0.08912515501140188,0.08187903945829471,0.8791447734604851,False,False,False,False,0,T2,"sensor_064, sensor_065, sensor_061"
U0585,2008-08-30 14:23:00,train,0,27.38716645776433,116.13900503171425,0.4123464778640913,0.11726319472003213,0.09150184019298763,0.8986576483242603,False,False,False,False,0,T2,"sensor_218, sensor_356, sensor_083"
U0586,2008-08-30 14:37:00,train,0,28.618227956500434,155.08958571075112,0.41346730120702374,0.12253421114523448,0.1221896337361135,0.9011003428144958,False,False,False,False,0,T2,"sensor_098, sensor_101, sensor_145"
U0587,2008-08-30 15:06:00,train,0,25.65801494041864,113.92976300005827,0.40050558956785887,0.10985951418989602,0.089761256043218,0.8728519111551661,False,False,False,False,0,T2,"sensor_549, sensor_053, sensor_555"
U0588,2008-08-30 15:16:00,train,0,8.0302886053986,136.2057449393447,0.3955476622978161,0.03438315890930546,0.1073117192919247,0.8620467278924444,False,False,False,False,0,SPE,"sensor_213, sensor_210, sensor_092"
U0589,2008-08-30 15:37:00,train,0,35.380039517335106,81.41689641964074,0.42169399121635837,0.15148615208228342,0.06414551117572143,0.9190293862140566,False,False,False,False,0,T2,"sensor_098, sensor_101, sensor_061"
U0590,2008-08-30 15:50:00,train,0,18.71652829928797,93.63933963536091,0.3992603256754997,0.080138261321305,0.07377514461013303,0.870138014029508,False,False,False,False,0,T2,"sensor_250, sensor_061, sensor_066"
U0591,2008-08-30 15:57:00,train,0,12.505792817611155,110.21993656190654,0.38570744892113223,0.0535458540612977,0.08683841417975632,0.8406012118354009,False,False,False,False,0,SPE,"sensor_126, sensor_582, sensor_099"
U0592,2008-08-30 16:24:00,train,0,39.219614874616155,122.54795508981655,0.41086798293773236,0.16792600077774567,0.09655122669204691,0.8954354532894844,False,False,False,False,0,T2,"sensor_412, sensor_139, sensor_142"
U0593,2008-08-30 17:05:00,train,0,75.34801686562388,151.5247635339995,0.4225683650356936,0.3226164045523964,0.11938103563382674,0.9209349747480252,False,False,False,False,0,T2,"sensor_032, sensor_033, sensor_034"
U0594,2008-08-30 17:49:00,train,0,36.992485004234815,183.67185876790109,0.43353328945021363,0.1583901342593864,0.1447086021129607,0.9448316580407914,False,False,False,False,0,T2,"sensor_102, sensor_145, sensor_473"
U0595,2008-08-30 19:21:00,train,0,35.748819119493355,83.91536768671492,0.4050244417436409,0.15306514983524003,0.06611396887470175,0.8827001850884085,False,False,False,False,0,T2,"sensor_558, sensor_560, sensor_559"
U0596,2008-08-30 19:27:00,train,0,27.092424865866768,117.60736562922148,0.419395520746974,0.116001204337198,0.09265870990012948,0.9140201568944346,False,False,False,False,0,T2,"sensor_091, sensor_108, sensor_161"
U0597,2008-08-30 20:11:00,train,0,34.38820333070311,102.4746449737238,0.4022375727415475,0.14723942286833697,0.08073617115678174,0.8766265521654798,False,False,False,False,0,T2,"sensor_549, sensor_555, sensor_546"
U0598,2008-08-30 20:53:00,train,0,74.60864569980764,129.14633870607992,0.4122581142418705,0.3194506507997694,0.10174986123366785,0.8984650708458405,False,False,False,False,0,T2,"sensor_033, sensor_032, sensor_034"
U0599,2008-08-30 21:53:00,train,0,24.420991914434047,80.6112204466036,0.40143792684092444,0.10456297238835925,0.06351074739320027,0.8748838237971708,False,False,False,False,0,T2,"sensor_476, sensor_480, sensor_030"
U0600,2008-08-30 23:51:00,train,0,18.601485020129964,114.10683540201808,0.4015196448135232,0.07964568234399676,0.08990076516525922,0.8750619179122505,False,False,False,False,0,SPE,"sensor_468, sensor_225, sensor_250"
U0601,2008-08-31 02:57:00,train,0,25.144007037562996,126.41462218157446,0.41066056923915717,0.10765869473333961,0.09959763779409571,0.8949834210384576,False,False,False,False,0,T2,"sensor_043, sensor_385, sensor_098"
U0602,2008-08-31 04:46:00,train,1,16.093418900227636,73.22880017296491,0.38353452832154616,0.06890693555752726,0.05769439792532341,0.8358656027764023,False,False,False,False,0,T2,"sensor_123, sensor_121, sensor_061"
U0603,2008-08-31 05:05:00,train,0,16.761242560930338,105.21967467517604,0.40901029958220897,0.07176634549628068,0.08289888358055959,0.8913868644322369,False,False,False,False,0,SPE,"sensor_040, sensor_489, sensor_007"
U0604,2008-08-31 09:11:00,train,0,23.83855132951954,168.53237274299047,0.4162605236709919,0.10206914580622604,0.1327807331728311,0.9071878223140624,False,False,False,False,0,SPE,"sensor_510, sensor_102, sensor_010"
U0605,2008-08-31 10:36:00,train,0,17.66029851252973,157.88472652309457,0.4001936702009972,0.07561581905460547,0.12439182694293584,0.8721721218523869,False,False,False,False,0,SPE,"sensor_214, sensor_029, sensor_107"
U0606,2008-08-31 10:59:00,train,1,62.43547006954028,195.46991567606807,0.4390848039291094,0.26732895845548893,0.1540038764913151,0.9569304904888932,False,False,False,False,0,T2,"sensor_367, sensor_227, sensor_368"
U0607,2008-08-31 10:59:00,train,0,15.7623988002541,99.04798764609677,0.3894060995107746,0.0674896120640836,0.07803642828311895,0.8486619588510615,False,False,False,False,0,SPE,"sensor_147, sensor_418, sensor_468"
U0608,2008-08-31 11:03:00,train,0,59.50387964890089,186.54593701107683,0.4269742058778758,0.2547768144114906,0.14697298734716688,0.9305369545942831,False,False,False,False,0,T2,"sensor_228, sensor_368, sensor_102"
U0609,2008-08-31 15:09:00,train,0,15.664157749420333,92.23572482872683,0.3934835530112158,0.06706897492036205,0.07266928583603667,0.8575482595000652,False,False,False,False,0,SPE,"sensor_001, sensor_160, sensor_023"
U0610,2008-08-31 15:13:00,train,0,23.378500438553097,143.6433311115243,0.41667682560712266,0.10009935322868,0.11317153203237752,0.9080951003896602,False,False,False,False,0,SPE,"sensor_126, sensor_095, sensor_215"
U0611,2008-08-31 16:32:00,train,0,21.238975118277605,202.95502096624838,0.39875982910451946,0.09093858171816921,0.1599011278747133,0.8690472442627787,False,False,False,False,0,SPE,"sensor_214, sensor_219, sensor_020"
U0612,2008-08-31 20:24:00,train,0,24.04956742490332,141.42006581071627,0.419807901397419,0.10297265006323669,0.11141989944171085,0.914918889017631,False,False,False,False,0,SPE,"sensor_145, sensor_385, sensor_487"
U0613,2008-08-31 21:04:00,train,0,22.018385090374856,115.3543587697385,0.41741079190064534,0.0942757689903802,0.09088364498069246,0.9096946882573752,False,False,False,False,0,T2,"sensor_124, sensor_048, sensor_268"
U0614,2008-08-31 21:46:00,train,0,23.910087765762334,69.72502343703825,0.3880307294023485,0.10237544222669191,0.054933895380333275,0.8456645114771543,False,False,False,False,0,T2,"sensor_476, sensor_124, sensor_254"
U0615,2008-08-31 21:58:00,train,0,29.40364531312748,84.93211165340011,0.40593379689985815,0.1258971201401714,0.06691502571113159,0.8846820110771031,False,False,False,False,0,T2,"sensor_269, sensor_407, sensor_356"
U0616,2008-08-31 22:32:00,train,0,19.103273775102075,97.63915124394221,0.397774194289805,0.08179418326954378,0.07692645559743244,0.8668991762853683,False,False,False,False,0,T2,"sensor_558, sensor_560, sensor_270"
U0617,2008-08-31 22:48:00,train,0,34.3429637288342,132.38866074701903,0.41081829408993314,0.14704572118506162,0.10430437281367663,0.8953271626516147,False,False,False,False,0,T2,"sensor_432, sensor_061, sensor_102"
U0618,2008-08-31 22:57:00,train,0,26.433310857725356,88.24424622242833,0.41001531696265,0.11317908637919087,0.06952454012836058,0.8935771742908549,False,False,False,False,0,T2,"sensor_546, sensor_549, sensor_050"
U0619,2008-09-01 00:01:00,train,0,51.66200806570143,273.33715913348146,0.44856624340079904,0.22120039766723457,0.21535274085572972,0.977594103629214,False,False,False,False,0,T2,"sensor_385, sensor_247, sensor_101"
U0620,2008-09-01 00:39:00,train,0,26.839971692034048,109.38888664541727,0.4030792790704604,0.11492027960091725,0.08618365915899279,0.8784609459840922,False,False,False,False,0,T2,"sensor_549, sensor_555, sensor_546"
U0621,2008-09-01 00:45:00,train,0,29.050270028526594,117.14255932649723,0.3933782306451093,0.1243840788085205,0.09229250535049559,0.8573187225574157,False,False,False,False,0,T2,"sensor_572, sensor_573, sensor_269"
U0622,2008-09-01 00:53:00,train,0,80.24141826456726,145.2468035714536,0.41678540676550846,0.3435684034374398,0.11443485162722201,0.9083317394630743,False,False,False,False,0,T2,"sensor_033, sensor_032, sensor_034"
U0623,2008-09-01 05:29:00,train,0,42.07456072873883,130.7766115691264,0.41882314566476153,0.18014997700118682,0.10303429592418985,0.9127727368897705,False,False,False,False,0,T2,"sensor_549, sensor_555, sensor_546"
U0624,2008-09-01 05:32:00,train,0,27.022704994415744,101.62879099590506,0.39668593518443407,0.11570268587328808,0.08006975253640664,0.8645274514837745,False,False,False,False,0,T2,"sensor_573, sensor_098, sensor_037"
U0625,2008-09-01 06:12:00,train,0,23.36388407804126,129.92497621039558,0.4095850383768389,0.10003677059051475,0.10236332235698901,0.8926394358528981,False,False,False,False,0,SPE,"sensor_214, sensor_432, sensor_215"
U0626,2008-09-01 06:21:00,train,0,21.53246278539328,99.06060597552273,0.3930775045168341,0.09219520319122258,0.07804636982138442,0.8566633275201516,False,False,False,False,0,T2,"sensor_102, sensor_092, sensor_238"
U0627,2008-09-01 06:52:00,train,0,65.62198882906988,197.04853953111336,0.42895096812097355,0.28097262511059923,0.15524761874371126,0.9348450610145929,False,False,False,False,0,T2,"sensor_119, sensor_254, sensor_135"
U0628,2008-09-01 08:18:00,train,0,37.98745938296991,132.19528704433736,0.4096129707575328,0.1626503002205123,0.1041520204697292,0.8927003109879944,False,False,False,False,0,T2,"sensor_558, sensor_560, sensor_559"
U0629,2008-09-01 09:06:00,train,0,22.788202283859412,134.28851815397468,0.40834967844941283,0.0975718830150867,0.10580120369141016,0.889947123181852,False,False,False,False,0,SPE,"sensor_095, sensor_100, sensor_487"
U0630,2008-09-01 09:19:00,train,0,15.653807971431732,91.11771467173016,0.39781672072652036,0.06702466044067837,0.07178844492740556,0.8669918573428329,False,False,False,False,0,SPE,"sensor_486, sensor_175, sensor_099"
U0631,2008-09-01 09:54:00,train,0,27.545597457975347,94.01852170047738,0.4038752768645371,0.11794154621200137,0.07407388883234209,0.8801957237598153,False,False,False,False,0,T2,"sensor_278, sensor_068, sensor_143"
U0632,2008-09-01 10:57:00,train,0,15.29328725446269,129.12322607735143,0.392031916624552,0.06548102462498553,0.10173165160581908,0.8543845992980464,False,False,False,False,0,SPE,"sensor_211, sensor_001, sensor_587"
U0633,2008-09-01 11:40:00,train,0,59.22188608646601,142.36320426516585,0.4029085817130709,0.25356940706350545,0.11216296508202128,0.8780889324129776,False,False,False,False,0,T2,"sensor_270, sensor_135, sensor_102"
U0634,2008-09-01 16:20:00,train,0,21.684178816032432,142.30020189413295,0.4146051689192113,0.09284480330485337,0.11211332772819294,0.9035801833787593,False,False,False,False,0,SPE,"sensor_385, sensor_558, sensor_418"
U0635,2008-09-01 19:54:00,train,1,566.4377707353916,1487.3529816053526,0.4806055299169781,2.4253075873679606,1.1718331390582588,1.0474197270315473,True,True,True,True,3,T2,"sensor_337, sensor_202, sensor_471"
U0636,2008-09-01 20:51:00,train,0,23.523280924646,169.14201960578208,0.4077485866227028,0.10071925753161529,0.13326105250911335,0.8886371186191449,False,False,False,False,0,SPE,"sensor_216, sensor_212, sensor_476"
U0637,2008-09-01 22:05:00,train,0,24.331284172836327,80.0554564270085,0.3930301250132014,0.10417887217897502,0.06307288045528292,0.8565600698094664,False,False,False,False,0,T2,"sensor_150, sensor_068, sensor_278"
U0638,2008-09-01 23:05:00,train,0,18.98849215259777,99.58961184991571,0.4042549612795033,0.0813027246233651,0.07846315495715031,0.8810231985213951,False,False,False,False,0,T2,"sensor_216, sensor_044, sensor_144"
U0639,2008-09-01 23:19:00,train,0,60.008885455786036,487.99511248812183,0.40851320207545183,0.25693908973701013,0.38447419784295406,0.8903035025014544,False,False,False,False,0,SPE,"sensor_153, sensor_012, sensor_016"
U0640,2008-09-01 23:24:00,train,0,26.859972416462636,99.98766092164921,0.4105378679481103,0.11500591638436572,0.07877676383076498,0.8947160088994486,False,False,False,False,0,T2,"sensor_218, sensor_546, sensor_083"
U0641,2008-09-01 23:28:00,train,0,22.66988193443622,146.2582629478681,0.4010226974591473,0.09706527265818281,0.11523174492071206,0.8739788832198295,False,False,False,False,0,SPE,"sensor_214, sensor_018, sensor_040"
U0642,2008-09-01 23:39:00,train,0,40.45379423490138,108.14422630267329,0.41375344860842755,0.17321036690111807,0.08520303502031337,0.9017239653373598,False,False,False,False,0,T2,"sensor_560, sensor_559, sensor_558"
U0643,2008-09-01 23:45:00,train,0,16.39864820236335,89.11238921754146,0.4038848755327428,0.07021383100236261,0.07020851948208254,0.8802166428583401,False,False,False,False,0,T2,"sensor_218, sensor_356, sensor_559"
U0644,2008-09-01 23:59:00,train,0,77.71402938666928,152.44332503400312,0.4223352453431228,0.33274692270560696,0.12010473795552142,0.9204269194936455,False,False,False,False,0,T2,"sensor_439, sensor_065, sensor_438"
U0645,2008-09-02 00:26:00,train,0,17.171025547974555,105.57854622985911,0.40421359303958126,0.07352090678968164,0.08318162586544015,0.8809330416091882,False,False,False,False,0,SPE,"sensor_023, sensor_487, sensor_118"
U0646,2008-09-02 00:31:00,train,0,19.5456402050407,90.12481007491087,0.39935937078596984,0.08368825657177811,0.07100617029262432,0.8703538704774985,False,False,False,False,0,T2,"sensor_558, sensor_121, sensor_438"
U0647,2008-09-02 00:46:00,train,0,24.95456965062332,103.68368858880987,0.4019675596427499,0.10684758368882104,0.08168873412754034,0.8760380923400458,False,False,False,False,0,T2,"sensor_563, sensor_564, sensor_480"
U0648,2008-09-02 01:09:00,train,0,26.56631033902164,113.25395631727199,0.4024606900449268,0.11374854814139841,0.08922881171004347,0.8771128084618689,False,False,False,False,0,T2,"sensor_000, sensor_102, sensor_484"
U0650,2008-09-02 01:10:00,train,0,12.258152999861798,77.34850343723178,0.38237914166749104,0.052485538595148276,0.06094016733437371,0.8333475818663738,False,False,False,False,0,SPE,"sensor_215, sensor_113, sensor_489"
U0649,2008-09-02 01:10:00,train,0,36.79615042986215,77.90044371671358,0.42022275591455954,0.15754949163721366,0.061375021681846595,0.9158230126243156,False,False,False,False,0,T2,"sensor_549, sensor_555, sensor_054"
U0651,2008-09-02 01:36:00,train,0,24.490142087711178,78.34012886814881,0.40934396235095,0.10485905158466548,0.06172143415929868,0.8921140407637612,False,False,False,False,0,T2,"sensor_101, sensor_098, sensor_044"
U0652,2008-09-02 01:50:00,train,0,14.327872849719052,84.81911354855589,0.39046582741901376,0.061347425134013644,0.06682599847580489,0.8509715034719221,False,False,False,False,0,SPE,"sensor_487, sensor_040, sensor_489"
U0653,2008-09-02 02:02:00,train,0,26.808479425216976,113.35450983700706,0.4163447233072954,0.11478543966332674,0.08930803429414541,0.9073713249052381,False,False,False,False,0,T2,"sensor_061, sensor_102, sensor_044"
U0654,2008-09-02 02:11:00,train,0,96.94990104742485,264.2442449612888,0.43425832695574856,0.4151088482316865,0.20818875336293757,0.9464117867302516,False,False,False,False,0,T2,"sensor_119, sensor_549, sensor_546"
U0655,2008-09-02 02:50:00,train,0,13.590146373909299,117.55519911882871,0.40445193424386827,0.05818871342441008,0.09261760974005767,0.8814524764962104,False,False,False,False,0,SPE,"sensor_023, sensor_215, sensor_487"
U0656,2008-09-02 02:52:00,train,0,26.04201747075912,91.47657021390751,0.3915379204056389,0.1115036917121579,0.07207117459659564,0.8533079962367833,False,False,False,False,0,T2,"sensor_102, sensor_489, sensor_088"
U0657,2008-09-02 03:33:00,train,0,12.630868664565694,91.41608035223783,0.3952039511198372,0.05408138932445907,0.07202351676058882,0.8612976523079863,False,False,False,False,0,SPE,"sensor_221, sensor_218, sensor_487"
U0658,2008-09-02 03:35:00,train,0,19.519438523832918,113.2474003040088,0.40950644104258943,0.08357606925038438,0.08922364645761388,0.8924681427793473,False,False,False,False,0,SPE,"sensor_212, sensor_468, sensor_077"
U0659,2008-09-02 03:35:00,train,0,24.330390048278293,89.27325772191435,0.4030892221277043,0.10417504382008604,0.07033526212272419,0.8784826156355132,False,False,False,False,0,T2,"sensor_054, sensor_053, sensor_060"
U0660,2008-09-02 04:19:00,train,0,15.640441105039368,106.05139146177743,0.3929241942437617,0.06696742774159715,0.08355416400484637,0.856329206927739,False,False,False,False,0,SPE,"sensor_212, sensor_126, sensor_136"
U0661,2008-09-02 04:22:00,train,0,16.025229970949287,86.5534756584709,0.38450118972709424,0.06861497210435115,0.0681924414255691,0.8379723205782262,False,False,False,False,0,T2,"sensor_476, sensor_150, sensor_134"
U0662,2008-09-02 05:46:00,train,0,18.07592088887851,98.40817857264798,0.39628610942547515,0.07739538276825034,0.07753234520115394,0.8636560811785239,False,False,False,False,0,SPE,"sensor_009, sensor_076, sensor_024"
U0663,2008-09-02 06:03:00,train,0,17.721895346461505,78.4772899224034,0.3879460151028097,0.07587955723805787,0.06182949853322437,0.8454798872417362,False,False,False,False,0,T2,"sensor_218, sensor_356, sensor_083"
U0664,2008-09-02 06:19:00,train,0,15.689698948276979,92.96180870632928,0.3939363419364981,0.06717833426498535,0.0732413418039429,0.8585350564114616,False,False,False,False,0,SPE,"sensor_238, sensor_126, sensor_489"
U0665,2008-09-02 06:32:00,train,0,23.19234575902939,80.92105585936218,0.397799371093379,0.09930229770025585,0.06375485582530388,0.8669540459842907,False,False,False,False,0,T2,"sensor_473, sensor_480, sensor_201"
U0666,2008-09-02 06:48:00,train,0,20.493020119429424,88.10307644270469,0.4014955439587609,0.0877446380724396,0.06941331742053021,0.8750093931093821,False,False,False,False,0,T2,"sensor_136, sensor_476, sensor_137"
U0667,2008-09-02 07:22:00,train,0,27.641625967278845,130.65665367046583,0.3932929808596378,0.11835270995186822,0.10293978531192717,0.8571329312972871,False,False,False,False,0,T2,"sensor_023, sensor_161, sensor_102"
U0668,2008-09-02 07:32:00,train,0,33.025521873380846,385.92190022260826,0.4316857036800793,0.14140485136135816,0.3040543014080443,0.9408050756097575,False,False,False,False,0,SPE,"sensor_026, sensor_022, sensor_021"
U0669,2008-09-02 08:15:00,train,0,15.113763312077879,105.9839700198992,0.3911083171246277,0.06471235981823224,0.08350104502041356,0.8523717295412954,False,False,False,False,0,SPE,"sensor_173, sensor_113, sensor_168"
U0670,2008-09-02 08:54:00,train,0,24.580986203378657,96.3290957595451,0.40157857582255024,0.10524801738881732,0.07589430892505034,0.8751903506862126,False,False,False,False,0,T2,"sensor_558, sensor_182, sensor_268"
U0671,2008-09-02 09:36:00,train,0,66.85150770971254,115.02530824391917,0.4056448081220901,0.28623703653246363,0.09062439763635093,0.8840521961293282,False,False,False,False,0,T2,"sensor_270, sensor_135, sensor_496"
U0672,2008-09-02 09:37:00,train,0,16.382287583043293,103.29652505734276,0.39078516983259026,0.07014377999902034,0.08138370158851366,0.8516674703779119,False,False,False,False,0,SPE,"sensor_115, sensor_468, sensor_113"
U0673,2008-09-02 10:13:00,train,0,63.90999939637238,700.5101253171634,0.4150282403045673,0.2736424272051445,0.55190730730677,0.9045022146234706,False,False,False,False,0,SPE,"sensor_156, sensor_020, sensor_485"
U0674,2008-09-02 10:21:00,train,0,20.008353954578283,118.53720325970325,0.40338123032437273,0.08566945066848536,0.09339129628871216,0.8791190110296699,False,False,False,False,0,SPE,"sensor_091, sensor_468, sensor_500"
U0675,2008-09-02 10:25:00,train,0,22.515753302308724,105.57785312335422,0.4145449662030701,0.09640534254715905,0.08318107979118515,0.9034489790779723,False,False,False,False,0,T2,"sensor_558, sensor_133, sensor_055"
U0676,2008-09-02 10:33:00,train,0,49.02937136029969,237.54561918737954,0.4129547156096839,0.20992827898753422,0.18715384447707686,0.8999832265246797,False,False,False,False,0,T2,"sensor_119, sensor_254, sensor_170"
U0677,2008-09-02 11:08:00,train,0,24.364008385692824,111.83008335238944,0.4065000895596583,0.10431898692031451,0.0881069922450651,0.8859161752017861,False,False,False,False,0,T2,"sensor_108, sensor_092, sensor_182"
U0678,2008-09-02 11:22:00,train,0,14.41048684326305,69.57351589901916,0.38394890982809393,0.061701152155262416,0.05481452791607723,0.836768695515577,False,False,False,False,0,T2,"sensor_061, sensor_068, sensor_044"
U0679,2008-09-02 11:47:00,train,0,16.13744361082701,108.11875075571456,0.408095010377224,0.06909543546019038,0.08518296373223913,0.8893921059253885,False,False,False,False,0,SPE,"sensor_219, sensor_117, sensor_563"
U0680,2008-09-02 11:49:00,train,0,22.895580647227355,103.37529948329964,0.3855343823383902,0.09803164324445367,0.08144576519008517,0.8402240348335357,False,False,False,False,0,T2,"sensor_572, sensor_573, sensor_570"
U0681,2008-09-02 12:01:00,train,0,21.304976711697133,106.93633282422823,0.3947208068703289,0.09122117969021287,0.08425137820179103,0.8602446997586798,False,False,False,False,0,T2,"sensor_150, sensor_423, sensor_090"
U0682,2008-09-02 12:17:00,train,0,14.039787183727835,78.98989502906156,0.3881923923546198,0.06011393332319504,0.06223336208052044,0.8460168356906694,False,False,False,False,0,SPE,"sensor_486, sensor_239, sensor_482"
U0683,2008-09-02 12:26:00,train,0,35.084149513436756,97.01675116523572,0.40073214963865134,0.15021924456206398,0.07643608845056087,0.8733456705331464,False,False,False,False,0,T2,"sensor_560, sensor_558, sensor_559"
U0684,2008-09-02 12:30:00,train,0,38.64966336746651,92.42421138254095,0.40884527050307046,0.16548564848109845,0.0728177877671572,0.8910272041656283,False,False,False,False,0,T2,"sensor_201, sensor_337, sensor_473"
U0685,2008-09-02 12:44:00,train,0,17.362380288252503,92.88208573459141,0.3968885831582906,0.07434022733547153,0.07317853087648854,0.864969097432994,False,False,False,False,0,T2,"sensor_555, sensor_549, sensor_480"
U0686,2008-09-02 13:05:00,train,0,24.641552048671556,108.14395015520823,0.40042611193855593,0.10550734120462417,0.08520281745343125,0.8726786995884911,False,False,False,False,0,T2,"sensor_054, sensor_053, sensor_043"
U0687,2008-09-02 13:08:00,train,0,28.594971868020423,101.30212738765162,0.4016111629190268,0.12243463592134034,0.07981238576052364,0.8752613701930048,False,False,False,False,0,T2,"sensor_558, sensor_560, sensor_559"
U0688,2008-09-02 13:27:00,train,0,15.32512436194483,91.86130580364647,0.39510339127409627,0.06561734106136308,0.0723742942456682,0.8610784946836566,False,False,False,False,0,SPE,"sensor_071, sensor_212, sensor_088"
U0689,2008-09-02 13:40:00,train,0,22.445085467056334,95.41743130426286,0.4055366039441114,0.09610276520172888,0.07517604054248513,0.8838163786376283,False,False,False,False,0,T2,"sensor_055, sensor_056, sensor_137"
U0690,2008-09-02 14:09:00,train,0,80.0193852004317,263.6796771619322,0.4133858108059237,0.34261772800067397,0.20774395023636757,0.900922744663075,False,False,False,False,0,T2,"sensor_367, sensor_227, sensor_368"
U0691,2008-09-02 14:21:00,train,0,20.5895874630262,140.4909365939189,0.40253697540251954,0.08815810893052373,0.11068787118737189,0.8772790628710516,False,False,False,False,0,SPE,"sensor_216, sensor_081, sensor_489"
U0692,2008-09-02 14:34:00,train,0,21.91633538099381,91.87230417247508,0.3972211128624475,0.09383882437397649,0.07238295947391485,0.8656938043917717,False,False,False,False,0,T2,"sensor_560, sensor_559, sensor_175"
U0693,2008-09-02 15:29:00,train,0,23.62862353841034,89.52408577710679,0.39954621190009826,0.10117030132430611,0.07053288073169943,0.8707610673501446,False,False,False,False,0,T2,"sensor_182, sensor_102, sensor_473"
U0694,2008-09-02 16:10:00,train,0,15.927533679741838,75.79961886460521,0.395682829881788,0.06819666744925106,0.05971985561736563,0.8623413087599009,False,False,False,False,0,T2,"sensor_472, sensor_055, sensor_031"
U0695,2008-09-02 16:50:00,train,0,28.180537326949615,107.79048594495367,0.40726793408473705,0.12066015814309923,0.08492433542517708,0.8875895964439421,False,False,False,False,0,T2,"sensor_473, sensor_201, sensor_337"
U0696,2008-09-02 16:54:00,train,0,19.288654768338613,127.92828700799271,0.4154299530871626,0.08258792611770639,0.10079020111091462,0.9053776974610561,False,False,False,False,0,SPE,"sensor_216, sensor_476, sensor_010"
U0697,2008-09-02 16:58:00,train,0,28.358539325260757,91.41530995138655,0.41105086340449887,0.12142230646613601,0.07202290978883494,0.8958340184258718,False,False,False,False,0,T2,"sensor_068, sensor_098, sensor_061"
U0698,2008-09-02 17:10:00,train,0,25.481299810623,86.96921907137913,0.3972282323082968,0.10910287583129989,0.0685199910487024,0.8657093203348142,False,False,False,False,0,T2,"sensor_218, sensor_356, sensor_083"
U0699,2008-09-02 17:18:00,train,0,25.424187649692914,174.71472658005126,0.41259803221059244,0.10885833960085946,0.13765159247338016,0.8992058796044775,False,False,False,False,0,SPE,"sensor_252, sensor_117, sensor_547"
U0700,2008-09-02 18:38:00,train,0,17.34580747745469,156.91739471480727,0.3936595568508246,0.07426926779525626,0.1236297002094467,0.8579318378864217,False,False,False,False,0,SPE,"sensor_385, sensor_247, sensor_092"
U0701,2008-09-02 18:52:00,train,0,17.755625721814088,113.79694053524766,0.3961841105153245,0.07602398004934247,0.08965660989142928,0.8634337872930457,False,False,False,False,0,SPE,"sensor_170, sensor_558, sensor_083"
U0702,2008-09-02 19:18:00,train,0,20.906351852177313,132.2577938492775,0.41723933982529743,0.08951439397383709,0.10420126738445044,0.9093210298727309,False,False,False,False,0,SPE,"sensor_084, sensor_037, sensor_542"
U0703,2008-09-02 20:18:00,train,0,48.69378350042134,298.07736977164353,0.4116645081424269,0.20849139778920794,0.23484468328743718,0.8971713804907777,False,False,False,False,0,SPE,"sensor_239, sensor_238, sensor_099"
U0704,2008-09-02 20:52:00,train,0,43.44375263111387,142.06983117095322,0.41716283458086284,0.18601242417712593,0.1119318267321083,0.9091542962476392,False,False,False,False,0,T2,"sensor_565, sensor_569, sensor_563"
U0705,2008-09-02 20:58:00,train,0,58.87681811951988,125.46994824141355,0.40748148095827247,0.25209193504163524,0.09885336239856016,0.8880549951837892,False,False,False,False,0,T2,"sensor_224, sensor_496, sensor_250"
U0706,2008-09-02 20:59:00,train,0,24.435878628746497,120.18064122289744,0.4159219234330567,0.10462671259608955,0.09468610329893426,0.9064498853850965,False,False,False,False,0,T2,"sensor_473, sensor_182, sensor_201"
U0707,2008-09-03 00:18:00,train,0,19.6487385335553,108.95626334515798,0.4145600274051645,0.08412969104403581,0.08584281046588337,0.9034818030868621,False,False,False,False,0,SPE,"sensor_113, sensor_238, sensor_214"
U0708,2008-09-03 00:45:00,train,0,13.276114075679017,84.75216383488367,0.3781644729818111,0.056844126331307684,0.06677325114944603,0.8241622378586886,False,False,False,False,0,SPE,"sensor_009, sensor_587, sensor_037"
U0709,2008-09-03 00:58:00,train,0,27.795592955867086,106.49412569054489,0.4011159595637617,0.11901194795632272,0.08390297874316434,0.8741821363288282,False,False,False,False,0,T2,"sensor_098, sensor_101, sensor_094"
U0710,2008-09-03 01:15:00,train,1,39.22795405877444,436.4604283612488,0.4343923092236358,0.1679617065298273,0.3438718314795987,0.9467037843493422,False,False,False,False,0,SPE,"sensor_471, sensor_196, sensor_203"
U0711,2008-09-03 01:32:00,train,0,15.175575247469752,93.44165627268133,0.39347773035030476,0.06497701899818271,0.07361939683654241,0.8575355697378332,False,False,False,False,0,SPE,"sensor_037, sensor_487, sensor_024"
U0712,2008-09-03 04:18:00,train,0,11.648527129767391,109.65411154579971,0.39007883114731057,0.049875313210149284,0.08639262053629551,0.8501280934318013,False,False,False,False,0,SPE,"sensor_500, sensor_564, sensor_044"
U0713,2008-09-03 06:26:00,train,0,15.762219460968844,100.6313916882204,0.39101667251891964,0.06748884418992034,0.07928393667690761,0.8521720015691449,False,False,False,False,0,SPE,"sensor_000, sensor_001, sensor_084"
U0714,2008-09-03 09:38:00,train,0,74.88125738189441,169.13573474754918,0.4277631163635868,0.32061788789999285,0.13325610089020198,0.9322562864665953,False,False,False,False,0,T2,"sensor_228, sensor_368, sensor_102"
U0715,2008-09-03 14:24:00,train,0,18.50249208983459,97.50516617442798,0.3965137154784385,0.07922182588995158,0.07682089347025915,0.8641521201440072,False,False,False,False,0,T2,"sensor_565, sensor_563, sensor_569"
U0716,2008-09-03 14:29:00,train,0,53.436278142972945,184.09981973311545,0.4197590919815949,0.22879726161728484,0.14504577751615266,0.9148125149919141,False,False,False,False,0,T2,"sensor_385, sensor_247, sensor_565"
U0717,2008-09-03 17:22:00,train,0,21.367970702969533,148.24318820067512,0.4234152573472104,0.09149090006001306,0.11679559776436073,0.9227806707680175,False,False,False,False,0,SPE,"sensor_485, sensor_589, sensor_500"
U0718,2008-09-03 18:16:00,train,0,13.432272863197452,72.66596948340862,0.38343221986949344,0.05751274892635629,0.057250963406511875,0.835642634283009,False,False,False,False,0,T2,"sensor_061, sensor_031, sensor_144"
U0719,2008-09-03 18:16:00,train,0,13.21725056826142,101.48535464506585,0.38435692651257963,0.05659209138848662,0.0799567440768562,0.8376579169200044,False,False,False,False,0,SPE,"sensor_090, sensor_117, sensor_115"
U0720,2008-09-03 20:00:00,train,0,17.084097382072425,122.40718252363115,0.39576491881436365,0.07314870784531269,0.09644031693480268,0.862520211335919,False,False,False,False,0,SPE,"sensor_023, sensor_161, sensor_086"
U0721,2008-09-03 20:10:00,train,0,25.12105478943532,122.50896450754023,0.4144626037819957,0.10756042045784606,0.0965205073826512,0.9032694804679285,False,False,False,False,0,T2,"sensor_030, sensor_337, sensor_201"
U0722,2008-09-04 08:01:00,train,0,229.51720706472702,147.19584450262573,0.41773594088151283,0.9827201724258282,0.11597043247506038,0.910403309851562,False,False,False,False,0,T2,"sensor_290, sensor_019, sensor_155"
U0723,2008-09-04 08:22:00,train,0,21.166597143031368,107.21042203354874,0.4166119285903612,0.09062868209354649,0.08446732345655723,0.907953665446968,False,False,False,False,0,T2,"sensor_278, sensor_143, sensor_273"
U0724,2008-09-04 08:33:00,train,0,19.199332638677504,107.39741903395633,0.4123796733669381,0.08220547697681364,0.08461465182090125,0.8987299937767492,False,False,False,False,0,SPE,"sensor_484, sensor_088, sensor_024"
U0725,2008-09-04 08:41:00,train,0,18.29936996769935,103.87375102921769,0.398208615080735,0.07835212113255642,0.08183847764432126,0.8678459421420395,False,False,False,False,0,SPE,"sensor_137, sensor_037, sensor_215"
U0726,2008-09-04 08:53:00,train,0,35.812300020992595,81.5498340319343,0.40958464608316186,0.15333695500080866,0.06425024804816493,0.8926385808978247,False,False,False,False,0,T2,"sensor_549, sensor_555, sensor_546"
U0727,2008-09-04 11:50:00,train,0,22.10983119584937,90.72274611515299,0.39066468825535416,0.09466731232470738,0.07147726308341344,0.8514048958279212,False,False,False,False,0,T2,"sensor_133, sensor_472, sensor_055"
U0728,2008-09-04 14:09:00,train,0,14.032622832239195,97.56900673916502,0.3835285589955254,0.060083257833456055,0.07687119120744747,0.8358525933758815,False,False,False,False,0,SPE,"sensor_007, sensor_562, sensor_215"
U0729,2008-09-04 14:11:00,train,0,21.838599940176195,105.48266091765903,0.41679387691466957,0.0935059857742878,0.08310608119798418,0.9083501990952882,False,False,False,False,0,T2,"sensor_182, sensor_573, sensor_473"
U0730,2008-09-04 14:48:00,train,0,17.744932850361266,115.57511463998769,0.41639705010604117,0.0759781965518338,0.09105757077208088,0.9074853646277278,False,False,False,False,0,SPE,"sensor_468, sensor_037, sensor_024"
U0731,2008-09-04 16:30:00,train,0,25.084190700436142,91.43997229726187,0.3950953837026784,0.10740258007471794,0.07204234038435668,0.8610610431818602,False,False,False,False,0,T2,"sensor_560, sensor_559, sensor_558"
U0732,2008-09-04 16:41:00,train,0,23.104298775995307,79.75910769192535,0.3904535046364965,0.09892530833438043,0.06283939770251122,0.8509446475064846,False,False,False,False,0,T2,"sensor_565, sensor_133, sensor_564"
U0733,2008-09-04 16:56:00,train,0,36.75791054060412,250.54937213257531,0.42649203903655364,0.15738576051201486,0.197399044387094,0.9294861321840445,False,False,False,False,0,SPE,"sensor_238, sensor_239, sensor_254"
U0734,2008-09-04 17:30:00,train,0,14.875781016545542,95.30045043672594,0.38548839726910666,0.06369339481124747,0.07508387542841276,0.8401238161183561,False,False,False,False,0,SPE,"sensor_009, sensor_564, sensor_126"
U0735,2008-09-05 15:30:00,train,0,244.3661761414246,148.20319595483724,0.43241296551550873,1.0462987669809753,0.11676408927944976,0.9423900519484141,True,False,False,True,1,T2,"sensor_290, sensor_019, sensor_155"
U0736,2008-09-05 21:48:00,train,0,17.743656021963496,101.15202020541413,0.4035568237128387,0.07597272957600544,0.07969412158737041,0.8795016948890241,False,False,False,False,0,SPE,"sensor_487, sensor_118, sensor_484"
U0737,2008-09-07 00:08:00,train,0,32.79928999447568,86.1683791788301,0.40769084850224974,0.14043619792622286,0.06788903744402687,0.8885112855968433,False,False,False,False,0,T2,"sensor_218, sensor_356, sensor_562"
U0738,2008-09-07 00:12:00,train,0,23.819453526859476,107.96342249841356,0.40894852266393084,0.10198737504854269,0.08506058605754552,0.891252229354503,False,False,False,False,0,T2,"sensor_098, sensor_094, sensor_101"
U0739,2008-09-07 00:49:00,train,0,35.87336144469251,100.42652525685989,0.4219396489199014,0.15359840072679307,0.0791225296159625,0.9195647664974101,False,False,False,False,0,T2,"sensor_480, sensor_030, sensor_029"
U0740,2008-09-07 10:52:00,train,0,24.942042628702442,111.85031018479191,0.4142434407607769,0.10679394693844617,0.08812292825541404,0.9027918420356367,False,False,False,False,0,T2,"sensor_123, sensor_121, sensor_124"
U0741,2008-09-07 12:04:00,train,0,22.924575398233742,106.90932029777164,0.41104583882532025,0.09815578960834875,0.08423009598158977,0.895823067983099,False,False,False,False,0,T2,"sensor_269, sensor_239, sensor_407"
U0742,2008-09-07 12:20:00,train,0,17.451886193771575,77.73501618812855,0.3865194343306372,0.0747234633465303,0.061244687146261634,0.84237083262217,False,False,False,False,0,T2,"sensor_269, sensor_031, sensor_407"
U0743,2008-09-07 13:02:00,train,0,24.52712172723918,90.7190183280556,0.4150644544529593,0.10501738671865374,0.07147432609097783,0.9045811388369103,False,False,False,False,0,T2,"sensor_473, sensor_201, sensor_337"
U0744,2008-09-07 18:02:00,train,0,15.627230300236548,78.7510505491239,0.3885888018370257,0.06691086324893997,0.06204518490930854,0.8468807606478502,False,False,False,False,0,T2,"sensor_123, sensor_121, sensor_124"
U0745,2008-09-07 18:24:00,train,0,14.590346783617166,85.67957014948384,0.3875448074597697,0.062471255599173055,0.06750392198969767,0.8446055052927217,False,False,False,False,0,SPE,"sensor_126, sensor_128, sensor_486"
U0746,2008-09-07 18:49:00,train,0,28.084790099097532,92.36216223940136,0.4191197882396757,0.12025019876154593,0.07276890142808343,0.9134192323325012,False,False,False,False,0,T2,"sensor_201, sensor_337, sensor_269"
U0747,2008-09-07 19:29:00,train,0,30.05193302998358,134.99819280460767,0.42497803213763286,0.12867288333909663,0.10636033140611291,0.9261865432403521,False,False,False,False,0,T2,"sensor_473, sensor_201, sensor_337"
U0748,2008-09-07 19:31:00,train,0,41.565103079099934,100.52202611162488,0.40657300844447297,0.17796864029140538,0.07919777138291766,0.8860750928040061,False,False,False,False,0,T2,"sensor_549, sensor_555, sensor_546"
U0749,2008-09-07 20:12:00,train,0,11.775998947552944,115.65848244222347,0.3951900422183477,0.05042110726348283,0.09112325333338177,0.8612673395943478,False,False,False,False,0,SPE,"sensor_483, sensor_001, sensor_136"
U0750,2008-09-07 20:50:00,train,0,11.752182818250988,91.52198632125942,0.38996202663722945,0.050319134121715146,0.07210695635136413,0.8498735325904261,False,False,False,False,0,SPE,"sensor_483, sensor_113, sensor_547"
U0751,2008-09-07 23:33:00,train,0,49.29976828704554,143.90480626683907,0.42866296928403225,0.21108603320506508,0.11337753911733159,0.9342174035192108,False,False,False,False,0,T2,"sensor_056, sensor_043, sensor_044"
U0752,2008-09-08 00:32:00,train,0,23.7411769427871,111.57178235391046,0.40584665274340176,0.10165221944439307,0.08790348596672168,0.8844920912720111,False,False,False,False,0,T2,"sensor_123, sensor_077, sensor_224"
U0753,2008-09-08 00:40:00,train,0,15.623175024647846,106.85841890650212,0.39973608499209723,0.06689349983999678,0.08418999256441075,0.8711748720398795,False,False,False,False,0,SPE,"sensor_037, sensor_170, sensor_564"
U0754,2008-09-08 01:24:00,train,0,29.219256540606214,104.15029237524828,0.40988455340819496,0.1251076256676529,0.08205635485141749,0.8932921914556874,False,False,False,False,0,T2,"sensor_102, sensor_123, sensor_473"
U0755,2008-09-08 03:32:00,train,0,29.546144626862336,119.93243738208693,0.43171449569336107,0.12650725718372904,0.09449055221623878,0.9408678242067149,False,False,False,False,0,T2,"sensor_413, sensor_140, sensor_555"
U0756,2008-09-08 03:48:00,train,0,21.16847172162249,93.09940169873403,0.39986485364694996,0.09063670844686375,0.07334974648675602,0.8714555072405178,False,False,False,False,0,T2,"sensor_123, sensor_121, sensor_137"
U0757,2008-09-08 04:21:00,train,0,35.77987481751033,97.99171560325395,0.4015268203498771,0.1531981205231477,0.07720422866475532,0.8750775560975422,False,False,False,False,0,T2,"sensor_356, sensor_123, sensor_218"
U0758,2008-09-08 06:37:00,train,0,24.870060964073758,98.66033230282267,0.41132519842064735,0.10648574419068683,0.07773100826285496,0.8964318973303844,False,False,False,False,0,T2,"sensor_123, sensor_121, sensor_137"
U0759,2008-09-08 07:14:00,train,0,19.735911219502253,99.71527654493624,0.40808168912766984,0.08450293694598883,0.07856216175369148,0.8893630739257481,False,False,False,False,0,T2,"sensor_123, sensor_121, sensor_054"
U0760,2008-09-08 07:41:00,train,0,72.72344593956527,196.63530168535937,0.4533037244726243,0.3113788209917322,0.15492204316887703,0.987918851935638,False,False,False,False,0,T2,"sensor_182, sensor_201, sensor_337"
U0761,2008-09-08 18:46:00,train,0,25.076705626032346,74.1834974562559,0.40751773141524045,0.10737053135077784,0.058446570360626414,0.8881339985272354,False,False,False,False,0,T2,"sensor_201, sensor_337, sensor_473"
U0762,2008-09-08 19:14:00,train,0,20.61255074836237,107.95421805496133,0.4112913053548757,0.08825643046385723,0.08505333420005284,0.8963580316266233,False,False,False,False,0,T2,"sensor_560, sensor_201, sensor_559"
U0763,2008-09-08 19:15:00,train,0,29.741703086459626,112.37946763774752,0.41339956638869174,0.12734457672762092,0.08853983281460198,0.9009527232377088,False,False,False,False,0,T2,"sensor_030, sensor_029, sensor_024"
U0764,2008-09-08 19:25:00,train,0,34.079814148269534,133.92042104283507,0.42606323838325405,0.14591899781432385,0.1055111929148429,0.9285516147154095,False,False,False,False,0,T2,"sensor_278, sensor_273, sensor_143"
U0765,2008-09-08 19:33:00,train,0,18.624140215308262,101.30467347386474,0.39651084123900304,0.07974268473260496,0.07981439173236511,0.8641458560981369,False,False,False,False,0,SPE,"sensor_071, sensor_180, sensor_113"
U0766,2008-09-08 20:00:00,train,0,33.44813015589589,90.29073240511934,0.4068238291506323,0.1432143265182454,0.0711368946650179,0.8866217252067266,False,False,False,False,0,T2,"sensor_218, sensor_356, sensor_180"
U0767,2008-09-08 21:36:00,train,0,30.830125857917047,99.09133162333458,0.41404204831877595,0.13200485918451396,0.07807057747939852,0.9023529323612862,False,False,False,False,0,T2,"sensor_123, sensor_121, sensor_124"
U0768,2008-09-08 21:53:00,train,0,208.91306994996975,350.83535246243196,0.45627930620080587,0.8944997664830641,0.2764108435947232,0.9944037606757234,False,False,False,False,0,T2,"sensor_438, sensor_439, sensor_167"
U0769,2008-09-08 22:17:00,train,0,29.532220149978052,118.77657054367836,0.4160628674950347,0.12644763697267966,0.09357988535885048,0.9067570553649118,False,False,False,False,0,T2,"sensor_356, sensor_218, sensor_093"
U0770,2008-09-09 00:25:00,train,0,37.178951735516414,184.49729188521738,0.4465336727559289,0.1591885258948556,0.1453589318550663,0.9731643697674542,False,False,False,False,0,T2,"sensor_413, sensor_140, sensor_123"
U0771,2008-09-09 03:53:00,train,0,25.115629137966195,119.77677875158162,0.42405174510145877,0.10753718953230697,0.09436791425210891,0.9241678163340056,False,False,False,False,0,T2,"sensor_473, sensor_201, sensor_337"
U0772,2008-09-09 08:44:00,train,0,26.220735799629814,102.48066314155767,0.4053816937699206,0.1122689071363502,0.08074091265970093,0.8834787712605485,False,False,False,False,0,T2,"sensor_496, sensor_224, sensor_123"
U0773,2008-09-10 07:26:00,train,0,15.333430997776665,82.09333506648744,0.39643681896375393,0.06565290745179339,0.06467845341116787,0.8639845337942735,False,False,False,False,0,T2,"sensor_423, sensor_559, sensor_098"
U0774,2008-09-10 09:21:00,train,0,31.14279605441095,99.75507680575137,0.4145140376276062,0.13334361418829133,0.07859351898035061,0.9033815741105856,False,False,False,False,0,T2,"sensor_412, sensor_139, sensor_002"
U0775,2008-09-10 20:52:00,train,0,16.271465739618243,110.38230596970334,0.3957945600663641,0.06966927587590029,0.08696633932945427,0.8625848107425979,False,False,False,False,0,SPE,"sensor_120, sensor_562, sensor_002"
U0776,2008-09-10 20:53:00,train,0,13.3512235880752,110.64696771309931,0.40040759081293226,0.05716572153506939,0.08717485701516033,0.8726383351083978,False,False,False,False,0,SPE,"sensor_423, sensor_113, sensor_117"
U0777,2008-09-10 21:56:00,train,0,25.625727436125434,94.8474205948857,0.4136084464149816,0.10972126929666119,0.0747269491384088,0.901407951166852,False,False,False,False,0,T2,"sensor_412, sensor_002, sensor_139"
U0778,2008-09-10 23:30:00,train,0,12.488441571279,132.93619241436215,0.4075114446463051,0.05347156150604483,0.10473575377059244,0.8881202972995293,False,False,False,False,0,SPE,"sensor_468, sensor_489, sensor_485"
U0779,2008-09-10 23:43:00,train,0,32.73524479799603,107.74187412828442,0.4164218105484809,0.1401619766278181,0.08488603588335522,0.9075393269195596,False,False,False,False,0,T2,"sensor_201, sensor_337, sensor_473"
U0780,2008-09-11 00:17:00,train,0,20.307624563155226,98.25116139847694,0.40958111394743907,0.08695083286995044,0.07740863688821782,0.8926308830491644,False,False,False,False,0,T2,"sensor_269, sensor_407, sensor_423"
U0781,2008-09-11 05:20:00,train,0,23.8574584692506,162.1864883599318,0.432468981212414,0.10215010020548095,0.12778103390260528,0.942512131163716,False,False,False,False,0,SPE,"sensor_161, sensor_126, sensor_423"
U0782,2008-09-11 06:04:00,train,0,14.84902782418803,152.6353117270454,0.40628654181542034,0.06357884609334197,0.12025599752332242,0.8854507745643516,False,False,False,False,0,SPE,"sensor_432, sensor_487, sensor_489"
U0783,2008-09-11 07:43:00,train,0,18.864324400619015,102.77925665756041,0.4001504772032186,0.08077107753600803,0.08097616399646315,0.8720779881083355,False,False,False,False,0,SPE,"sensor_118, sensor_099, sensor_084"
U0784,2008-09-11 08:06:00,train,0,11.345251242635618,84.25998074905287,0.3946269265457018,0.04857678167124518,0.06638547739459869,0.8600400993163763,False,False,False,False,0,SPE,"sensor_542, sensor_057, sensor_014"
U0785,2008-09-11 08:58:00,train,0,19.273876815743293,101.56065464618032,0.39417646397371897,0.08252465159328924,0.08001607030120801,0.8590583724014452,False,False,False,False,0,T2,"sensor_120, sensor_048, sensor_548"
U0786,2008-09-11 09:24:00,train,0,12.884954983530461,90.38488816145212,0.39014734290627157,0.055169306672258105,0.07121107667619371,0.8502774062536528,False,False,False,False,0,SPE,"sensor_489, sensor_086, sensor_024"
U0787,2008-09-11 12:47:00,train,0,20.704098134651595,116.33781348830166,0.40578623884425635,0.08864840745063675,0.09165847438852519,0.8843604267242422,False,False,False,False,0,SPE,"sensor_485, sensor_126, sensor_093"
U0788,2008-09-11 13:36:00,train,0,18.869568693464633,117.14829732543427,0.42056514672560785,0.08079353194121541,0.0922970261181879,0.9165692106339562,False,False,False,False,0,SPE,"sensor_126, sensor_423, sensor_040"
U0789,2008-09-11 14:20:00,train,0,34.2113433905268,111.83833488696214,0.4167766598520086,0.14648216447743875,0.08811349333914295,0.9083126766575508,False,False,False,False,0,T2,"sensor_407, sensor_269, sensor_549"
U0790,2008-09-11 14:24:00,train,0,22.883113634962868,131.0470042586887,0.411125329493981,0.09797826343646944,0.10324732882095805,0.8959963079674258,False,False,False,False,0,SPE,"sensor_086, sensor_082, sensor_487"
U0791,2008-09-11 14:31:00,train,0,13.320641245061607,146.85268257507852,0.409456658127564,0.05703477760374563,0.11570006725326286,0.8923596471337067,False,False,False,False,0,SPE,"sensor_160, sensor_022, sensor_253"
U0792,2008-09-11 15:05:00,train,0,23.95562531875775,129.6791023267332,0.4237690935582262,0.10257041964256333,0.10216960696564084,0.9235518125974093,False,False,False,False,0,T2,"sensor_385, sensor_247, sensor_030"
U0793,2008-09-11 15:08:00,train,0,20.061076042863895,85.58611977015975,0.4031494015968825,0.08589518999475763,0.06743029572027551,0.8786137692724479,False,False,False,False,0,T2,"sensor_407, sensor_269, sensor_048"
U0794,2008-09-11 16:28:00,train,0,15.20018309031744,114.23224515084611,0.40823542174607574,0.06508238200723802,0.08999957109865576,0.8896981149670661,False,False,False,False,0,SPE,"sensor_126, sensor_221, sensor_423"
U0795,2008-09-11 21:13:00,train,0,24.590990401780246,112.41916241790501,0.41197194705001533,0.10529085220588366,0.08857110693675822,0.8978414051921597,False,False,False,False,0,T2,"sensor_412, sensor_423, sensor_139"
U0796,2008-09-11 22:07:00,train,1,26.109517541757004,119.17421898490106,0.40395219818527733,0.11179270569179861,0.09389317858976644,0.880363364171249,False,False,False,False,0,T2,"sensor_201, sensor_473, sensor_337"
U0797,2008-09-11 23:10:00,train,0,30.507669053973824,118.93926364529344,0.4152835467392936,0.13062420101938738,0.09370806553553117,0.9050586231113559,False,False,False,False,0,T2,"sensor_407, sensor_269, sensor_131"
U0798,2008-09-11 23:48:00,train,1,36.73463327070734,111.48671566640137,0.4100707923909809,0.15728609459598566,0.0878364649134237,0.893698076058276,False,False,False,False,0,T2,"sensor_473, sensor_201, sensor_337"
U0799,2008-09-12 05:11:00,train,0,38.51612035290689,100.88393414567787,0.43047483423611604,0.16491385948116832,0.07948290600317234,0.9381661368886697,False,False,False,False,0,T2,"sensor_473, sensor_201, sensor_337"
U0800,2008-09-12 05:55:00,train,0,18.76283840090963,103.45097053004207,0.4067472299489676,0.0803365465463333,0.08150538374824633,0.8864547868135867,False,False,False,False,0,SPE,"sensor_057, sensor_418, sensor_135"
U0801,2008-09-12 06:38:00,train,0,94.03335698807119,142.78906756698103,0.4523528359381623,0.40262112795332294,0.11249848780994641,0.985846509136387,False,False,False,False,0,T2,"sensor_430, sensor_431, sensor_026"
U0802,2008-09-12 06:41:00,train,0,15.763954135428571,105.17301375268889,0.38723739398571905,0.06749627151794498,0.08286212107969686,0.8439355360205588,False,False,False,False,0,SPE,"sensor_040, sensor_423, sensor_433"
U0803,2008-09-12 06:45:00,train,0,20.443019693245365,116.58966668768822,0.4057135766962507,0.08753055204346877,0.09185690067258083,0.8842020686478322,False,False,False,False,0,SPE,"sensor_488, sensor_082, sensor_024"
U0804,2008-09-12 07:21:00,train,0,16.973282534402166,127.97517883273773,0.3979002090319599,0.07267423367580457,0.10082714553155095,0.8671738096772326,False,False,False,False,0,SPE,"sensor_558, sensor_082, sensor_083"
U0805,2008-09-12 07:29:00,train,0,18.884675261623876,85.44694013506313,0.39953288485572475,0.08085821349366226,0.06732064097745029,0.8707320227214191,False,False,False,False,0,T2,"sensor_139, sensor_142, sensor_412"
U0806,2008-09-12 07:38:00,train,0,18.89420242140757,135.8548041849294,0.4096122896383921,0.08089900578207104,0.10703522540583583,0.8926988265738959,False,False,False,False,0,SPE,"sensor_385, sensor_247, sensor_423"
U0807,2008-09-12 11:57:00,train,0,32.033297128341054,108.11719975921835,0.4247403239095503,0.13715645846306146,0.08518174175661176,0.9256684878459117,False,False,False,False,0,T2,"sensor_139, sensor_133, sensor_142"
U0808,2008-09-12 13:08:00,train,0,15.044517192007412,101.18116115537455,0.40523313920034043,0.06441586980806809,0.07971708071764384,0.8831550151299317,False,False,False,False,0,SPE,"sensor_483, sensor_418, sensor_161"
U0809,2008-09-12 14:52:00,train,0,22.204754651273223,106.10105334338635,0.40941907503294095,0.09507374457296612,0.08359329085592816,0.8922777394729317,False,False,False,False,0,T2,"sensor_201, sensor_473, sensor_139"
U0810,2008-09-12 15:40:00,train,0,40.464991740922734,119.74894255021024,0.4292592336805872,0.1732583110844269,0.09434598308739155,0.9355168873008187,False,False,False,False,0,T2,"sensor_473, sensor_201, sensor_337"
U0811,2008-09-12 16:23:00,train,0,27.391062611901354,108.35560728681742,0.40757413289141736,0.1172798768211883,0.08536957466843341,0.8882569185002778,False,False,False,False,0,T2,"sensor_201, sensor_473, sensor_337"
U0812,2008-09-12 18:01:00,train,0,15.156004035742846,84.79077600312877,0.40082054040213927,0.06489322125243277,0.06680367231972643,0.8735383071625681,False,False,False,False,0,SPE,"sensor_118, sensor_489, sensor_255"
U0813,2008-09-12 18:52:00,train,0,48.82046424475004,231.53216221400692,0.4246515838280904,0.20903380471591224,0.18241605307930578,0.9254750899215982,False,False,False,False,0,T2,"sensor_385, sensor_247, sensor_139"
U0814,2008-09-12 19:36:00,train,0,24.212095806213256,138.32712206948605,0.42411910370942973,0.10366854524664204,0.10898307777392864,0.9243146160072977,False,False,False,False,0,SPE,"sensor_001, sensor_219, sensor_211"
U0815,2008-09-12 20:28:00,train,0,15.740865209761465,105.74585948327524,0.39166737728627204,0.06739741203240623,0.08331344609734302,0.8535901313395537,False,False,False,False,0,SPE,"sensor_511, sensor_423, sensor_228"
U0816,2008-09-12 21:12:00,train,0,49.01996747422331,115.79545034765029,0.4216667742923065,0.20988801451819597,0.09123116553213455,0.9189700703273543,False,False,False,False,0,T2,"sensor_089, sensor_224, sensor_496"
U0817,2008-09-12 22:25:00,train,0,22.48200219913725,111.55380457405417,0.41122907347994814,0.0962608309859022,0.0878893219058277,0.8962224050276939,False,False,False,False,0,T2,"sensor_139, sensor_412, sensor_006"
U0818,2008-09-12 22:45:00,train,0,37.24620338487993,193.7586150086864,0.420525684791038,0.15947647621153838,0.15265560284159554,0.9164832082761756,False,False,False,False,0,T2,"sensor_412, sensor_139, sensor_216"
U0819,2008-09-12 23:28:00,train,0,35.30014290095623,114.64003417761586,0.421857196887326,0.15114406001159197,0.09032085374051885,0.9193850725902921,False,False,False,False,0,T2,"sensor_139, sensor_549, sensor_555"
U0820,2008-09-12 23:40:00,train,0,16.74108611986744,109.20451429972232,0.3955351024773006,0.0716800419833975,0.08603839866784962,0.8620193553322947,False,False,False,False,0,SPE,"sensor_084, sensor_212, sensor_550"
U0821,2008-09-13 00:25:00,train,0,26.04551617398444,115.16024068953206,0.41125542516664304,0.11151867205407137,0.09073070616785547,0.8962798352376409,False,False,False,False,0,T2,"sensor_139, sensor_412, sensor_124"
U0822,2008-09-13 02:57:00,train,0,19.911068705052912,99.1241577346305,0.4073803441190662,0.08525290596401316,0.07809644001876792,0.8878345800742656,False,False,False,False,0,T2,"sensor_439, sensor_162, sensor_225"
U0823,2008-09-13 03:14:00,train,0,14.099238421443822,103.90956158911499,0.3903982601601571,0.06036848474148024,0.08186669152585098,0.8508242490700842,False,False,False,False,0,SPE,"sensor_483, sensor_120, sensor_082"
U0824,2008-09-13 09:19:00,train,0,23.2684971048538,81.80082991855713,0.39276056528212455,0.09962835370562506,0.06444799888562551,0.8559725980423564,False,False,False,False,0,T2,"sensor_139, sensor_142, sensor_412"
U0825,2008-09-13 10:55:00,train,0,13.870190071401172,139.80375938816218,0.4016053774345023,0.05938777206670338,0.11014646841878227,0.875248761452064,False,False,False,False,0,SPE,"sensor_485, sensor_173, sensor_023"
U0826,2008-09-13 11:42:00,train,0,19.014231911145238,161.51443770945593,0.41012226355748127,0.08141293413785623,0.12725154881527703,0.8938102510371514,False,False,False,False,0,SPE,"sensor_160, sensor_120, sensor_022"
U0827,2008-09-13 11:56:00,train,1,11.908834603107827,112.17831340120267,0.40162639860890836,0.050989867575620906,0.08838135046148174,0.8752945744762339,False,False,False,False,0,SPE,"sensor_093, sensor_487, sensor_423"
U0828,2008-09-13 12:48:00,train,0,24.627980570578345,102.07931197252759,0.39339547340981806,0.1054492324228801,0.08042470217968321,0.8573563010095563,False,False,False,False,0,T2,"sensor_412, sensor_139, sensor_142"
U0829,2008-09-13 14:07:00,train,0,25.070098826032133,153.44247542980298,0.4155756510679275,0.1073422431203727,0.12089193343580192,0.9056952280131249,False,False,False,False,0,SPE,"sensor_171, sensor_239, sensor_001"
U0830,2008-09-13 16:04:00,train,0,26.722555136395403,148.60379413706636,0.4125171353341572,0.11441753900347561,0.1170797065076318,0.899029574965935,False,False,False,False,0,SPE,"sensor_278, sensor_143, sensor_423"
U0831,2008-09-13 16:04:00,train,0,23.621387904975716,124.33474176889426,0.3978858839986569,0.10113932062779354,0.09795897311731791,0.8671425900562795,False,False,False,False,0,T2,"sensor_030, sensor_139, sensor_438"
U0832,2008-09-13 20:06:00,train,1,21.603301133023553,101.46318987069003,0.4083093146939007,0.09249851061678718,0.07993928123013819,0.8898591554179609,False,False,False,False,0,T2,"sensor_133, sensor_124, sensor_121"
U0833,2008-09-14 02:50:00,train,0,76.17484554276072,188.94512128893263,0.4179319779027266,0.32615662373924537,0.1488632203169253,0.9108305480551743,False,False,False,False,0,T2,"sensor_439, sensor_438, sensor_030"
U0834,2008-09-14 02:59:00,train,0,22.94651753014359,109.75479258506559,0.4029674608582067,0.09824973888530975,0.08647194358855392,0.8782172521560664,False,False,False,False,0,T2,"sensor_544, sensor_142, sensor_546"
U0835,2008-09-14 15:02:00,train,0,25.36051242379247,129.44418367090174,0.40786082830775217,0.1085857023995951,0.10198452281326352,0.8888817353532392,False,False,False,False,0,T2,"sensor_460, sensor_423, sensor_412"
U0836,2008-09-14 15:46:00,train,0,24.012360440594424,114.86325612682563,0.41863532344009324,0.10281334151071857,0.09049672246884645,0.9123634018092388,False,False,False,False,0,T2,"sensor_278, sensor_139, sensor_143"
U0837,2008-09-14 16:34:00,train,0,14.3614068771595,131.9897838746197,0.39835737832093454,0.06149100724556799,0.10399011174501156,0.8681701530442092,False,False,False,False,0,SPE,"sensor_239, sensor_166, sensor_432"
U0838,2008-09-14 17:40:00,train,0,29.77224365710954,131.43463503803025,0.4143621553106038,0.12747534180287998,0.10355272948816291,0.9030505655700825,False,False,False,False,0,T2,"sensor_071, sensor_030, sensor_019"
U0839,2008-09-14 18:27:00,train,0,9.690374833179863,101.47004069877791,0.388696708952841,0.041491123688376985,0.07994467875680647,0.8471159307296666,False,False,False,False,0,SPE,"sensor_162, sensor_024, sensor_418"
U0840,2008-09-14 18:27:00,train,0,20.2147995945154,148.88409467186497,0.41925188894510557,0.08655338567915474,0.11730054544743629,0.9137071293212145,False,False,False,False,0,SPE,"sensor_071, sensor_137, sensor_239"
U0841,2008-09-14 19:13:00,train,0,16.45909937749868,110.00516349857111,0.3981686473994131,0.07047266383678091,0.08666920203166094,0.8677588375723781,False,False,False,False,0,SPE,"sensor_499, sensor_488, sensor_563"
U0842,2008-09-14 20:00:00,train,0,26.012026668990973,131.31822814971207,0.40975750526496146,0.11137528057356963,0.10346101659214364,0.8930153058952394,False,False,False,False,0,T2,"sensor_071, sensor_559, sensor_563"
U0843,2008-09-14 20:43:00,train,0,17.806606163866917,107.22402336307485,0.3952001894004407,0.07624226219666039,0.08447803946605267,0.861289454110383,False,False,False,False,0,SPE,"sensor_356, sensor_563, sensor_215"
U0844,2008-09-14 20:45:00,train,0,14.401449415057993,109.59851080498181,0.4094262546099801,0.061662456742759185,0.08634881466677267,0.8922933864643923,False,False,False,False,0,SPE,"sensor_173, sensor_208, sensor_129"
U0845,2008-09-14 21:31:00,train,0,17.38729013668125,78.92715796179542,0.3960056088536736,0.07444688343701646,0.062183933750205436,0.863044765215515,False,False,False,False,0,T2,"sensor_544, sensor_267, sensor_137"
U0846,2008-09-14 23:00:00,train,0,45.38911047317656,128.53797157445882,0.4239357567145658,0.1943418318865995,0.10127055015259687,0.923915034131189,False,False,False,False,0,T2,"sensor_496, sensor_224, sensor_135"
U0847,2008-09-15 02:04:00,train,0,20.321441532010287,123.15697530426681,0.39816532648393915,0.08700999276558222,0.09703105231412545,0.8677516000518698,False,False,False,False,0,SPE,"sensor_142, sensor_483, sensor_081"
U0848,2008-09-15 10:03:00,train,0,18.451842808802812,112.36994771688575,0.4005767814830487,0.07900496166950664,0.08853233240354623,0.8730070650427793,False,False,False,False,0,SPE,"sensor_432, sensor_088, sensor_267"
U0849,2008-09-15 11:40:00,train,0,21.786173252495455,96.25832024623219,0.39836124558355385,0.09328151126008372,0.07583854738561778,0.8681785812600846,False,False,False,False,0,T2,"sensor_544, sensor_565, sensor_543"
U0850,2008-09-15 12:27:00,train,0,20.667584397002283,91.96339883720147,0.4073086499277008,0.08849206716130704,0.07245472975860044,0.8876783315384599,False,False,False,False,0,T2,"sensor_544, sensor_030, sensor_029"
U0851,2008-09-15 16:10:00,train,0,24.37577514064785,118.04949173857091,0.40979449535377555,0.10436936844772232,0.09300704552253121,0.8930959211739175,False,False,False,False,0,T2,"sensor_460, sensor_544, sensor_162"
U0852,2008-09-15 16:59:00,train,0,31.223785607204388,101.75489047303924,0.4066206351941663,0.13369038586743348,0.08016910188249411,0.8861788893566005,False,False,False,False,0,T2,"sensor_565, sensor_569, sensor_100"
U0853,2008-09-15 19:54:00,train,0,28.318642984159016,144.73225463366637,0.42733935443593607,0.12125148293744255,0.11402945660369808,0.9313327502711982,False,False,False,False,0,T2,"sensor_412, sensor_139, sensor_142"
U0854,2008-09-15 21:56:00,train,0,24.860326283484603,121.36808330302637,0.403426137545052,0.10644406336374829,0.09562164717951699,0.879216880708435,False,False,False,False,0,T2,"sensor_053, sensor_225, sensor_569"
U0855,2008-09-15 22:13:00,train,0,23.8292162119917,119.87226076583359,0.39477136213902075,0.10202917578208756,0.09444314117528604,0.8603548786526729,False,False,False,False,0,T2,"sensor_120, sensor_082, sensor_571"
U0856,2008-09-15 22:45:00,train,0,23.036075840757476,89.65781731699293,0.4012154576444787,0.09863319927842887,0.07063824311178941,0.8743989799688978,False,False,False,False,0,T2,"sensor_087, sensor_083, sensor_223"
U0857,2008-09-15 22:54:00,train,0,195.43677732782723,271.5032688825048,0.4555313371846468,0.8367985388554641,0.21390788318168197,0.9927736556228982,False,False,False,False,0,T2,"sensor_368, sensor_367, sensor_033"
U0858,2008-09-15 23:37:00,train,0,45.598484446442605,317.78080611949184,0.4209132265966529,0.19523830509547516,0.25036832828044536,0.9173278072393224,False,False,False,False,0,SPE,"sensor_151, sensor_558, sensor_037"
U0859,2008-09-16 07:39:00,train,0,27.33887468729835,95.80519928633433,0.4135786452843652,0.11705642461505394,0.07548154930689871,0.9013430033246979,False,False,False,False,0,T2,"sensor_139, sensor_412, sensor_142"
U0860,2008-09-16 07:48:00,train,0,42.05010322619794,114.55759601481346,0.4190430527044837,0.18004525770183027,0.09025590360945401,0.913251996817466,False,False,False,False,0,T2,"sensor_412, sensor_139, sensor_142"
U0861,2008-09-16 08:50:00,train,0,19.195206636369452,103.18009655637249,0.4066549317258111,0.08218781073840192,0.08129197166464544,0.8862536343638411,False,False,False,False,0,T2,"sensor_142, sensor_412, sensor_122"
U0862,2008-09-16 08:52:00,train,0,37.378834950845786,132.10513025473662,0.44350920748945766,0.16004436267653147,0.10408098910389213,0.9665729254609958,False,False,False,False,0,T2,"sensor_473, sensor_412, sensor_201"
U0863,2008-09-16 09:37:00,train,0,41.56798560285109,106.54917715281573,0.4331492424727485,0.17798098234747162,0.08394635185542512,0.9439946756191091,False,False,False,False,0,T2,"sensor_473, sensor_139, sensor_201"
U0864,2008-09-16 17:07:00,train,0,13.822920739911691,79.95424221673183,0.3861156779497198,0.059185379722417414,0.06299313733632418,0.8414908960172776,False,False,False,False,0,SPE,"sensor_267, sensor_482, sensor_255"
U0865,2008-09-16 18:09:00,train,0,20.390016483481403,111.64378966528781,0.4011375569509817,0.08730360904383705,0.0879602179965559,0.8742292051368598,False,False,False,False,0,SPE,"sensor_489, sensor_023, sensor_081"
U0866,2008-09-16 18:23:00,train,0,15.419582159447474,119.98281746932669,0.4002033482943952,0.06602177950951213,0.09453024491629473,0.8721932140481984,False,False,False,False,0,SPE,"sensor_433, sensor_468, sensor_113"
U0867,2008-09-16 19:34:00,train,0,21.405744065662116,115.54362605993292,0.40367437210161644,0.09165263366584198,0.09103276202656693,0.8797578769211115,False,False,False,False,0,T2,"sensor_177, sensor_065, sensor_071"
U0868,2008-09-16 19:45:00,train,0,60.93594988047054,230.33778395898383,0.4275333318584014,0.26090848672875233,0.18147504443030577,0.9317554998365726,False,False,False,False,0,T2,"sensor_549, sensor_546, sensor_555"
U0869,2008-09-16 21:21:00,train,0,26.202996043952854,115.70791853191538,0.40635705003403133,0.11219295110681932,0.09116220229094792,0.8856044384206617,False,False,False,False,0,T2,"sensor_565, sensor_569, sensor_544"
U0870,2008-09-16 22:45:00,train,0,24.979282927112337,148.13269501496995,0.4130463329883571,0.1069533981314203,0.11670854406678473,0.9001828951589081,False,False,False,False,0,SPE,"sensor_217, sensor_102, sensor_082"
U0871,2008-09-17 02:01:00,train,0,28.37782446138761,148.69977845188527,0.4166829852866507,0.12150487932654247,0.11715532917577154,0.908108524641876,False,False,False,False,0,T2,"sensor_473, sensor_201, sensor_337"
U0872,2008-09-17 04:23:00,train,1,26.883344312665724,205.14951615590667,0.4240032183624922,0.11510598746034453,0.16163009350597182,0.9240620583671948,False,False,False,False,0,SPE,"sensor_081, sensor_166, sensor_385"
U0873,2008-09-17 07:14:00,train,0,30.27964849042636,178.8644750137683,0.40198674802699436,0.1296478890016884,0.14092103341545978,0.8760799110269657,False,False,False,False,0,SPE,"sensor_120, sensor_489, sensor_483"
U0874,2008-09-17 07:28:00,train,0,14.632170073797237,127.65032414292682,0.3964882118795686,0.0626503297150653,0.10057120393893179,0.8640965382355527,False,False,False,False,0,SPE,"sensor_058, sensor_267, sensor_159"
U0875,2008-09-17 21:52:00,train,0,44.99555457475079,193.23959192216842,0.4314660570692563,0.19265674986026107,0.152246682793537,0.9403263832543212,False,False,False,False,0,T2,"sensor_565, sensor_569, sensor_053"
U0876,2008-09-18 00:57:00,train,0,20.644808694265283,120.82333050188524,0.3997998427537207,0.0883945487974028,0.0951924555936145,0.8713138241182865,False,False,False,False,0,SPE,"sensor_023, sensor_161, sensor_170"
U0877,2008-09-18 01:40:00,train,0,61.25064488534148,148.70836937326612,0.41472789615973116,0.2622559113223302,0.11716209766078729,0.9038476520714039,False,False,False,False,0,T2,"sensor_089, sensor_224, sensor_496"
U0878,2008-09-18 01:43:00,train,0,18.56499321580996,102.05101015782503,0.3932855750260152,0.07948943596625406,0.08040240417458683,0.8571167912078611,False,False,False,False,0,SPE,"sensor_483, sensor_024, sensor_162"
U0879,2008-09-18 02:01:00,train,0,265.64449667886805,214.9823451954149,0.4443607719610999,1.1374058133541538,0.16937703391735523,0.9684288038704502,True,False,False,True,1,T2,"sensor_228, sensor_368, sensor_367"
U0880,2008-09-18 03:58:00,train,0,42.71237980689256,287.90704043772104,0.4306249389012415,0.182880916796402,0.2268318382560155,0.9384932712589276,False,False,False,False,0,SPE,"sensor_112, sensor_023, sensor_484"
U0881,2008-09-18 03:58:00,train,0,36.84516314383618,154.7899492148003,0.43087877568695887,0.15775934859453553,0.12195356067210719,0.9390464768303503,False,False,False,False,0,T2,"sensor_214, sensor_210, sensor_225"
U0882,2008-09-18 05:44:00,train,0,18.314066008337416,140.2844210974705,0.4046461175041372,0.07841504493584994,0.11052516488600281,0.8818756746593694,False,False,False,False,0,SPE,"sensor_217, sensor_081, sensor_088"
U0883,2008-09-18 05:58:00,train,0,24.899719487389813,230.85012703904758,0.3933966486203979,0.10661273261791543,0.1818787015360574,0.8573588622342367,False,False,False,False,0,SPE,"sensor_112, sensor_487, sensor_079"
U0884,2008-09-18 08:04:00,train,0,10.571595859150674,113.98682738791696,0.38773231768454647,0.04526423372950379,0.0898062150688023,0.8450141604084571,False,False,False,False,0,SPE,"sensor_082, sensor_564, sensor_116"
U0885,2008-09-18 10:48:00,train,0,16.056792251843387,151.62010532323907,0.4038648135756396,0.0687501118201009,0.11945615207864499,0.8801729203284798,False,False,False,False,0,SPE,"sensor_019, sensor_082, sensor_008"
U0886,2008-09-18 13:48:00,train,0,15.522453719712667,131.08689850970728,0.40210868628940827,0.06646224303176566,0.10327876009919505,0.8763456602403681,False,False,False,False,0,SPE,"sensor_126, sensor_128, sensor_122"
U0887,2008-09-18 17:22:00,train,0,20.821269681392014,90.78438245798509,0.3973477293696411,0.08915009899737848,0.0715258241916334,0.8659697492553802,False,False,False,False,0,T2,"sensor_250, sensor_225, sensor_483"
U0888,2008-09-18 18:12:00,train,0,18.622771292822105,138.84970990126737,0.4090043433688388,0.07973682343898414,0.1093948063594921,0.8913738836091003,False,False,False,False,0,SPE,"sensor_126, sensor_093, sensor_117"
U0889,2008-09-18 18:56:00,train,0,17.648165918686153,173.82784864528847,0.41447075936329486,0.07556387112065134,0.1369528525191745,0.9032872545387755,False,False,False,False,0,SPE,"sensor_126, sensor_489, sensor_432"
U0890,2008-09-18 21:12:00,train,0,35.15832602880444,147.55007304821785,0.41907313909430777,0.1505368449672986,0.11624951669626336,0.9133175663464357,False,False,False,False,0,T2,"sensor_573, sensor_572, sensor_177"
U0891,2008-09-18 21:56:00,train,0,20.376065255591048,147.9477228303523,0.4164412504494216,0.08724387429343075,0.11656281098363655,0.9075816937557056,False,False,False,False,0,SPE,"sensor_107, sensor_092, sensor_134"
U0892,2008-09-18 23:00:00,train,0,27.47712602235445,146.6924163074862,0.4122817364055584,0.11764837315591484,0.11557379909381417,0.8985165524012986,False,False,False,False,0,T2,"sensor_138, sensor_002, sensor_273"
U0893,2008-09-18 23:05:00,train,0,18.925048549436976,135.73221618902704,0.40731021714124577,0.08103107915749852,0.10693864263239487,0.8876817470846433,False,False,False,False,0,SPE,"sensor_219, sensor_077, sensor_117"
U0894,2008-09-18 23:44:00,train,0,30.9500398345965,135.13640161753705,0.4046240149123838,0.13251829294987633,0.1064692212722735,0.8818275048211551,False,False,False,False,0,T2,"sensor_496, sensor_565, sensor_569"
U0895,2008-09-19 00:30:00,train,0,14.996775181087335,89.65106420192396,0.3803222212828223,0.06421145359978744,0.07063292256977446,0.8288647807878936,False,False,False,False,0,SPE,"sensor_117, sensor_116, sensor_075"
U0896,2008-09-19 01:57:00,train,0,25.52212589347011,94.80949654711515,0.39687924668106006,0.10927768022042644,0.0746970701140653,0.8649487497469531,False,False,False,False,0,T2,"sensor_385, sensor_006, sensor_247"
U0897,2008-09-19 02:44:00,train,0,14.89353317349679,108.7022148578452,0.391499102885634,0.06376940393911709,0.0856426545916272,0.8532233983000626,False,False,False,False,0,SPE,"sensor_142, sensor_024, sensor_221"
U0898,2008-09-19 04:42:00,train,0,16.34765683961235,151.90569266084506,0.39411986357246376,0.06999550209606514,0.11968115630456916,0.8589350188960395,False,False,False,False,0,SPE,"sensor_126, sensor_024, sensor_432"
U0899,2008-09-19 05:33:00,train,0,20.285747527217712,137.16034010948425,0.4003257233640059,0.0868571623133781,0.1080638112758646,0.872459915228331,False,False,False,False,0,SPE,"sensor_126, sensor_483, sensor_071"
U0900,2008-09-19 05:57:00,train,0,18.717661229303623,105.15023153070146,0.3977702671609925,0.08014311216972099,0.08284417176770675,0.8668906175986019,False,False,False,False,0,SPE,"sensor_166, sensor_136, sensor_564"
U0901,2008-09-19 06:01:00,train,0,13.885442552735379,86.69345623846634,0.3839630821433946,0.05945307837326908,0.06830272720472974,0.8367995823067177,False,False,False,False,0,SPE,"sensor_107, sensor_081, sensor_088"
U0902,2008-09-19 06:44:00,train,0,35.00824838723969,141.62983888230576,0.4201250850980207,0.14989425991809058,0.11158517227204148,0.9156101512783055,False,False,False,False,0,T2,"sensor_227, sensor_367, sensor_565"
U0903,2008-09-19 07:14:00,train,0,24.036869746276007,117.33834348568439,0.4072968626450174,0.1029182826147581,0.09244675680840475,0.8876526426280289,False,False,False,False,0,T2,"sensor_068, sensor_122, sensor_130"
U0904,2008-09-19 07:18:00,train,0,25.913293695815952,122.73022302363884,0.4078703028280398,0.11095253717378911,0.09669482919103817,0.888902383886882,False,False,False,False,0,T2,"sensor_138, sensor_273, sensor_176"
U0905,2008-09-19 08:08:00,train,0,19.55718381618122,98.24576368928257,0.39605965303559537,0.08373768266786696,0.0774043842228538,0.8631625477601435,False,False,False,False,0,T2,"sensor_116, sensor_269, sensor_134"
U0906,2008-09-19 08:52:00,train,0,15.171036215820855,119.59994273092636,0.3946402434112222,0.0649575842986162,0.0942285913665896,0.8600691217615627,False,False,False,False,0,SPE,"sensor_162, sensor_084, sensor_038"
U0907,2008-09-19 09:12:00,train,0,28.230217666333733,211.3647016506506,0.4175510371866239,0.12087287366151334,0.16652681971569383,0.9100003353421736,False,False,False,False,0,SPE,"sensor_126, sensor_573, sensor_160"
U0908,2008-09-19 09:47:00,train,0,14.180353116115555,95.47615307469758,0.3839717245953955,0.06071579223861092,0.07522230536155,0.8368184174514511,False,False,False,False,0,SPE,"sensor_024, sensor_107, sensor_511"
U0909,2008-09-19 10:45:00,train,0,30.175964328327264,141.03970884041755,0.39896796823699715,0.12920394617509626,0.11112022955300242,0.8695008575063925,False,False,False,False,0,T2,"sensor_573, sensor_572, sensor_122"
U0910,2008-09-19 11:13:00,train,0,26.303994719210397,114.54299617741407,0.41341567330144924,0.11262539552714498,0.09024440091069921,0.9009878262423844,False,False,False,False,0,T2,"sensor_543, sensor_068, sensor_544"
U0911,2008-09-19 11:54:00,train,0,25.09629689136381,149.15765249917303,0.4123773981286363,0.10745441495972724,0.11751607204499107,0.8987250351790372,False,False,False,False,0,SPE,"sensor_160, sensor_101, sensor_022"
U0912,2008-09-19 13:59:00,train,0,29.967492667981297,172.7789842533785,0.4007981315664182,0.12831133638508904,0.13612648912862835,0.8734894699038747,False,False,False,False,0,SPE,"sensor_100, sensor_101, sensor_094"
U0913,2008-09-19 15:31:00,train,0,15.388220705212627,131.46394894005292,0.4070836360332524,0.06588749967007289,0.10357582488128753,0.8871879418587112,False,False,False,False,0,SPE,"sensor_138, sensor_487, sensor_057"
U0914,2008-09-19 16:40:00,train,0,33.45982846859431,146.53685281827816,0.411669707413599,0.14326441499753242,0.11545123608816854,0.8971827116529322,False,False,False,False,0,T2,"sensor_135, sensor_270, sensor_496"
U0915,2008-09-19 16:58:00,train,1,14.120764940709597,102.25792980908237,0.3973797461498855,0.06046065449639811,0.0805654288953253,0.8660395258291742,False,False,False,False,0,SPE,"sensor_489, sensor_057, sensor_582"
U0916,2008-09-19 17:47:00,train,0,34.348982955772456,179.28879317251116,0.41188279939452116,0.14707149361323937,0.14125533877946447,0.8976471190111427,False,False,False,False,0,T2,"sensor_128, sensor_125, sensor_130"
U0917,2008-09-19 18:11:00,train,0,33.647144012368116,188.04490254387815,0.4023138647099198,0.1440664409799396,0.1481539696071727,0.8767928209820309,False,False,False,False,0,SPE,"sensor_128, sensor_084, sensor_117"
U0918,2008-09-19 18:33:00,train,0,35.40391938871354,190.472832341085,0.40841052494091074,0.1515883981474854,0.15006685016132545,0.8900797305106244,False,False,False,False,0,T2,"sensor_128, sensor_125, sensor_130"
U0919,2008-09-19 19:18:00,train,0,55.67410709141038,211.0553888260472,0.419625084551842,0.23837893820786724,0.1662831230124306,0.9145204625356799,False,False,False,False,0,T2,"sensor_128, sensor_549, sensor_546"
U0920,2008-09-19 19:29:00,train,0,43.79047210138095,218.7706917037746,0.41550248009482815,0.18749696741447966,0.17236173898443355,0.9055357610159732,False,False,False,False,0,T2,"sensor_565, sensor_128, sensor_569"
U0921,2008-09-19 20:05:00,train,0,21.352726677143394,138.40845367124672,0.41588653053281077,0.09142562995726168,0.10904715608444036,0.9063727509794213,False,False,False,False,0,SPE,"sensor_483, sensor_162, sensor_474"
U0922,2008-09-19 20:07:00,train,0,21.633522201908722,114.38092542644947,0.40976574784346337,0.09262790768642541,0.09011671106222263,0.893033269565624,False,False,False,False,0,T2,"sensor_560, sensor_559, sensor_122"
U0923,2008-09-19 20:10:00,train,0,22.52000912796474,104.43516458360433,0.41682410985591806,0.09642356464813344,0.08228079565213987,0.9084160880147839,False,False,False,False,0,T2,"sensor_122, sensor_130, sensor_162"
U0924,2008-09-19 20:17:00,train,0,784.9097692711448,284.14821347659483,0.453130886184571,3.3607356662340617,0.22387039060269573,0.9875421724735338,True,False,False,True,1,T2,"sensor_185, sensor_187, sensor_184"
U0925,2008-09-19 20:19:00,train,1,19.43996733522577,183.86879834247827,0.41088300072217865,0.08323579872701192,0.14486376388204694,0.8954681826750327,False,False,False,False,0,SPE,"sensor_138, sensor_002, sensor_273"
U0926,2008-09-19 21:08:00,train,0,40.09471437626952,211.40164849814226,0.41896575142179504,0.17167290038563446,0.1665559288382827,0.9130835283264211,False,False,False,False,0,T2,"sensor_521, sensor_543, sensor_068"
U0927,2008-09-19 21:09:00,train,1,31.63807499061409,135.6499894169465,0.41008061791114236,0.13546424212642744,0.10687385904865017,0.8937194895523056,False,False,False,False,0,T2,"sensor_496, sensor_224, sensor_002"
U0928,2008-09-19 21:13:00,train,0,17.786959351257035,84.18953196210688,0.38822987978199036,0.0761581407518131,0.06632997327138736,0.8460985348566162,False,False,False,False,0,T2,"sensor_122, sensor_130, sensor_125"
U0929,2008-09-19 21:14:00,train,0,38.387754999434,114.97492284000182,0.4173414914146884,0.1643642395903041,0.09058470074747156,0.9095436565035443,False,False,False,False,0,T2,"sensor_565, sensor_569, sensor_496"
U0930,2008-09-19 21:59:00,train,1,20.613890770777545,126.17216546092477,0.4044637951916337,0.08826216801650409,0.09940661466538417,0.8814783259504873,False,False,False,False,0,SPE,"sensor_483, sensor_138, sensor_057"
U0931,2008-09-19 23:26:00,train,0,27.7709888278832,103.02652404332113,0.4175009655455229,0.11890660085314064,0.08117097727913797,0.9098912104541119,False,False,False,False,0,T2,"sensor_560, sensor_543, sensor_559"
U0932,2008-09-19 23:33:00,train,0,113.4386047943078,545.5079657017071,0.45073715874033016,0.48570826862566824,0.4297865535184241,0.9823253424743705,False,False,False,False,0,T2,"sensor_583, sensor_034, sensor_582"
U0933,2008-09-20 00:18:00,train,0,32.70313986081547,184.3858899666895,0.40998475782207094,0.14002451342928368,0.14527116219883798,0.8935105744606592,False,False,False,False,0,SPE,"sensor_035, sensor_433, sensor_039"
U0934,2008-09-20 00:33:00,train,0,40.12642685758786,132.3113905710952,0.42536594880965684,0.17180868321215,0.10424349435783713,0.9270319591780184,False,False,False,False,0,T2,"sensor_034, sensor_032, sensor_035"
U0935,2008-09-20 03:58:00,train,0,14.56555024120068,109.89291841376968,0.393883448021527,0.062365084638177436,0.08658076807435999,0.858419780729989,False,False,False,False,0,SPE,"sensor_117, sensor_023, sensor_161"
U0936,2008-09-20 04:13:00,train,0,49.75923441757519,208.42590678332368,0.43370632126843595,0.21305332202315616,0.1642114465278773,0.9452087592777279,False,False,False,False,0,T2,"sensor_140, sensor_004, sensor_413"
U0937,2008-09-20 04:28:00,train,0,35.07240675221552,135.3039574610662,0.41075072515645683,0.15016896576824423,0.10660123263240026,0.8951799046001524,False,False,False,False,0,T2,"sensor_573, sensor_572, sensor_130"
U0938,2008-09-20 05:22:00,train,0,29.310770850191155,103.36506865191022,0.4077524463579638,0.12549946103043413,0.08143770467761066,0.888645530430083,False,False,False,False,0,T2,"sensor_496, sensor_224, sensor_089"
U0939,2008-09-20 05:25:00,train,0,58.69218911108325,189.37590585303622,0.42696248979738305,0.2513014119548216,0.14920262033444268,0.9305114208601337,False,False,False,False,0,T2,"sensor_140, sensor_004, sensor_565"
U0940,2008-09-20 05:34:00,train,0,14.748413130432077,110.81966888931424,0.4031112221938257,0.06314804576050011,0.08731092220207012,0.8785305620319177,False,False,False,False,0,SPE,"sensor_587, sensor_038, sensor_208"
U0941,2008-09-20 06:08:00,train,0,27.854054931303605,118.7791357719862,0.4159970012016617,0.1192622636660513,0.09358190641207562,0.9066135080049029,False,False,False,False,0,T2,"sensor_560, sensor_559, sensor_543"
U0942,2008-09-20 07:21:00,train,0,20.73577715838404,122.15707861518386,0.4053845608858827,0.08878404702233932,0.09624326885559677,0.8834850197816982,False,False,False,False,0,SPE,"sensor_020, sensor_023, sensor_171"
U0943,2008-09-20 08:14:00,train,0,31.048905658717587,120.21895864562781,0.42734018987297256,0.13294160517543813,0.09471629224958288,0.931334571001877,False,False,False,False,0,T2,"sensor_483, sensor_130, sensor_122"
U0944,2008-09-20 10:51:00,train,0,52.047938253716076,203.86557575761861,0.4259874896594558,0.22285282881067875,0.16061852199208299,0.9283865298325589,False,False,False,False,0,T2,"sensor_140, sensor_004, sensor_413"
U0945,2008-09-20 11:18:00,train,0,17.846989311076545,144.62653487533765,0.41429612376324326,0.07641517007531783,0.11394616372178305,0.9029066580596471,False,False,False,False,0,SPE,"sensor_024, sensor_169, sensor_589"
U0946,2008-09-20 12:20:00,train,0,21.072988829753324,152.97676326583596,0.4118144338969863,0.09022788086848127,0.12052501518993262,0.897498124947802,False,False,False,False,0,SPE,"sensor_144, sensor_086, sensor_093"
U0947,2008-09-20 12:26:00,train,0,48.32454260312034,190.3673393188236,0.4271875111930384,0.20691042491618072,0.1499837359167889,0.9310018268878261,False,False,False,False,0,T2,"sensor_140, sensor_004, sensor_413"
U0948,2008-09-20 12:27:00,train,0,23.52143691450871,150.08745338966074,0.42230779234750687,0.10071136206276025,0.1182486294874237,0.9203670891184537,False,False,False,False,0,SPE,"sensor_423, sensor_145, sensor_150"
U0949,2008-09-20 12:36:00,train,0,38.65699937313286,129.84651670926542,0.4305094074131426,0.16551705893979807,0.10230150687361998,0.938241484809968,False,False,False,False,0,T2,"sensor_560, sensor_559, sensor_054"
U0950,2008-09-20 12:57:00,train,0,54.067837570084144,193.86379413533263,0.43084894939898066,0.23150139956426172,0.1527384697788092,0.9389814741608681,False,False,False,False,0,T2,"sensor_140, sensor_004, sensor_413"
U0951,2008-09-20 14:00:00,train,0,51.65249085533061,177.55823415581744,0.41880118230527197,0.22115964797906854,0.13989189215318418,0.9127248704908856,False,False,False,False,0,T2,"sensor_140, sensor_004, sensor_413"
U0952,2008-09-20 14:06:00,train,0,20.329430506268782,107.1270565452167,0.39700510602788136,0.08704419902950997,0.0844016427182998,0.865223044474096,False,False,False,False,0,T2,"sensor_543, sensor_542, sensor_129"
U0953,2008-09-20 14:42:00,train,0,55.83366311410751,215.21096503709143,0.4393407363751645,0.23906210669070907,0.16955715545544073,0.9574882632902837,False,False,False,False,0,T2,"sensor_228, sensor_368, sensor_098"
U0954,2008-09-20 14:50:00,train,0,41.00605895415172,127.79526189600621,0.41583572870882174,0.17557498995952495,0.10068539530053834,0.9062620347489515,False,False,False,False,0,T2,"sensor_101, sensor_094, sensor_098"
U0955,2008-09-20 14:53:00,train,0,39.23740959214114,106.57927774962562,0.43089658282297416,0.16800219213654646,0.08397006705772309,0.9390852852592662,False,False,False,False,0,T2,"sensor_139, sensor_116, sensor_543"
U0956,2008-09-20 15:02:00,train,0,23.653703206476795,135.458275208085,0.4195038518882692,0.10127768453989089,0.10672281416155836,0.9142562510868256,False,False,False,False,0,SPE,"sensor_558, sensor_134, sensor_175"
U0957,2008-09-20 15:19:00,train,0,53.77477268472653,164.645054775809,0.43656200453613714,0.23024658830913272,0.12971805197184064,0.9514323642979631,False,False,False,False,0,T2,"sensor_573, sensor_034, sensor_572"
U0958,2008-09-20 15:37:00,train,0,25.718856206759877,99.75448297170415,0.41042603534727873,0.11012001727162185,0.07859305111937595,0.8944722837133141,False,False,False,False,0,T2,"sensor_560, sensor_559, sensor_565"
U0959,2008-09-20 15:46:00,train,0,17.15405055495396,119.4145890937192,0.3985163915665265,0.07344822523224434,0.09408255775035286,0.8685167025529531,False,False,False,False,0,SPE,"sensor_019, sensor_134, sensor_077"
U0960,2008-09-20 16:43:00,train,0,22.11056012145892,98.7349005493383,0.39591684385405324,0.094670433353888,0.07778975796347692,0.862851312985183,False,False,False,False,0,T2,"sensor_565, sensor_125, sensor_569"
U0961,2008-09-20 16:44:00,train,0,30.31608908563829,147.96904086461885,0.4103427032161526,0.1298039161182081,0.11657960671358235,0.894290671741325,False,False,False,False,0,T2,"sensor_180, sensor_201, sensor_337"
U0962,2008-09-20 17:26:00,train,0,30.15902112806998,104.58114029460035,0.4006111704120427,0.12913140074422758,0.08239580478430841,0.8730820114185024,False,False,False,False,0,T2,"sensor_565, sensor_569, sensor_563"
U0963,2008-09-20 17:29:00,train,0,22.794572235828028,107.92139510642824,0.4009255846215834,0.09759915713704469,0.0850274741525131,0.8737672379193062,False,False,False,False,0,T2,"sensor_543, sensor_004, sensor_129"
U0964,2008-09-20 18:03:00,train,0,23.69679261312336,108.91438340315307,0.4089305997395871,0.10146217976650586,0.08580981473150817,0.8912131685793868,False,False,False,False,0,T2,"sensor_138, sensor_273, sensor_565"
U0965,2008-09-20 18:21:00,train,0,20.835156318658214,130.7388315739405,0.41686858388937936,0.08920955719113738,0.10300453039381487,0.9085130136161104,False,False,False,False,0,SPE,"sensor_093, sensor_082, sensor_087"
U0966,2008-09-20 18:56:00,train,0,33.074385672371264,126.16892530683292,0.42955713945401686,0.14161407071176485,0.09940406186185505,0.9361661357269463,False,False,False,False,0,T2,"sensor_558, sensor_496, sensor_125"
U0967,2008-09-20 19:14:00,train,0,20.425710215771453,101.11451013020988,0.40550627741179457,0.08745643832927144,0.07966456871746223,0.8837502857480883,False,False,False,False,0,T2,"sensor_116, sensor_130, sensor_093"
U0968,2008-09-20 19:21:00,train,0,21.898045962011633,117.19099999405545,0.40821927309303574,0.09376051485982026,0.09233067004994813,0.8896629209946579,False,False,False,False,0,T2,"sensor_125, sensor_122, sensor_210"
U0969,2008-09-20 23:34:00,train,0,17.864916165569447,84.38141653114394,0.3904778933476074,0.07649192720287101,0.06648115237927393,0.850997799656313,False,False,False,False,0,T2,"sensor_125, sensor_122, sensor_130"
U0970,2008-09-21 00:48:00,train,0,25.89751278718277,136.76333355050193,0.4130277623181091,0.11088496830846799,0.10775102376140597,0.9001424227024941,False,False,False,False,0,T2,"sensor_569, sensor_565, sensor_139"
U0971,2008-09-21 01:06:00,train,0,19.541312923638216,105.70996970414794,0.40177412965684844,0.08366972851987137,0.08328516980176626,0.8756165358442902,False,False,False,False,0,T2,"sensor_356, sensor_218, sensor_542"
U0972,2008-09-21 02:07:00,train,0,21.17458285231893,134.8336709007529,0.41048498655079524,0.09066287437790016,0.10623071038042345,0.8946007604986439,False,False,False,False,0,SPE,"sensor_485, sensor_040, sensor_037"
U0973,2008-09-21 03:04:00,train,0,15.947930157909237,127.67246241501368,0.40049663874059926,0.06828399872518408,0.10058864590542779,0.872832403945071,False,False,False,False,0,SPE,"sensor_162, sensor_483, sensor_544"
U0974,2008-09-21 03:47:00,train,0,18.161556313262672,92.44258712762584,0.3964660727002304,0.07776204660183746,0.07283226537086773,0.8640482886592667,False,False,False,False,0,T2,"sensor_125, sensor_543, sensor_122"
U0975,2008-09-21 04:17:00,train,0,26.5421291572375,119.32948733855801,0.4059562118007409,0.11364501196022804,0.0940155090684843,0.8847308615540589,False,False,False,False,0,T2,"sensor_125, sensor_177, sensor_170"
U0976,2008-09-21 04:49:00,train,0,25.49105495542143,100.35647646500456,0.41166444658383444,0.10914464427951757,0.0790673406348247,0.8971712463315138,False,False,False,False,0,T2,"sensor_125, sensor_543, sensor_122"
U0977,2008-09-21 07:30:00,train,0,45.29125442149344,119.6440642660551,0.40432847617502227,0.19392284318761355,0.09426335317340305,0.881183415054506,False,False,False,False,0,T2,"sensor_155, sensor_290, sensor_569"
U0978,2008-09-21 07:55:00,train,0,15.69347916286725,125.79424853126602,0.40304078429886464,0.06719451994962951,0.09910886719893724,0.8783770514372194,False,False,False,False,0,SPE,"sensor_019, sensor_153, sensor_037"
U0979,2008-09-21 08:22:00,train,0,13.75010410493012,97.12686871581951,0.3983776598036629,0.05887360189538775,0.07652284619842697,0.8682143540027516,False,False,False,False,0,SPE,"sensor_433, sensor_482, sensor_562"
U0980,2008-09-21 08:49:00,train,0,44.59688023138119,123.08443790341451,0.40739323845209857,0.19094975226967328,0.09697390264542467,0.8878626816626668,False,False,False,False,0,T2,"sensor_155, sensor_290, sensor_019"
U0981,2008-09-21 09:16:00,train,0,15.126104007229944,94.92929280520272,0.38991825100240374,0.06476519877624672,0.0747914533754016,0.8497781290616991,False,False,False,False,0,SPE,"sensor_433, sensor_166, sensor_008"
U0982,2008-09-21 09:31:00,train,0,55.8063066021361,152.43084955608867,0.4268715748135866,0.23894497474881535,0.12009490896494114,0.9303132830078131,False,False,False,False,0,T2,"sensor_573, sensor_572, sensor_098"
U0983,2008-09-21 10:07:00,train,0,30.191329147064298,141.78971474044164,0.39894967888132676,0.12926973347493165,0.11171113284160096,0.8694609981399654,False,False,False,False,0,T2,"sensor_573, sensor_572, sensor_180"
U0984,2008-09-21 10:49:00,train,0,21.410659458459826,114.04347533435542,0.4048511627179532,0.09167367982494909,0.08985084599482804,0.8823225450936764,False,False,False,False,0,T2,"sensor_019, sensor_225, sensor_250"
U0985,2008-09-21 11:33:00,train,0,42.16669554431361,123.81293897424094,0.40936961095024405,0.18054446917458858,0.09754786303491636,0.8921699386825304,False,False,False,False,0,T2,"sensor_496, sensor_224, sensor_543"
U0986,2008-09-21 12:04:00,train,0,61.56125721706864,223.4597279418599,0.4240761493568801,0.2635858551992894,0.17605606583353345,0.924221002360717,False,False,False,False,0,T2,"sensor_140, sensor_004, sensor_270"
U0987,2008-09-21 14:30:00,train,0,22.50036398446267,102.0322683546334,0.4038538790392001,0.0963394503498785,0.08038763816655964,0.8801490898719834,False,False,False,False,0,T2,"sensor_125, sensor_177, sensor_129"
U0988,2008-09-21 14:31:00,train,0,28.861413512563054,127.73958960657116,0.4272856875849405,0.12357545487001513,0.10064153306037474,0.9312157900721965,False,False,False,False,0,T2,"sensor_543, sensor_125, sensor_129"
U0989,2008-09-21 14:33:00,train,0,12.942255795513287,94.1844478456438,0.3853821850414652,0.05541465064690843,0.07420461621040694,0.8398923398336308,False,False,False,False,0,SPE,"sensor_000, sensor_040, sensor_500"
U0990,2008-09-21 15:15:00,train,0,15.084369685612387,100.989057385363,0.3952777444900535,0.06458650559563252,0.07956572890901359,0.8614584757419197,False,False,False,False,0,SPE,"sensor_544, sensor_499, sensor_547"
U0991,2008-09-21 15:26:00,train,0,23.565343361850132,95.36495863782086,0.4074218417097426,0.10089935559951413,0.07513469917282242,0.8879250188902864,False,False,False,False,0,T2,"sensor_565, sensor_564, sensor_125"
U0992,2008-09-21 15:34:00,train,0,12.803380738272553,118.60485724677824,0.3996040072883305,0.054820031524696944,0.09344459848733237,0.8708870251804184,False,False,False,False,0,SPE,"sensor_118, sensor_038, sensor_255"
U0993,2008-09-21 16:43:00,train,0,16.866068900808017,100.32020972305088,0.39159113070876944,0.07221517876728815,0.07903876734348593,0.853423961446734,False,False,False,False,0,SPE,"sensor_019, sensor_542, sensor_009"
U0994,2008-09-21 17:26:00,train,0,28.955369161076327,316.2209956992459,0.40560528075150615,0.12397774327482874,0.24913940847210253,0.8839660511619275,False,False,False,False,0,SPE,"sensor_156, sensor_020, sensor_544"
U0995,2008-09-21 17:30:00,train,0,36.37746165265656,111.0269204072375,0.3948653524322122,0.1557567985638259,0.08747420838889074,0.860559718757728,False,False,False,False,0,T2,"sensor_573, sensor_572, sensor_167"
U0996,2008-09-21 18:12:00,train,0,13.094155107651584,94.96760904468452,0.3983981194000216,0.05606503551401695,0.07482164139381026,0.8682589431377059,False,False,False,False,0,SPE,"sensor_117, sensor_547, sensor_162"
U0997,2008-09-21 19:19:00,train,0,29.681918626472036,118.84007566940352,0.40605154067221605,0.12708859855683907,0.09362991881543083,0.884938618923301,False,False,False,False,0,T2,"sensor_093, sensor_090, sensor_054"
U0998,2008-09-21 20:35:00,train,0,22.42673170055631,75.30089154650271,0.392868755899186,0.09602418017182966,0.059326925891917834,0.8562083859797308,False,False,False,False,0,T2,"sensor_125, sensor_122, sensor_130"
U0999,2008-09-21 21:54:00,train,0,46.58008693851195,140.90515625864762,0.43378116168193015,0.19944121686229518,0.1110142203028689,0.9453718646117146,False,False,False,False,0,T2,"sensor_034, sensor_032, sensor_035"
U1000,2008-09-21 22:02:00,train,0,25.803146856405967,116.92009815762495,0.413375031692945,0.11048092320461679,0.09211723601425718,0.9008992529325995,False,False,False,False,0,T2,"sensor_125, sensor_542, sensor_037"
U1001,2008-09-22 00:12:00,train,0,18.467366629541733,115.89424024212283,0.3931256999830227,0.0790714297656828,0.09130899861787728,0.8567683635193174,False,False,False,False,0,SPE,"sensor_432, sensor_484, sensor_544"
U1002,2008-09-22 00:28:00,train,0,24.915630014110672,127.6257579165209,0.4135205879114766,0.10668085646693952,0.10055184907256175,0.9012164745315863,False,False,False,False,0,T2,"sensor_560, sensor_559, sensor_122"
U1003,2008-09-22 00:47:00,train,0,21.186209122515695,185.29573734099478,0.40411081192680165,0.09071265439395451,0.14598799896716538,0.8807090430107738,False,False,False,False,0,SPE,"sensor_144, sensor_086, sensor_118"
U1004,2008-09-22 01:43:00,train,0,25.155143016314923,103.35533148638277,0.40090581004745557,0.10770637547631824,0.08143003310711819,0.8737241417047481,False,False,False,False,0,T2,"sensor_007, sensor_177, sensor_407"
U1005,2008-09-22 03:51:00,train,0,17.290650748378727,84.56455596301514,0.38671906889135454,0.07403310410626239,0.06662544150094789,0.8428059112138142,False,False,False,False,0,T2,"sensor_407, sensor_125, sensor_250"
U1006,2008-09-22 06:05:00,train,0,33.05049504413799,121.37140069198689,0.39238872630980137,0.14151177858910868,0.09562426083368461,0.8551622214431571,False,False,False,False,0,T2,"sensor_573, sensor_572, sensor_004"
U1007,2008-09-22 07:12:00,train,0,18.944152606006462,92.74901521371334,0.4078947188096536,0.08111287669244632,0.07307368929004256,0.8889555954693654,False,False,False,False,0,T2,"sensor_136, sensor_129, sensor_407"
U1008,2008-09-22 10:43:00,train,0,22.175008415101054,141.21492663205487,0.4081664734025491,0.09494638058699757,0.11125827749275348,0.889547850663681,False,False,False,False,0,SPE,"sensor_137, sensor_006, sensor_136"
U1009,2008-09-22 11:50:00,train,0,27.53253068377821,306.3735025002609,0.41706657374984285,0.11788559841289609,0.2413809146848602,0.9089445077889666,False,False,False,False,0,SPE,"sensor_211, sensor_215, sensor_086"
U1010,2008-09-22 12:11:00,train,0,42.32566842126161,128.89293975431963,0.4154544316238338,0.18122514081155788,0.10155021710564463,0.9054310453744743,False,False,False,False,0,T2,"sensor_185, sensor_569, sensor_187"
U1011,2008-09-22 12:45:00,train,0,13.9430235099428,93.29038547828576,0.39031267396432073,0.05969962184126868,0.07350021589426664,0.8506377246455815,False,False,False,False,0,SPE,"sensor_487, sensor_038, sensor_562"
U1012,2008-09-22 13:03:00,train,0,18.685175657139542,132.41657030872813,0.40492460231381505,0.08000401921243594,0.10432636177642575,0.8824825975205891,False,False,False,False,0,SPE,"sensor_092, sensor_171, sensor_008"
U1013,2008-09-22 14:24:00,train,0,22.570552178722668,153.3428196670935,0.4069592817958208,0.09663997402410562,0.12081341816290747,0.8869169273295019,False,False,False,False,0,SPE,"sensor_092, sensor_562, sensor_208"
U1014,2008-09-22 14:27:00,train,0,24.746940019636455,112.27030542678864,0.41742615463260857,0.10595857920251871,0.08845382774524957,0.9097281694129544,False,False,False,False,0,T2,"sensor_054, sensor_053, sensor_130"
U1015,2008-09-22 14:36:00,train,0,25.152709413455973,155.2236765394569,0.42081216400792754,0.107695955557691,0.12229527918723675,0.9171075539494484,False,False,False,False,0,SPE,"sensor_144, sensor_010, sensor_088"
U1016,2008-09-22 16:25:00,train,0,24.826402113124676,112.40118397798497,0.3952472708193792,0.10629881078346523,0.08855694235582322,0.8613920621827066,False,False,False,False,0,T2,"sensor_102, sensor_542, sensor_468"
U1017,2008-09-22 21:30:00,train,0,25.324742317087917,147.50435112194992,0.3958662100807827,0.10843254610304573,0.11621349399751937,0.8627409630002656,False,False,False,False,0,SPE,"sensor_144, sensor_572, sensor_239"
U1018,2008-09-22 21:31:00,train,0,20.882481820234908,72.3422407012517,0.38741098251206,0.08941219003799174,0.05699590887696167,0.8443138505333095,False,False,False,False,0,T2,"sensor_125, sensor_542, sensor_129"
U1019,2008-09-22 22:15:00,train,0,29.77741439571395,135.60380823343644,0.4165063818941425,0.12749748127206348,0.10683747451726636,0.9077236396048567,False,False,False,False,0,T2,"sensor_356, sensor_093, sensor_218"
U1020,2008-09-22 22:17:00,train,0,16.42399306896506,90.7845542210641,0.3940532989276421,0.07032234971429482,0.0715259595177265,0.8587899495662691,False,False,False,False,0,SPE,"sensor_071, sensor_008, sensor_544"
U1021,2008-09-22 23:01:00,train,0,18.37675817949618,159.5537802118252,0.39832916006875785,0.07868347300727342,0.1257068156830068,0.8681086548879201,False,False,False,False,0,SPE,"sensor_003, sensor_007, sensor_004"
U1022,2008-09-22 23:10:00,train,0,24.489052366297305,103.6924254121997,0.39923704736373555,0.10485438574183203,0.08169561756362102,0.8700872818563722,False,False,False,False,0,T2,"sensor_270, sensor_135, sensor_239"
U1023,2008-09-23 00:57:00,train,0,54.85154294177579,111.33629034335539,0.41216394240688137,0.23485697838054917,0.08771795008830897,0.8982598350931112,False,False,False,False,0,T2,"sensor_155, sensor_290, sensor_569"
U1024,2008-09-23 06:44:00,train,0,15.828986645558437,105.49953004557852,0.3926622163477939,0.0677747201814915,0.08311937179098232,0.8557582588233127,False,False,False,False,0,SPE,"sensor_544, sensor_487, sensor_008"
U1025,2008-09-23 06:44:00,train,0,25.005909687376455,158.64302820668803,0.4033675231953806,0.10706740550704386,0.12498926618784151,0.879089138053989,False,False,False,False,0,SPE,"sensor_035, sensor_039, sensor_544"
U1026,2008-09-23 06:52:00,train,0,22.22269598488399,152.16758595780252,0.42081218192135805,0.09515056369552781,0.11988749282862732,0.9171075929895329,False,False,False,False,0,SPE,"sensor_095, sensor_433, sensor_166"
U1027,2008-09-23 07:58:00,train,0,21.988694459190164,157.33981607737883,0.38770462208006845,0.0941486430874015,0.12396251115441366,0.844953801297551,False,False,False,False,0,SPE,"sensor_144, sensor_137, sensor_150"
U1028,2008-09-23 08:11:00,train,0,22.986089405988963,105.84824428994268,0.40037821873963425,0.09841917315627928,0.08339411148805578,0.8725743223430817,False,False,False,False,0,T2,"sensor_133, sensor_121, sensor_123"
U1029,2008-09-23 09:43:00,train,0,30.514238917707132,109.58673377338816,0.39968428789287835,0.1306523311003664,0.08633953595750067,0.8710619867313517,False,False,False,False,0,T2,"sensor_133, sensor_121, sensor_460"
U1030,2008-09-23 11:14:00,train,1,31.627740962920026,180.26460038679966,0.4349654958928915,0.13541999508452918,0.1420241429874617,0.9479529731066035,False,False,False,False,0,SPE,"sensor_211, sensor_092, sensor_082"
U1031,2008-09-23 11:42:00,train,0,15.455047820356043,100.85081149672274,0.39539664689998527,0.06617363226534248,0.07945680983220349,0.8617176086940014,False,False,False,False,0,SPE,"sensor_040, sensor_134, sensor_499"
U1032,2008-09-23 11:43:00,train,0,25.22782018265696,99.4381717537612,0.41644257754214037,0.10801755614269383,0.07834384062796902,0.9075845859885384,False,False,False,False,0,T2,"sensor_542, sensor_132, sensor_094"
U1033,2008-09-23 12:29:00,train,0,19.366901371231652,97.74824937668158,0.3991443333316135,0.08292295335191763,0.07701241018180782,0.8698852232029188,False,False,False,False,0,T2,"sensor_132, sensor_003, sensor_048"
U1034,2008-09-23 12:31:00,train,0,53.1778771758513,203.40948553046437,0.43163669665731574,0.22769087030914573,0.16025918453205173,0.9406982709243963,False,False,False,False,0,T2,"sensor_155, sensor_290, sensor_210"
U1035,2008-09-23 12:46:00,train,0,24.24891109647393,116.74510896597337,0.4074845632603251,0.10382617668898819,0.09197936818040042,0.8880617126761475,False,False,False,False,0,T2,"sensor_407, sensor_269, sensor_121"
U1036,2008-09-23 13:37:00,train,0,18.433092256691,112.34031490214689,0.4081163948970476,0.07892467772896879,0.08850898575030115,0.8894387108155157,False,False,False,False,0,SPE,"sensor_089, sensor_134, sensor_482"
U1037,2008-09-23 15:23:00,train,0,20.894229844667596,142.16022478173232,0.42040605881948034,0.08946249136722016,0.11200304468102837,0.9162224984118998,False,False,False,False,0,SPE,"sensor_081, sensor_040, sensor_180"
U1038,2008-09-23 15:33:00,train,0,24.511731691560513,162.46010381569027,0.42150227721990324,0.10495149144784072,0.12799660590359074,0.9186115695029801,False,False,False,False,0,SPE,"sensor_572, sensor_082, sensor_040"
U1039,2008-09-23 15:58:00,train,0,35.29100375084802,170.68092439882636,0.4165288573779117,0.15110492905803505,0.13447350150854218,0.9077726221146469,False,False,False,False,0,T2,"sensor_565, sensor_569, sensor_144"
U1040,2008-09-23 18:10:00,train,0,18.46058930047893,115.25667695573478,0.4014275755535595,0.07904241138370455,0.09080668491260603,0.8748612644591872,False,False,False,False,0,SPE,"sensor_483, sensor_485, sensor_040"
U1041,2008-09-23 18:36:00,train,0,15.354598395362942,125.31060587955966,0.4016154461168764,0.06574353956113203,0.09872782215197078,0.8752707048877661,False,False,False,False,0,SPE,"sensor_144, sensor_485, sensor_582"
U1042,2008-09-23 18:56:00,train,0,17.27869615140898,92.83814425548462,0.39082219316706646,0.0739819182986899,0.07314391092948645,0.8517481581113584,False,False,False,False,0,T2,"sensor_188, sensor_098, sensor_432"
U1043,2008-09-23 20:18:00,train,0,30.508618510592054,119.33734386263814,0.4126557014482286,0.13062826629267782,0.09402169894767826,0.8993315625052828,False,False,False,False,0,T2,"sensor_565, sensor_569, sensor_150"
U1044,2008-09-23 20:59:00,train,0,20.477957631500388,91.48912520693793,0.3962917211867525,0.08768014525761282,0.0720810662343411,0.8636683113113446,False,False,False,False,0,T2,"sensor_123, sensor_542, sensor_124"
U1045,2008-09-23 21:26:00,train,0,28.504210303198903,131.56254968594453,0.4147804149490979,0.12204602357383174,0.10365350894351125,0.9039621102134733,False,False,False,False,0,T2,"sensor_091, sensor_054, sensor_053"
U1046,2008-09-23 22:25:00,train,0,23.506004267960467,107.07427011063331,0.40576201510412624,0.10064528434566518,0.0843600541417463,0.8843076341080625,False,False,False,False,0,T2,"sensor_123, sensor_121, sensor_124"
U1047,2008-09-24 02:19:00,train,0,16.74088050603134,104.46048279453075,0.3906204798567079,0.07167916160990807,0.08230074298068404,0.8513085491444976,False,False,False,False,0,SPE,"sensor_485, sensor_171, sensor_223"
U1048,2008-09-24 02:44:00,train,0,13.134647958900025,124.58172742516128,0.3926220885985504,0.0562384131107113,0.09815356443522642,0.855670805405608,False,False,False,False,0,SPE,"sensor_024, sensor_086, sensor_176"
U1049,2008-09-24 03:32:00,train,0,34.55105672067041,151.52255180381633,0.41744247889557,0.14793670963613761,0.11937929308934983,0.9097637461052535,False,False,False,False,0,T2,"sensor_035, sensor_034, sensor_173"
U1050,2008-09-24 03:40:00,train,0,19.05030269822011,101.91948557779448,0.3951621571821868,0.08156737785276148,0.0802987805806003,0.861206567640748,False,False,False,False,0,T2,"sensor_188, sensor_560, sensor_559"
U1051,2008-09-24 05:13:00,train,0,25.486653028462527,105.7736090230441,0.4047656504147667,0.10912579661892001,0.08333530898442963,0.8821361817089751,False,False,False,False,0,T2,"sensor_269, sensor_407, sensor_480"
U1052,2008-09-24 05:22:00,train,0,13.985386515647805,94.5898211706217,0.398676843784757,0.05988100684853378,0.07452399560573153,0.8688663881228416,False,False,False,False,0,SPE,"sensor_547, sensor_238, sensor_007"
U1053,2008-09-24 06:13:00,train,0,33.71627774324032,167.30688705093553,0.40320281262857915,0.14436244977506235,0.13181521606750904,0.8787301719452383,False,False,False,False,0,T2,"sensor_210, sensor_225, sensor_407"
U1054,2008-09-24 06:14:00,train,0,26.135578078539986,124.64670697197757,0.4060339114226017,0.11190428867735515,0.09820475953636383,0.8849001981755787,False,False,False,False,0,T2,"sensor_407, sensor_033, sensor_103"
U1055,2008-09-24 07:23:00,train,0,32.32289350066524,110.69845327935926,0.4107520730445158,0.13839641864114108,0.08721542068328264,0.8951828421538319,False,False,False,False,0,T2,"sensor_056, sensor_124, sensor_175"
U1056,2008-09-24 10:10:00,train,0,23.048923142553214,93.85917636794758,0.4029735544454517,0.09868820736604625,0.07394834624526156,0.8782305323684058,False,False,False,False,0,T2,"sensor_123, sensor_121, sensor_124"
U1057,2008-09-24 10:53:00,train,0,46.33011269440184,175.845783180372,0.4125679183690895,0.19837090611995234,0.13854271221617037,0.8991402502480024,False,False,False,False,0,T2,"sensor_573, sensor_034, sensor_572"
U1058,2008-09-24 10:59:00,train,0,15.603179734484662,88.43589344661214,0.39497207182138794,0.06680788632435598,0.06967553224057911,0.8607923003376751,False,False,False,False,0,SPE,"sensor_486, sensor_113, sensor_419"
U1059,2008-09-24 11:47:00,train,0,19.39881358667177,150.19340144572513,0.40349689999755706,0.0830595913768434,0.11833210223710082,0.8793710986357645,False,False,False,False,0,SPE,"sensor_099, sensor_091, sensor_255"
U1060,2008-09-24 12:04:00,train,0,22.108986775202776,113.93839707006398,0.40141566567253406,0.09466369678226491,0.08976805852351875,0.8748353083609817,False,False,False,False,0,T2,"sensor_569, sensor_565, sensor_559"
U1061,2008-09-24 12:35:00,train,0,20.082251265964572,119.40277299998819,0.4074481813536714,0.08598585561047675,0.09407324826539572,0.8879824228545288,False,False,False,False,0,SPE,"sensor_033, sensor_113, sensor_511"
U1062,2008-09-24 13:01:00,train,0,22.277030459362607,80.5894290600714,0.38529306394767493,0.09538320675009947,0.063493578725641,0.83969811154053,False,False,False,False,0,T2,"sensor_133, sensor_121, sensor_407"
U1063,2008-09-24 15:05:00,train,1,10.725259301739493,144.0323773329335,0.39851826717169914,0.04592217204588389,0.11347804787663975,0.8685207902001724,False,False,False,False,0,SPE,"sensor_071, sensor_000, sensor_081"
U1064,2008-09-24 15:39:00,train,0,17.177786310053577,94.12709617152686,0.38844659896065864,0.07354985423706911,0.07415943084207685,0.8465708472392941,False,False,False,False,0,SPE,"sensor_173, sensor_108, sensor_086"
U1065,2008-09-24 15:42:00,train,0,18.562704365577478,128.49808468279616,0.41614096735609984,0.07947963583264366,0.10123912467253772,0.9069272642577896,False,False,False,False,0,SPE,"sensor_162, sensor_040, sensor_082"
U1066,2008-09-24 15:43:00,train,0,36.77356000180194,131.67772489255006,0.4118067203808249,0.15745276656094412,0.10374425144079831,0.8974813143027109,False,False,False,False,0,T2,"sensor_218, sensor_356, sensor_407"
U1067,2008-09-24 16:26:00,train,0,19.942293331696696,91.9751348575985,0.39930715405732453,0.08538659995093353,0.07246397615659203,0.8702400706390455,False,False,False,False,0,T2,"sensor_098, sensor_093, sensor_100"
U1068,2008-09-24 17:54:00,train,0,21.253588132275844,88.16802724701012,0.3942705145389825,0.09100115002762045,0.06946448987645351,0.8592633438619536,False,False,False,False,0,T2,"sensor_565, sensor_564, sensor_569"
U1069,2008-09-24 18:05:00,train,0,13.582665952431476,97.48426786666555,0.38473397488349315,0.05815668462282907,0.07680442842807406,0.8384796467528012,False,False,False,False,0,SPE,"sensor_169, sensor_212, sensor_238"
U1070,2008-09-25 01:05:00,train,0,67.5267211559075,248.1637131514663,0.43343724270114625,0.28912808719814126,0.19551946752327642,0.9446223361469968,False,False,False,False,0,T2,"sensor_035, sensor_146, sensor_368"
U1071,2008-09-25 02:03:00,train,0,28.638570049326137,75.81648399272977,0.39667059747031663,0.12262130956031557,0.05973314305906592,0.8644940248514656,False,False,False,False,0,T2,"sensor_098, sensor_101, sensor_056"
U1072,2008-09-25 06:21:00,train,0,25.54720227297207,140.69460977892953,0.4013952165019472,0.10938504935541697,0.11084833813145628,0.874790741947695,False,False,False,False,0,SPE,"sensor_156, sensor_543, sensor_006"
U1073,2008-09-25 07:12:00,train,0,40.41615293311114,159.9640749064368,0.41301031295459006,0.1730491987383528,0.12603007245249717,0.9001043939940497,False,False,False,False,0,T2,"sensor_155, sensor_290, sensor_019"
U1074,2008-09-25 07:58:00,train,0,23.918756349248937,122.73553060128334,0.40018473461295867,0.10241255836263478,0.09669901084492186,0.8721526478542708,False,False,False,False,0,T2,"sensor_496, sensor_224, sensor_133"
U1075,2008-09-25 08:45:00,train,0,47.97477720651433,130.91806095101578,0.42957718789031046,0.20541283998450144,0.10314573892073958,0.9362098287898907,False,False,False,False,0,T2,"sensor_098, sensor_101, sensor_094"
U1076,2008-09-25 09:31:00,train,0,37.961342096429,108.89770915103699,0.3951562866347733,0.16253847425042048,0.08579667767430636,0.8611937735158647,False,False,False,False,0,T2,"sensor_572, sensor_573, sensor_216"
U1077,2008-09-25 10:23:00,train,0,28.364897780370157,141.4863637171939,0.3950514421767206,0.12144953136217489,0.1114721332320898,0.8609652781141299,False,False,False,False,0,T2,"sensor_100, sensor_095, sensor_227"
U1078,2008-09-25 11:08:00,train,0,24.297764014983187,101.02695400985553,0.3971994649478575,0.1040353494526119,0.07959558632752017,0.865646625465648,False,False,False,False,0,T2,"sensor_269, sensor_407, sensor_542"
U1079,2008-09-25 11:09:00,train,0,25.506544411441936,142.3737713942276,0.4047028747232274,0.10921096523682586,0.11217129055161217,0.8819993699296607,False,False,False,False,0,SPE,"sensor_432, sensor_562, sensor_564"
U1080,2008-09-25 11:55:00,train,0,22.375027798555717,99.53142687190444,0.397359972206435,0.0958028003975682,0.07841731305796952,0.8659964309890984,False,False,False,False,0,T2,"sensor_103, sensor_175, sensor_215"
U1081,2008-09-25 13:42:00,train,0,28.48915395520723,141.88114317855295,0.413274378017678,0.12198155704827704,0.11178316609460559,0.9006798908185368,False,False,False,False,0,T2,"sensor_432, sensor_208, sensor_496"
U1082,2008-09-25 14:08:00,train,0,18.089348603934837,111.70200553189491,0.40957598865896466,0.07745287600208757,0.08800608423177571,0.8926197131230594,False,False,False,False,0,SPE,"sensor_040, sensor_023, sensor_488"
U1083,2008-09-25 14:28:00,train,0,22.40536274025542,108.4718403936254,0.3924098042989284,0.09593268503462399,0.08546115064810857,0.8552081582879155,False,False,False,False,0,T2,"sensor_269, sensor_407, sensor_485"
U1084,2008-09-25 15:12:00,train,0,34.72018868148955,104.5029118669901,0.40580908787656544,0.14866087926082303,0.08233417135564432,0.8844102233364207,False,False,False,False,0,T2,"sensor_316, sensor_180, sensor_225"
U1085,2008-09-25 15:40:00,train,0,21.925696585790174,95.49520788848605,0.40445638691749064,0.09387890609555741,0.07523731797962525,0.8814621805422519,False,False,False,False,0,T2,"sensor_542, sensor_356, sensor_218"
U1086,2008-09-25 15:55:00,train,0,21.03996301770203,135.0864160939813,0.4060465528279421,0.09008647477466976,0.10642983943507667,0.8849277485396647,False,False,False,False,0,SPE,"sensor_107, sensor_217, sensor_108"
U1087,2008-09-25 16:44:00,train,0,43.50046572306411,134.07868147268564,0.4373394228800475,0.18625525172026708,0.10563588074523292,0.9531266504825365,False,False,False,False,0,T2,"sensor_034, sensor_032, sensor_035"
U1088,2008-09-25 17:28:00,train,0,19.882315527091777,90.88061887974021,0.3915246590452107,0.08512979393958098,0.07160164548596754,0.8532790947580131,False,False,False,False,0,T2,"sensor_091, sensor_108, sensor_542"
U1089,2008-09-25 17:29:00,train,0,23.939109250048375,117.10763478942454,0.40153429251474665,0.10249970305404499,0.09226498953520884,0.8750938407476364,False,False,False,False,0,T2,"sensor_569, sensor_565, sensor_542"
U1090,2008-09-25 19:49:00,train,0,30.75999393162507,140.29157697460815,0.42337565326258536,0.1317045764319499,0.11053080275009602,0.9226943586119454,False,False,False,False,0,T2,"sensor_003, sensor_006, sensor_273"
U1091,2008-09-25 22:05:00,train,0,18.081434147494008,108.37382501132915,0.38983802521588434,0.07741898879991367,0.08538392777328821,0.8496032869798122,False,False,False,False,0,SPE,"sensor_485, sensor_482, sensor_081"
U1092,2008-09-25 23:04:00,train,0,29.268288220584203,101.5408763300379,0.40819997215504134,0.12531756383141204,0.08000048766105662,0.8896208570108977,False,False,False,False,0,T2,"sensor_225, sensor_250, sensor_316"
U1093,2008-09-25 23:48:00,train,0,48.163989699948985,119.21381403508524,0.4188765723375698,0.20622298810607903,0.09392437413818186,0.9128891736504101,False,False,False,False,0,T2,"sensor_565, sensor_569, sensor_564"
U1094,2008-09-26 00:19:00,train,0,21.941956057206646,119.32599833757024,0.40902974490530614,0.09394852401553079,0.09401276020723197,0.8914292430852957,False,False,False,False,0,SPE,"sensor_081, sensor_001, sensor_483"
U1095,2008-09-26 01:21:00,train,0,31.709623345025115,256.7371884260213,0.4282520903554169,0.1357705895767245,0.20227420736504312,0.933321944211184,False,False,False,False,0,SPE,"sensor_151, sensor_474, sensor_166"
U1096,2008-09-26 02:26:00,train,0,25.22332355554482,96.76284893247637,0.40260994467270694,0.10799830300595742,0.07623604780512704,0.8774380902818986,False,False,False,False,0,T2,"sensor_050, sensor_071, sensor_056"
U1097,2008-09-26 03:12:00,train,0,15.958426490562795,90.28805991847054,0.39286544791528705,0.0683289407056441,0.07113478910671567,0.856201176641975,False,False,False,False,0,SPE,"sensor_084, sensor_002, sensor_175"
U1098,2008-09-26 03:29:00,train,0,57.525362472663296,305.04917306852155,0.41110058648438913,0.246305428908654,0.24033752207104547,0.8959423836683085,False,False,False,False,0,T2,"sensor_155, sensor_290, sensor_099"
U1099,2008-09-26 04:14:00,train,0,23.396389973541226,109.54688193972972,0.4023735547956758,0.10017595056590359,0.08630813809841088,0.8769229080689187,False,False,False,False,0,T2,"sensor_216, sensor_057, sensor_218"
U1100,2008-09-26 05:32:00,train,0,19.92566836738421,107.0641312134419,0.3908723231617607,0.08531541710584456,0.08435206606099524,0.8518574101737885,False,False,False,False,0,T2,"sensor_175, sensor_030, sensor_132"
U1101,2008-09-26 11:08:00,train,0,32.547841766060415,152.8946030619428,0.4117544127689752,0.13935957604874102,0.12046028405292313,0.8973673163956649,False,False,False,False,0,T2,"sensor_521, sensor_114, sensor_009"
U1102,2008-09-26 13:36:00,train,0,12.704524130400474,96.32102863849317,0.38795332137482796,0.054396758760201835,0.07588795312390405,0.8454958103490802,False,False,False,False,0,SPE,"sensor_173, sensor_057, sensor_091"
U1103,2008-09-26 13:45:00,train,0,22.421957317384344,127.62092103725378,0.4066695528736189,0.09600373777139273,0.10054803826538622,0.8862854993293741,False,False,False,False,0,SPE,"sensor_586, sensor_023, sensor_563"
U1104,2008-09-26 14:20:00,train,0,32.50710636038664,193.36218707753596,0.40086116151169915,0.1391851599106243,0.15234327120766894,0.8736268357974639,False,False,False,False,0,SPE,"sensor_521, sensor_586, sensor_548"
U1105,2008-09-26 14:51:00,train,0,35.59630692963989,123.47118711725325,0.407447207218249,0.1524121408193732,0.09727860875815374,0.8879802998480407,False,False,False,False,0,T2,"sensor_438, sensor_439, sensor_569"
U1106,2008-09-26 15:06:00,train,0,52.50969965143826,219.2362628651665,0.44730066502331467,0.22482994523777594,0.17272854613932964,0.9748359336204113,False,False,False,False,0,T2,"sensor_407, sensor_269, sensor_227"
U1107,2008-09-26 15:36:00,train,0,34.272837078761384,136.21491071531273,0.41377335824245204,0.1467454610236012,0.10731894068466562,0.9017673558980943,False,False,False,False,0,T2,"sensor_572, sensor_573, sensor_093"
U1108,2008-09-26 15:49:00,train,0,22.665018840434517,89.3523296208404,0.39286424748100085,0.09704445042599814,0.070397560092793,0.856198560445377,False,False,False,False,0,T2,"sensor_269, sensor_407, sensor_175"
U1109,2008-09-26 16:31:00,train,0,27.182993703287938,98.70834617469922,0.39457223572716194,0.11638899148686403,0.07776883670499027,0.8599209075080005,False,False,False,False,0,T2,"sensor_090, sensor_115, sensor_006"
U1110,2008-09-26 17:59:00,train,0,14.565042955630034,116.01661533419033,0.3891804793876265,0.0623629126016237,0.09140541365186956,0.848170247971577,False,False,False,False,0,SPE,"sensor_586, sensor_071, sensor_486"
U1111,2008-09-26 18:54:00,train,0,39.57298400008799,107.98613112931304,0.42685001412843016,0.16943901573795175,0.0850784773897039,0.9302662941873452,False,False,False,False,0,T2,"sensor_586, sensor_056, sensor_137"
U1112,2008-09-26 19:38:00,train,0,24.142835725672033,135.9120714551177,0.41771419583131564,0.10337199546215245,0.10708034427527706,0.9103559192305142,False,False,False,False,0,SPE,"sensor_586, sensor_544, sensor_169"
U1113,2008-09-26 19:45:00,train,0,45.13643529179383,156.18203813986395,0.43507178573343536,0.19325995658412543,0.12305033860920782,0.9481846185389561,False,False,False,False,0,T2,"sensor_003, sensor_273, sensor_006"
U1114,2008-09-26 19:55:00,train,0,20.875906716870944,144.24596637515342,0.40091778807330297,0.08938403752256951,0.11364632717611234,0.8737502463160821,False,False,False,False,0,SPE,"sensor_587, sensor_081, sensor_093"
U1115,2008-09-26 20:23:00,train,0,30.62116195895332,130.9547788985802,0.4235150786198874,0.1311101417842517,0.1031746677011208,0.9229982187645986,False,False,False,False,0,T2,"sensor_056, sensor_316, sensor_175"
U1116,2008-09-26 20:31:00,train,0,20.42700862729539,96.12989435578226,0.39835216716806715,0.08746199771722758,0.07573736514024394,0.8681587959873838,False,False,False,False,0,T2,"sensor_175, sensor_208, sensor_126"
U1117,2008-09-27 00:16:00,train,0,22.88121810575558,121.41380049019034,0.39950540407560686,0.09797014737923239,0.09565766614448754,0.8706721317933754,False,False,False,False,0,T2,"sensor_572, sensor_573, sensor_542"
U1118,2008-09-27 00:17:00,train,0,18.498697063842805,144.83249619817187,0.3999112654336458,0.0792055767875653,0.11410843340923875,0.8715566559330025,False,False,False,False,0,SPE,"sensor_210, sensor_238, sensor_544"
U1119,2008-09-27 01:29:00,train,0,16.419262039707956,121.34316056071629,0.40494478404463213,0.07030209294162512,0.09560201142679631,0.8825265810822995,False,False,False,False,0,SPE,"sensor_432, sensor_433, sensor_077"
U1120,2008-09-27 03:53:00,train,0,15.865365719914928,100.57944721225572,0.39558790364127905,0.06793048388514367,0.07924301144995796,0.8621344288745629,False,False,False,False,0,SPE,"sensor_040, sensor_151, sensor_547"
U1121,2008-09-27 10:10:00,train,0,34.00313983112728,109.65281660198139,0.41790262056105953,0.14559070261098678,0.0863916002955737,0.9107665673956079,False,False,False,False,0,T2,"sensor_090, sensor_115, sensor_043"
U1122,2008-09-27 10:13:00,train,0,42.16671869929368,340.9205003495107,0.42140195763323385,0.18054456831689822,0.2685992800866159,0.9183929354932895,False,False,False,False,0,SPE,"sensor_112, sensor_474, sensor_587"
U1123,2008-09-27 11:04:00,train,0,18.551010139161956,143.91608830986684,0.4100506736247807,0.07942956484952907,0.11338642784250962,0.8936542297200842,False,False,False,False,0,SPE,"sensor_252, sensor_172, sensor_040"
U1124,2008-09-27 11:45:00,train,0,316.4941184432652,458.02653777493515,0.45502402112631013,1.3551278295252727,0.36086301111487074,0.9916680236351982,True,False,False,True,1,T2,"sensor_167, sensor_166, sensor_439"
U1125,2008-09-27 11:54:00,train,0,101.82275867065783,322.61787909675957,0.46756658341611507,0.4359728851592514,0.2541792880733841,1.0190029716374258,False,False,True,False,1,T2,"sensor_543, sensor_544, sensor_521"
U1126,2008-09-27 12:26:00,train,0,16.77857902330418,99.98850857593555,0.3988773981263718,0.07184057475129453,0.07877743166778517,0.8693034712620752,False,False,False,False,0,SPE,"sensor_084, sensor_040, sensor_254"
U1127,2008-09-27 12:28:00,train,0,14.486468017743315,77.25795046067512,0.38971184352893984,0.0620264795406959,0.060868823826758636,0.8493282897526296,False,False,False,False,0,T2,"sensor_007, sensor_555, sensor_273"
U1128,2008-09-27 12:36:00,train,0,33.40493059205704,118.93535833549691,0.40650175999485594,0.14302935963333352,0.09370498867920019,0.8859198157066698,False,False,False,False,0,T2,"sensor_136, sensor_407, sensor_564"
U1129,2008-09-27 13:14:00,train,0,28.01821539364328,84.2647834155955,0.3973760595135453,0.11996514690482502,0.06638926124677104,0.8660314912657147,False,False,False,False,0,T2,"sensor_145, sensor_555, sensor_549"
U1130,2008-09-27 13:19:00,train,0,31.143462851445634,155.66253637045742,0.4183981720000632,0.13334646920254178,0.12264104142372538,0.9118465598648186,False,False,False,False,0,T2,"sensor_024, sensor_091, sensor_316"
U1131,2008-09-27 14:01:00,train,0,17.11371004614017,108.00478731083908,0.3831447126013504,0.0732754999177277,0.08509317593943007,0.8350160481004281,False,False,False,False,0,SPE,"sensor_118, sensor_485, sensor_024"
U1132,2008-09-27 14:05:00,train,0,30.442970112963867,128.77701767443313,0.41181029872108044,0.13034718059343237,0.10145888617314941,0.8974891128483796,False,False,False,False,0,T2,"sensor_201, sensor_473, sensor_337"
U1133,2008-09-27 14:46:00,train,0,11.999318798721744,118.94810398389731,0.3937421371402369,0.051377292315808,0.09371503052761081,0.8581118113132971,False,False,False,False,0,SPE,"sensor_485, sensor_486, sensor_006"
U1134,2008-09-27 15:09:00,train,0,23.273968579871035,99.10887447149312,0.4065630791854351,0.09965178083312075,0.07808439887289413,0.8860534532240519,False,False,False,False,0,T2,"sensor_473, sensor_201, sensor_043"
U1135,2008-09-27 15:30:00,train,0,20.340176400016194,195.25785696856911,0.41152835669380555,0.08709020955173345,0.15383680288878337,0.8968746554131979,False,False,False,False,0,SPE,"sensor_214, sensor_210, sensor_489"
U1136,2008-09-27 16:13:00,train,0,21.22168061004409,109.25674418457689,0.39259554245570777,0.09086453209753023,0.0860795487584325,0.8556129514027737,False,False,False,False,0,T2,"sensor_569, sensor_564, sensor_565"
U1137,2008-09-27 17:26:00,train,0,37.52044551602701,192.7250585537561,0.4176071611058116,0.16065069437955262,0.15184130003657634,0.9101226504144235,False,False,False,False,0,T2,"sensor_035, sensor_173, sensor_056"
U1138,2008-09-27 18:14:00,train,0,38.923731940302446,274.4359437045449,0.4260724417884656,0.16665912352725426,0.21621843460091475,0.9285716723876051,False,False,False,False,0,SPE,"sensor_543, sensor_544, sensor_000"
U1139,2008-09-27 19:16:00,train,0,18.421306205283418,114.17830337655461,0.39807243084919774,0.0788742135802472,0.08995707227055233,0.8675491456181889,False,False,False,False,0,SPE,"sensor_010, sensor_219, sensor_014"
U1140,2008-09-27 20:46:00,train,0,18.452265049294784,85.17348285355942,0.3927783597783683,0.07900676956990062,0.06710519359640092,0.8560113789244687,False,False,False,False,0,T2,"sensor_166, sensor_137, sensor_542"
U1141,2008-09-27 21:45:00,train,0,26.659031834363272,97.50444345906485,0.3909676302944181,0.11414555229222015,0.07682032406822539,0.8520651201659923,False,False,False,False,0,T2,"sensor_269, sensor_407, sensor_316"
U1142,2008-09-28 00:51:00,train,0,25.648797023589005,155.0945879343289,0.41211985922211924,0.10982004598212164,0.12219357481226012,0.8981637612977095,False,False,False,False,0,SPE,"sensor_093, sensor_171, sensor_485"
U1143,2008-09-28 01:22:00,train,0,39.59521218337891,187.76183595337272,0.4024741093174725,0.16953418979655818,0.1479309513892938,0.8771420540903768,False,False,False,False,0,T2,"sensor_217, sensor_213, sensor_056"
U1144,2008-09-28 03:55:00,train,0,38.85638763696521,176.2035230409752,0.41011031003394893,0.1663707764955269,0.1388245628790604,0.8937841998255528,False,False,False,False,0,T2,"sensor_521, sensor_056, sensor_055"
U1145,2008-09-28 04:45:00,train,1,42.844982149859426,245.25478145979028,0.4428132207389693,0.18344867813774546,0.1932276224819712,0.9650561092638538,False,False,False,False,0,SPE,"sensor_216, sensor_571, sensor_225"
U1146,2008-09-28 05:31:00,train,0,46.10538706045101,113.0427098068621,0.42081699159205516,0.1974087019498642,0.08906237800905238,0.9171180750661114,False,False,False,False,0,T2,"sensor_139, sensor_412, sensor_120"
U1147,2008-09-28 06:22:00,train,0,19.209138184437602,123.75190371365927,0.404764056030859,0.08224746122602672,0.09749977549827563,0.8821327069483795,False,False,False,False,0,SPE,"sensor_564, sensor_128, sensor_562"
U1148,2008-09-28 07:38:00,train,0,34.36396211949033,181.95620930549637,0.4218689937835088,0.14713562966011745,0.14335690220048708,0.9194107824521445,False,False,False,False,0,T2,"sensor_407, sensor_269, sensor_139"
U1149,2008-09-28 07:52:00,train,0,21.922950438249327,112.25430393668836,0.40435461626632524,0.09386714795934024,0.08844122073359482,0.8812403841187236,False,False,False,False,0,T2,"sensor_337, sensor_201, sensor_000"
U1150,2008-09-28 08:40:00,train,0,17.89911189427626,119.09391938492627,0.3924338616961759,0.07663834251020572,0.09382991335719063,0.8552605883805581,False,False,False,False,0,SPE,"sensor_024, sensor_144, sensor_086"
U1151,2008-09-28 08:41:00,train,0,48.52192048414432,232.1735714289387,0.43059608784523046,0.2077555346478368,0.18292139685650596,0.9384303939857158,False,False,False,False,0,T2,"sensor_217, sensor_082, sensor_569"
U1152,2008-09-28 09:50:00,train,1,51.09039868122814,433.101316287593,0.4284522702325503,0.21875294686363794,0.34122530513756527,0.9337582112518492,False,False,False,False,0,SPE,"sensor_099, sensor_270, sensor_100"
U1153,2008-09-28 17:05:00,train,0,20.30946914251454,91.47825792016081,0.3941652757403924,0.08695873077603435,0.07207250428103576,0.8590339890442689,False,False,False,False,0,T2,"sensor_083, sensor_002, sensor_136"
U1154,2008-09-28 17:06:00,train,0,9.671265101211516,114.94905214639617,0.4000588867095409,0.041409301853164215,0.09056431813724221,0.8718783780665966,False,False,False,False,0,SPE,"sensor_486, sensor_071, sensor_500"
U1155,2008-09-28 17:49:00,train,0,36.37382539641631,94.34911568160787,0.42322412896231415,0.15574122926335773,0.07433435221087634,0.9223641303241932,False,False,False,False,0,T2,"sensor_473, sensor_201, sensor_337"
U1156,2008-09-28 17:55:00,train,0,31.462402571656014,171.8684427480689,0.4153920044971206,0.1347120683262284,0.1354091054788789,0.9052949932486642,False,False,False,False,0,SPE,"sensor_432, sensor_161, sensor_485"
U1157,2008-09-28 18:34:00,train,0,25.333023348326424,110.53659867264545,0.4087288625383193,0.10846800286269632,0.08708790112726457,0.8907735075452731,False,False,False,False,0,T2,"sensor_056, sensor_043, sensor_433"
U1158,2008-09-28 18:43:00,train,0,44.297364275131756,288.5795832637015,0.4212131527314598,0.18966731956698393,0.22736171111112563,0.9179814587907378,False,False,False,False,0,SPE,"sensor_112, sensor_143, sensor_023"
U1159,2008-09-28 19:18:00,train,0,19.500890294632583,195.25873772445237,0.42096977821851334,0.08349665159263638,0.15383749680538839,0.9174510544361294,False,False,False,False,0,SPE,"sensor_215, sensor_485, sensor_040"
U1160,2008-09-28 19:29:00,train,0,22.80925854081692,141.34277322387675,0.41365483637607503,0.09766203925536408,0.11135900332909855,0.9015090522931621,False,False,False,False,0,SPE,"sensor_115, sensor_071, sensor_482"
U1161,2008-09-28 20:02:00,train,0,34.367076934803116,143.743084889515,0.3996013792062413,0.1471489663152659,0.11325012452806714,0.8708812976037402,False,False,False,False,0,T2,"sensor_035, sensor_034, sensor_003"
U1162,2008-09-28 20:42:00,train,0,29.486444329186256,121.13913671290425,0.39753309046076807,0.1262516393693768,0.09544126820781525,0.8663737206027428,False,False,False,False,0,T2,"sensor_139, sensor_412, sensor_142"
U1163,2008-09-28 21:08:00,train,0,31.007827181775195,134.2213223664085,0.40550378296719103,0.13276572011453097,0.10574826249207885,0.8837448494176195,False,False,False,False,0,T2,"sensor_589, sensor_056, sensor_043"
U1164,2008-09-28 21:27:00,train,0,25.946751217215166,140.73436014865777,0.3968188861266143,0.1110957917106444,0.11087965605068155,0.8648172014572946,False,False,False,False,0,T2,"sensor_589, sensor_544, sensor_316"
U1165,2008-09-28 22:44:00,train,0,27.92630770579232,133.80790163954646,0.40594022372700495,0.11957162722058327,0.10542254283164722,0.8846960175441884,False,False,False,False,0,T2,"sensor_143, sensor_269, sensor_407"
U1166,2008-09-28 23:54:00,train,0,26.22378558729613,131.45643358429913,0.41420466590117205,0.11228196536365975,0.10356990379662706,0.9027073370719296,False,False,False,False,0,T2,"sensor_143, sensor_565, sensor_564"
U1167,2008-09-29 02:06:00,train,0,23.276282644363473,100.87411325183199,0.4104218475277105,0.09966168892622669,0.07947516846608053,0.8944631568836046,False,False,False,False,0,T2,"sensor_139, sensor_412, sensor_142"
U1168,2008-09-29 03:07:00,train,0,58.41912207556666,279.013906419206,0.43917831921384604,0.2501322251750652,0.2198252505247466,0.9571342953723473,False,False,False,False,0,T2,"sensor_112, sensor_143, sensor_043"
U1169,2008-09-29 03:50:00,train,0,28.39750079817159,242.41435631840326,0.39402804331641517,0.12158912718457608,0.19098975134387797,0.8587349081159098,False,False,False,False,0,SPE,"sensor_112, sensor_221, sensor_137"
U1170,2008-09-29 04:18:00,train,0,22.029687138096044,149.9940438763004,0.40483523791890347,0.0943241607882213,0.11817503541485809,0.8822878389830817,False,False,False,False,0,SPE,"sensor_569, sensor_547, sensor_057"
U1171,2008-09-29 04:47:00,train,0,20.44777731199742,145.04109413475373,0.4090798523335546,0.08755092266395578,0.11427278039199867,0.8915384459669756,False,False,False,False,0,SPE,"sensor_586, sensor_000, sensor_511"
U1172,2008-09-29 05:32:00,train,0,21.675508724092804,109.57723049891439,0.3939238938446288,0.09280768071019119,0.08633204866154896,0.8585079273499419,False,False,False,False,0,T2,"sensor_586, sensor_142, sensor_139"
U1173,2008-09-29 07:53:00,train,0,35.42440693589983,132.82476290144731,0.416480171613809,0.15167611935218714,0.1046479623737165,0.9076665175724133,False,False,False,False,0,T2,"sensor_139, sensor_412, sensor_142"
U1174,2008-09-29 09:15:00,train,0,25.751230073999885,135.0192972593739,0.41220278386040443,0.11025863194371142,0.10637695886427696,0.8983444851899457,False,False,False,False,0,T2,"sensor_586, sensor_316, sensor_056"
U1175,2008-09-29 11:13:00,train,0,32.54526385707978,176.32615312592287,0.43379420381833467,0.1393485382568894,0.13892117881298086,0.9454002883191054,False,False,False,False,0,T2,"sensor_473, sensor_586, sensor_474"
U1176,2008-09-29 11:53:00,test,0,50.28440469643662,305.9808502351042,0.4354337765514848,0.21530193524739286,0.24107155776546887,0.9489735323159049,False,False,False,False,0,SPE,"sensor_112, sensor_571, sensor_033"
U1177,2008-09-29 12:25:00,test,0,19.692120244273116,114.85386736327786,0.4151573153418444,0.08431543782434026,0.09048932539202868,0.9047835175463369,False,False,False,False,0,SPE,"sensor_468, sensor_433, sensor_485"
U1178,2008-09-29 14:03:00,test,0,335.53379645747873,1295.9395157947356,0.46115579157713393,1.4366497158376286,1.0210251968461983,1.0050314515028123,True,True,True,True,3,T2,"sensor_248, sensor_114, sensor_521"
U1179,2008-09-29 14:04:00,test,0,21.091591465194636,97.42713136948868,0.39497817084990067,0.09030753147656534,0.07675941259009234,0.8608055924085779,False,False,False,False,0,T2,"sensor_175, sensor_029, sensor_030"
U1180,2008-09-29 14:08:00,test,0,26.90750144701145,106.83802201505534,0.4157595612136094,0.1152094206779806,0.08417392257051776,0.9060960372061064,False,False,False,False,0,T2,"sensor_269, sensor_407, sensor_124"
U1181,2008-09-29 15:09:00,test,0,24.362259676517095,109.95818120296902,0.40344205369311276,0.10431149950006977,0.08663218633221605,0.8792515679652795,False,False,False,False,0,T2,"sensor_056, sensor_043, sensor_316"
U1182,2008-09-29 15:16:00,test,0,19.35458237071835,146.649688762199,0.402256584351003,0.08287020728349265,0.11554013556260308,0.8766679855938254,False,False,False,False,0,SPE,"sensor_169, sensor_543, sensor_269"
U1183,2008-09-29 16:27:00,test,0,24.118574450686776,108.39860938160638,0.41599989377427576,0.10326811634719764,0.08540345450754748,0.9066198120056461,False,False,False,False,0,T2,"sensor_093, sensor_050, sensor_188"
U1184,2008-09-29 17:21:00,test,0,19.15813291399674,177.595665248942,0.41407831975628634,0.08202907277139493,0.1399213827958877,0.9024319814292042,False,False,False,False,0,SPE,"sensor_144, sensor_171, sensor_081"
U1185,2008-09-29 21:26:00,test,0,28.58073263491272,101.83854151811826,0.4119643284702217,0.12237366802357891,0.08023500760087621,0.8978248014490251,False,False,False,False,0,T2,"sensor_124, sensor_121, sensor_050"
U1186,2008-09-29 21:48:00,test,1,17.51109521283851,94.24908494004626,0.39577110289292294,0.07497697766108107,0.07425554150532347,0.862533688762776,False,False,False,False,0,T2,"sensor_569, sensor_137, sensor_150"
U1187,2008-09-29 22:13:00,test,0,32.01496970553924,164.326939343309,0.4141850683611507,0.13707798622855555,0.1294674200031959,0.9026646266810958,False,False,False,False,0,T2,"sensor_139, sensor_412, sensor_142"
U1188,2008-09-30 01:33:00,test,0,28.839852752877228,136.7371097582065,0.4184331500302337,0.1234831385084357,0.1077303629571291,0.9119227901129798,False,False,False,False,0,T2,"sensor_139, sensor_412, sensor_142"
U1189,2008-09-30 01:36:00,test,0,26.27811211730614,142.54476194751544,0.42271680696313474,0.11251457440252662,0.11230600799884001,0.9212584853891684,False,False,False,False,0,T2,"sensor_150, sensor_423, sensor_003"
U1190,2008-09-30 02:44:00,test,1,30.63066538698925,138.03475352374824,0.42234208072266116,0.1311508324608138,0.10875273087245267,0.920441816349642,False,False,False,False,0,T2,"sensor_569, sensor_565, sensor_120"
U1191,2008-09-30 04:01:00,test,0,31.851743653823327,153.59675391006758,0.42835667385200216,0.13637910384087729,0.12101348402806446,0.9335498708799933,False,False,False,False,0,T2,"sensor_139, sensor_412, sensor_569"
U1192,2008-09-30 04:42:00,test,0,33.53500901082046,104.56987758435204,0.4190359422029567,0.14358631432858657,0.08238693129074784,0.9132365003674568,False,False,False,False,0,T2,"sensor_139, sensor_412, sensor_142"
U1193,2008-09-30 08:44:00,test,0,11.511443850915335,160.10130982188187,0.42055738151662664,0.049288365916946124,0.1261381950190589,0.9165522873308206,False,False,False,False,0,SPE,"sensor_117, sensor_081, sensor_582"
U1194,2008-09-30 12:31:00,test,0,32.04339055012546,261.51482900770276,0.4014954847059003,0.13719967530646587,0.206038342462336,0.8750092639751729,False,False,False,False,0,SPE,"sensor_112, sensor_544, sensor_086"
U1195,2008-09-30 13:29:00,test,0,25.55544389635246,126.62026751529416,0.4220994305688803,0.1094203373830687,0.09975965852483397,0.9199129906453658,False,False,False,False,0,T2,"sensor_090, sensor_054, sensor_115"
U1196,2008-09-30 14:20:00,test,0,39.30718426430744,173.07097441975816,0.4317831481883344,0.16830094523980674,0.13635653791830674,0.9410174437451281,False,False,False,False,0,T2,"sensor_098, sensor_101, sensor_124"
U1197,2008-09-30 14:36:00,test,0,17.105030533358143,109.71191164233164,0.40247387321822636,0.07323833698599456,0.08643815920088593,0.8771415395415576,False,False,False,False,0,SPE,"sensor_040, sensor_008, sensor_057"
U1198,2008-09-30 15:16:00,test,0,20.40340111996809,171.1791423816717,0.40697265114257014,0.0873609178288483,0.13486602994664218,0.8869460641509721,False,False,False,False,0,SPE,"sensor_144, sensor_023, sensor_161"
U1199,2008-09-30 15:26:00,test,0,21.862119049290396,99.48162613617635,0.40683852559733896,0.09360668716944502,0.07837807680860746,0.886653754276805,False,False,False,False,0,T2,"sensor_056, sensor_316, sensor_055"
U1200,2008-09-30 16:13:00,test,0,25.532090190552196,147.231305682458,0.4248241427952445,0.10932034419264813,0.11599837109231631,0.9258511606386886,False,False,False,False,0,SPE,"sensor_569, sensor_562, sensor_499"
U1201,2008-09-30 16:50:00,test,0,17.38552630007184,112.71284253727089,0.4049710220516428,0.07443933124587968,0.08880248718099862,0.8825837635415728,False,False,False,False,0,SPE,"sensor_562, sensor_077, sensor_040"
U1202,2008-09-30 17:27:00,test,0,14.692090329774494,109.7909647764277,0.40218612028538153,0.06290688932137475,0.08650044238680471,0.8765144179634414,False,False,False,False,0,SPE,"sensor_024, sensor_040, sensor_084"
U1203,2008-09-30 19:17:00,test,0,20.60063764204686,126.26655591926239,0.41446993386622655,0.0882054223061586,0.09948098159002067,0.9032854554710159,False,False,False,False,0,SPE,"sensor_040, sensor_024, sensor_142"
U1204,2008-09-30 19:17:00,test,0,105500.14133960496,2904326.2901943615,0.41051713247260235,451.71827600258075,2288.216607341246,0.8946708185203446,True,True,False,True,2,SPE,"sensor_252, sensor_117, sensor_251"
U1205,2008-09-30 21:39:00,test,0,17.20509900040781,118.56757142383645,0.4126282294059097,0.07366679854864204,0.09341522229790014,0.8992716906201805,False,False,False,False,0,SPE,"sensor_173, sensor_084, sensor_040"
U1206,2008-09-30 21:42:00,test,0,23.01128905708871,166.6371916740558,0.4198734646044093,0.09852707010130804,0.1312875866174677,0.915061775838723,False,False,False,False,0,SPE,"sensor_003, sensor_216, sensor_142"
U1207,2008-09-30 23:34:00,test,0,19.780937653609733,144.31047746182816,0.3986168416907945,0.0846957259122529,0.11369715319396892,0.8687356210530361,False,False,False,False,0,SPE,"sensor_120, sensor_489, sensor_093"
U1208,2008-09-30 23:58:00,test,0,30.89865532186125,120.46692502592484,0.4198681115730494,0.1322982806995488,0.0949116562454857,0.915050109575443,False,False,False,False,0,T2,"sensor_003, sensor_006, sensor_485"
U1209,2008-10-01 00:20:00,test,0,20.383444279486305,115.47199397175527,0.4136683504303822,0.08727546894259637,0.09097632562190398,0.9015385044866813,False,False,False,False,0,SPE,"sensor_000, sensor_081, sensor_171"
U1210,2008-10-01 01:11:00,test,0,26.374548980332705,121.0782688735764,0.4166473268079617,0.11292748658403004,0.09539331257649615,0.9080308114411534,False,False,False,False,0,T2,"sensor_094, sensor_367, sensor_098"
U1211,2008-10-01 02:53:00,test,0,10.01022297168078,145.77417868073684,0.41556922812711994,0.042860612372199534,0.11485035194047351,0.9056812300158307,False,False,False,False,0,SPE,"sensor_173, sensor_040, sensor_171"
U1212,2008-10-01 05:56:00,test,1,16.348642689469372,104.2918245682454,0.38757120957963015,0.06999972319370688,0.0821678630919285,0.8446630454154541,False,False,False,False,0,SPE,"sensor_171, sensor_093, sensor_077"
U1213,2008-10-01 07:19:00,test,0,13.180800664368938,118.36990869821784,0.40496884470985983,0.056436024415137544,0.09325949078352454,0.8825790182970967,False,False,False,False,0,SPE,"sensor_084, sensor_485, sensor_008"
U1214,2008-10-01 07:28:00,test,0,20.739171222259507,120.10586483971242,0.4075781871840615,0.08879857933161399,0.09462718961474577,0.8882657543247331,False,False,False,False,0,SPE,"sensor_001, sensor_023, sensor_161"
U1215,2008-10-01 08:15:00,test,0,21.105786994708648,125.09768752135777,0.41519541291687206,0.09036831224934526,0.09856007126086384,0.9048665464528977,False,False,False,False,0,SPE,"sensor_488, sensor_564, sensor_511"
U1216,2008-10-01 09:15:00,test,0,19.57089451620139,150.68010168742404,0.4228589600512468,0.0837963875539198,0.11871555625175904,0.9215682902904411,False,False,False,False,0,SPE,"sensor_081, sensor_543, sensor_108"
U1217,2008-10-01 09:16:00,test,0,16.572343937290082,114.07850858734142,0.4068679860615562,0.07095754126600612,0.0898784474635619,0.88671795967909,False,False,False,False,0,SPE,"sensor_077, sensor_040, sensor_078"
U1218,2008-10-01 14:22:00,test,0,27.408496680703845,158.1863568254907,0.43603483587550046,0.11735452399609417,0.1246294708569652,0.950283466043049,False,False,False,False,0,SPE,"sensor_489, sensor_582, sensor_135"
U1219,2008-10-01 15:16:00,test,0,14.799049861408909,124.66906798502225,0.3982810978806259,0.06336485624557453,0.09822237699263195,0.868003909351633,False,False,False,False,0,SPE,"sensor_485, sensor_548, sensor_582"
U1220,2008-10-01 16:43:00,test,0,19.2914972998962,110.037964327182,0.4016529822136529,0.08260009693983394,0.08669504465169141,0.8753525101226046,False,False,False,False,0,SPE,"sensor_081, sensor_511, sensor_077"
U1221,2008-10-01 19:57:00,test,0,22.70535421288827,121.17092237465484,0.40163818606223345,0.09721715374824376,0.09546631101355597,0.8753202637585572,False,False,False,False,0,T2,"sensor_555, sensor_549, sensor_123"
U1222,2008-10-01 21:15:00,test,0,21.805949003656426,136.17346857119477,0.4139436552289702,0.09336618477907299,0.10728628987585853,0.9021384969108994,False,False,False,False,0,SPE,"sensor_562, sensor_078, sensor_024"
U1223,2008-10-01 21:50:00,test,0,23.732686673710717,146.15388126731023,0.409169255997196,0.10161586679442233,0.11514950626324401,0.8917332900857753,False,False,False,False,0,SPE,"sensor_024, sensor_172, sensor_057"
U1224,2008-10-01 22:47:00,test,0,42.31793171800571,351.66041822705915,0.424418789319898,0.18119201469236673,0.2770608839125562,0.9249677433659576,False,False,False,False,0,SPE,"sensor_251, sensor_116, sensor_144"
U1225,2008-10-01 23:34:00,test,0,12.10833591119495,113.55009544350769,0.39339721886650453,0.05184406915113617,0.08946212931937128,0.857360105014405,False,False,False,False,0,SPE,"sensor_040, sensor_543, sensor_217"
U1226,2008-10-02 00:21:00,test,0,26.555188296385012,103.98620638379755,0.41127687837542093,0.11370092706846285,0.08192707726579039,0.896326589826765,False,False,False,False,0,T2,"sensor_473, sensor_201, sensor_337"
U1227,2008-10-02 00:22:00,test,0,13.924527814340573,149.48638516957516,0.40955039330774723,0.059620429115791546,0.11777506896222086,0.8925639312518228,False,False,False,False,0,SPE,"sensor_146, sensor_433, sensor_081"
U1228,2008-10-02 03:17:00,test,1,23.550260697199818,210.59659095151085,0.42005523858586497,0.10083477639434099,0.16592165229219114,0.9154579295285704,False,False,False,False,0,SPE,"sensor_238, sensor_571, sensor_510"
U1229,2008-10-02 03:27:00,test,0,21.01329249728885,114.74469202394815,0.412795131117388,0.08997228003191249,0.09040330997929431,0.8996354320550907,False,False,False,False,0,SPE,"sensor_143, sensor_081, sensor_418"
U1230,2008-10-02 04:11:00,test,0,16.490603022345393,144.27205684558473,0.4258984879995389,0.07060755249149983,0.11366688294077826,0.9281925618306683,False,False,False,False,0,SPE,"sensor_171, sensor_212, sensor_081"
U1231,2008-10-02 04:23:00,test,0,71.79584867274717,298.1833213740774,0.45875183989520757,0.3074071425383075,0.23492815883117418,0.9997923390545738,False,False,False,False,0,T2,"sensor_182, sensor_473, sensor_474"
U1232,2008-10-02 04:24:00,test,0,21.54341983007448,157.83828557508792,0.4076753641155696,0.09224211779503853,0.12435523775223496,0.8884775393100027,False,False,False,False,0,SPE,"sensor_432, sensor_144, sensor_543"
U1233,2008-10-02 06:49:00,test,0,24.98927176664642,150.1870819730148,0.4221009353854269,0.10699616718666809,0.11832712334665928,0.9199162702050846,False,False,False,False,0,SPE,"sensor_571, sensor_040, sensor_564"
U1234,2008-10-02 07:35:00,test,0,20.065422997079025,132.52130779684558,0.40910755495023915,0.08591380227943317,0.1044088807621646,0.8915988203601101,False,False,False,False,0,SPE,"sensor_571, sensor_081, sensor_212"
U1235,2008-10-02 07:58:00,test,0,36.617256336564175,163.75443143382307,0.4129989365037339,0.1567835236452706,0.12901636114292153,0.9000796004402751,False,False,False,False,0,T2,"sensor_496, sensor_224, sensor_572"
U1236,2008-10-02 08:24:00,test,0,15.024957559174194,150.28697962321675,0.4155221072823622,0.06433212163948294,0.11840582919420753,0.9055785360198582,False,False,False,False,0,SPE,"sensor_126, sensor_489, sensor_120"
U1237,2008-10-02 08:52:00,test,0,28.34104924403194,204.47432833617518,0.42935498162199387,0.12134741946371584,0.16109813675324733,0.9357255579806366,False,False,False,False,0,SPE,"sensor_101, sensor_485, sensor_120"
U1238,2008-10-02 08:57:00,test,0,20.51480739172483,186.11875974396406,0.40850694174141444,0.08783792428945422,0.14663642939216495,0.8902898588853069,False,False,False,False,0,SPE,"sensor_571, sensor_572, sensor_547"
U1239,2008-10-02 09:10:00,test,1,23.417187126089196,153.19221823443536,0.4236381783641397,0.10026499740295465,0.12069476458721895,0.9232664992826041,False,False,False,False,0,SPE,"sensor_571, sensor_173, sensor_117"
U1240,2008-10-02 09:42:00,test,0,14.407443523143696,135.30761246193924,0.4030116879141297,0.06168812161994576,0.10660411227912789,0.8783136395006944,False,False,False,False,0,SPE,"sensor_221, sensor_143, sensor_084"
U1241,2008-10-02 10:03:00,test,0,16.94817019993244,134.0574918585014,0.4101284196173362,0.07256671059300084,0.10561918619295646,0.8938236674007416,False,False,False,False,0,SPE,"sensor_084, sensor_175, sensor_419"
U1242,2008-10-02 14:07:00,test,1,17.803172254729173,100.18334952274166,0.40919796541308345,0.07622755928256042,0.07893094000180986,0.8917958586720278,False,False,False,False,0,SPE,"sensor_000, sensor_129, sensor_489"
U1243,2008-10-02 14:10:00,test,1,38.009191759031225,273.9614860640462,0.41349706617235826,0.16274335138919516,0.21584462610145844,0.901165211838935,False,False,False,False,0,SPE,"sensor_210, sensor_571, sensor_075"
U1244,2008-10-02 14:54:00,test,0,9.419947875073241,139.63094942919824,0.3993478387534833,0.04033324088604668,0.11001031752576784,0.8703287378529919,False,False,False,False,0,SPE,"sensor_084, sensor_544, sensor_129"
U1245,2008-10-02 15:10:00,test,0,17.315243070578955,178.5541037612175,0.41458785751516597,0.07413840066080848,0.14067650281401675,0.9035424553357574,False,False,False,False,0,SPE,"sensor_571, sensor_572, sensor_543"
U1246,2008-10-02 15:44:00,test,0,26.756639577296994,150.8933613691898,0.43123979579079963,0.11456347781158599,0.11888357605970563,0.939833275056919,False,False,False,False,0,SPE,"sensor_171, sensor_488, sensor_057"
U1247,2008-10-02 15:58:00,test,0,20.94755164220362,137.35395350812445,0.4139656673977467,0.08969079845904479,0.1082163524678333,0.9021864696835291,False,False,False,False,0,SPE,"sensor_171, sensor_547, sensor_009"
U1248,2008-10-02 16:32:00,test,0,20.869614766709418,173.96212991452526,0.4138291497684861,0.08935709737970744,0.13705864801169884,0.9018889465609803,False,False,False,False,0,SPE,"sensor_572, sensor_571, sensor_129"
U1249,2008-10-02 16:58:00,test,0,20.81458669575547,111.15432251549187,0.4099514526760984,0.08912148456414684,0.08757458403225497,0.8934379900546717,False,False,False,False,0,T2,"sensor_555, sensor_549, sensor_057"
U1250,2008-10-02 17:00:00,test,0,23.220791751012726,115.91811035282922,0.41710224761748677,0.09942409445137614,0.09132780503915365,0.9090222545279943,False,False,False,False,0,T2,"sensor_473, sensor_201, sensor_337"
U1251,2008-10-02 17:19:00,test,0,15.814597158808317,184.41673343846887,0.433215341966468,0.06771310894510081,0.14529546268621502,0.9441387312101477,False,False,False,False,0,SPE,"sensor_571, sensor_126, sensor_040"
U1252,2008-10-02 19:21:00,test,0,14.863418232993563,174.91926129914515,0.4088587715568725,0.06364046127768266,0.1378127381898889,0.8910566280261702,False,False,False,False,0,SPE,"sensor_171, sensor_468, sensor_129"
U1253,2008-10-02 19:25:00,test,0,71.44623417898035,243.88758095011963,0.43659404207675884,0.3059102037249129,0.19215045325261976,0.9515021861164065,False,False,False,False,0,T2,"sensor_033, sensor_032, sensor_034"
U1254,2008-10-02 20:54:00,test,0,21.45174414392855,188.41972074404424,0.415196835612488,0.09184959146880463,0.14844927569356164,0.9048696470403044,False,False,False,False,0,SPE,"sensor_171, sensor_081, sensor_117"
U1255,2008-10-02 21:32:00,test,1,32.64045883360514,170.30750030393142,0.4280851794428635,0.13975613307272683,0.13417929378869853,0.9329581827236799,False,False,False,False,0,T2,"sensor_473, sensor_221, sensor_474"
U1256,2008-10-02 21:33:00,test,0,22.093352475869033,140.35979215885544,0.4180535870179266,0.09459675565164771,0.11058454709624421,0.9110955799333329,False,False,False,False,0,SPE,"sensor_169, sensor_009, sensor_081"
U1257,2008-10-02 22:23:00,test,0,24.766737967522936,162.2378251313482,0.41357125339603923,0.1060433477608743,0.1278214803405,0.9013268936273043,False,False,False,False,0,SPE,"sensor_571, sensor_139, sensor_108"
U1258,2008-10-02 22:33:00,test,0,65.02646916305684,279.7041446707135,0.4502163391196616,0.27842279803509695,0.22036906498369843,0.9811902811591011,False,False,False,False,0,T2,"sensor_135, sensor_270, sensor_139"
U1260,2008-10-02 23:32:00,test,0,29.75851208597618,189.22463084737922,0.41867942449934314,0.12741654755331397,0.14908343607426205,0.9124595145598543,False,False,False,False,0,SPE,"sensor_572, sensor_137, sensor_571"
U1259,2008-10-02 23:32:00,test,0,17.499460638681068,144.00633376685957,0.41161222885833915,0.07492716209009044,0.11345752906626849,0.8970574443205508,False,False,False,False,0,SPE,"sensor_081, sensor_162, sensor_487"
U1261,2008-10-03 00:24:00,test,0,38.35897930323425,226.9609425920973,0.43013083738020613,0.16424103114988806,0.17881454980125716,0.9374164387048408,False,False,False,False,0,SPE,"sensor_572, sensor_496, sensor_091"
U1262,2008-10-03 00:55:00,test,0,19.28497100090517,150.8690927172076,0.4274430980751759,0.08257215338931854,0.11886445564176536,0.9315588465758176,False,False,False,False,0,SPE,"sensor_084, sensor_169, sensor_587"
U1263,2008-10-03 02:41:00,test,0,19.923151526712125,154.2234281717779,0.4235986835687061,0.08530464078919768,0.12150721865350246,0.9231804253086751,False,False,False,False,0,SPE,"sensor_571, sensor_077, sensor_081"
U1264,2008-10-03 03:52:00,test,0,23.91611880654586,117.64263618044941,0.408291172627409,0.10240126523802293,0.09268649832780798,0.889819617049903,False,False,False,False,0,T2,"sensor_056, sensor_033, sensor_043"
U1265,2008-10-03 03:56:00,test,0,11.028619447867818,297.253510874306,0.4089904340100417,0.047221064355192445,0.23419559381792465,0.891343569898817,False,False,False,False,0,SPE,"sensor_195, sensor_058, sensor_162"
U1266,2008-10-03 04:49:00,test,0,14.292619674836924,156.4458198356697,0.4115793999260463,0.061196482176220715,0.12325816293634807,0.8969858977628014,False,False,False,False,0,SPE,"sensor_040, sensor_564, sensor_142"
U1267,2008-10-03 05:01:00,test,0,21.084498715981503,160.09691901980872,0.42413216547286736,0.09027716256514974,0.1261347356604265,0.9243430824893558,False,False,False,False,0,SPE,"sensor_010, sensor_071, sensor_586"
U1268,2008-10-03 05:45:00,test,0,20.186030873215437,228.74708155518732,0.4342235576595079,0.08643020710305609,0.1802217859138664,0.9463360113916204,False,False,False,False,0,SPE,"sensor_547, sensor_024, sensor_139"
U1269,2008-10-03 06:15:00,test,0,16.285001585546528,152.70915569455713,0.4092899897552364,0.06972723209197092,0.12031417658997301,0.8919964142323327,False,False,False,False,0,SPE,"sensor_144, sensor_057, sensor_172"
U1270,2008-10-03 08:35:00,test,0,18.42239764295153,132.85065290325394,0.4131562026069924,0.0788788867715391,0.10466836019619878,0.9004223422705132,False,False,False,False,0,SPE,"sensor_144, sensor_040, sensor_221"
U1271,2008-10-03 09:30:00,test,0,24.363593975007433,174.6402944964761,0.4191637135949228,0.10431721254467875,0.13759295005075337,0.9135149621581873,False,False,False,False,0,SPE,"sensor_432, sensor_485, sensor_081"
U1272,2008-10-03 11:40:00,test,0,19.047462974792168,133.9532902793238,0.4048092055292884,0.08155521905415794,0.10553708943103601,0.8822311046412414,False,False,False,False,0,SPE,"sensor_151, sensor_113, sensor_078"
U1273,2008-10-03 12:31:00,test,0,21.477471393320315,151.74224226312828,0.42504457575943877,0.09195974742304289,0.11955237948090619,0.9263315667530855,False,False,False,False,0,SPE,"sensor_487, sensor_000, sensor_547"
U1274,2008-10-03 18:45:00,test,0,20.294962787563065,110.35075332826229,0.4002396110495858,0.08689661914692602,0.08694148011222559,0.8722722441940848,False,False,False,False,0,SPE,"sensor_129, sensor_219, sensor_433"
U1275,2008-10-03 19:23:00,test,0,28.295656713529418,128.61509432655203,0.41174897188264326,0.12115306298834402,0.10133131245838163,0.8973554586634461,False,False,False,False,0,T2,"sensor_572, sensor_573, sensor_133"
U1276,2008-10-03 19:23:00,test,0,21.215868258200647,133.45311837432774,0.42364530612632406,0.09083964544315326,0.10514302156634686,0.9232820333500601,False,False,False,False,0,SPE,"sensor_137, sensor_219, sensor_129"
U1277,2008-10-03 20:11:00,test,0,24.530294011162514,112.99895119356616,0.4032671162858657,0.10503096943623727,0.08902790213559558,0.878870313735063,False,False,False,False,0,T2,"sensor_056, sensor_050, sensor_124"
U1278,2008-10-03 20:26:00,test,0,17.745832720079694,142.17093272799394,0.4036123739515471,0.0759820495096846,0.1120114810955418,0.8796227596963194,False,False,False,False,0,SPE,"sensor_496, sensor_137, sensor_129"
U1279,2008-10-03 20:35:00,test,0,19.702148375590124,126.28313339677169,0.410671502903759,0.0843583751145896,0.09949404240191108,0.8950072495948929,False,False,False,False,0,SPE,"sensor_433, sensor_544, sensor_093"
U1280,2008-10-03 20:46:00,test,0,48.69610855826475,186.73415292137915,0.442306104147905,0.20850135295236974,0.1471212760477766,0.9639509119901614,False,False,False,False,0,T2,"sensor_201, sensor_182, sensor_337"
U1281,2008-10-03 21:15:00,test,0,23.357354557896763,188.3118648204522,0.41563585175268863,0.10000881324803781,0.1483642998021142,0.9058264278867729,False,False,False,False,0,SPE,"sensor_006, sensor_571, sensor_487"
U1282,2008-10-03 21:52:00,test,0,28.18119872677834,130.80648176875013,0.42396756804747293,0.12066299004821884,0.10305782960464249,0.9239843629581708,False,False,False,False,0,T2,"sensor_142, sensor_407, sensor_043"
U1283,2008-10-03 22:08:00,test,0,18.601414734737983,127.82760212826032,0.40278575273623374,0.0796453814041526,0.10071087503288763,0.8778212419987358,False,False,False,False,0,SPE,"sensor_162, sensor_134, sensor_120"
U1284,2008-10-03 22:53:00,test,0,31.20869478551771,170.60692881119502,0.4286132254612575,0.1336257717364076,0.13441520298572823,0.9341089930702482,False,False,False,False,0,SPE,"sensor_099, sensor_433, sensor_010"
U1285,2008-10-03 23:46:00,test,0,21.942379274266948,119.9266635990389,0.4088354224817188,0.09395033609728184,0.0944860032555031,0.8910057416330649,False,False,False,False,0,SPE,"sensor_487, sensor_084, sensor_562"
U1286,2008-10-04 00:58:00,test,0,23.632040638233804,120.52162189105758,0.417304811025641,0.10118493226623267,0.0949547499831242,0.9094637161768275,False,False,False,False,0,T2,"sensor_140, sensor_043, sensor_004"
U1287,2008-10-04 01:49:00,test,0,43.57154825160754,168.74657115571787,0.39857619436923614,0.1865596046513611,0.13294949257390934,0.8686470352923634,False,False,False,False,0,T2,"sensor_565, sensor_569, sensor_560"
U1288,2008-10-04 02:36:00,test,0,11.594306163485754,104.08955512697986,0.3944714382222985,0.04964315616181801,0.08200850210820429,0.859701231935296,False,False,False,False,0,SPE,"sensor_483, sensor_219, sensor_134"
U1289,2008-10-04 03:53:00,test,0,9.604424389324953,104.37838928960538,0.39205148078117996,0.0411231110409359,0.08223606439344704,0.8544272369339438,False,False,False,False,0,SPE,"sensor_004, sensor_077, sensor_418"
U1290,2008-10-04 04:12:00,test,0,27.88455991177954,180.10018936362428,0.43382722468284723,0.1193928763554289,0.14189460932076245,0.9454722531691563,False,False,False,False,0,SPE,"sensor_142, sensor_071, sensor_485"
U1291,2008-10-04 04:45:00,test,0,12.33973329933781,94.07975429875788,0.387532257469802,0.052834839664958735,0.07412213184442001,0.8445781541570233,False,False,False,False,0,SPE,"sensor_004, sensor_485, sensor_006"
U1292,2008-10-04 09:29:00,test,0,80.19310038111966,641.1237036297995,0.4308422851474514,0.34336152152492383,0.5051188328800544,0.9389669502569944,False,False,False,False,0,SPE,"sensor_053, sensor_056, sensor_054"
U1293,2008-10-04 15:16:00,test,0,24.518935273470724,213.85993979360404,0.42236750180377847,0.10498233490985134,0.1684927301498122,0.9204972184209609,False,False,False,False,0,SPE,"sensor_210, sensor_101, sensor_142"
U1294,2008-10-04 16:58:00,test,0,19.668173167642095,138.14108540276808,0.42434730709284124,0.08421290400747791,0.10883650602274639,0.924811956779889,False,False,False,False,0,SPE,"sensor_142, sensor_010, sensor_170"
U1295,2008-10-04 18:15:00,test,0,26.95541019005957,163.29720157462563,0.42869182247698284,0.11541455078056011,0.12865612580685748,0.9342802854496154,False,False,False,False,0,SPE,"sensor_006, sensor_433, sensor_071"
U1296,2008-10-04 18:25:00,test,0,19.33927801978844,142.09606360965495,0.40841939230805235,0.0828046788877046,0.1119524943485848,0.8900990558298162,False,False,False,False,0,SPE,"sensor_489, sensor_134, sensor_006"
U1297,2008-10-04 18:59:00,test,0,22.454487533889676,117.47561657247091,0.40488754650998066,0.09614302188164316,0.09255490944882482,0.8824018390242317,False,False,False,False,0,T2,"sensor_139, sensor_412, sensor_142"
U1298,2008-10-04 19:12:00,test,0,28.05955587635534,272.4255545227087,0.4387150110439668,0.12014215379166598,0.2146345196225502,0.9561245730811573,False,False,False,False,0,SPE,"sensor_120, sensor_571, sensor_107"
U1299,2008-10-04 19:47:00,test,0,16.395912225595232,212.34981150613544,0.4185657119646339,0.07020211641418117,0.167302953147735,0.9122116922926286,False,False,False,False,0,SPE,"sensor_171, sensor_144, sensor_134"
U1300,2008-10-04 19:54:00,test,0,22.744679659956738,154.04429555485083,0.4088272793208435,0.09738553288904146,0.12136608636049775,0.8909879946309807,False,False,False,False,0,SPE,"sensor_006, sensor_216, sensor_172"
U1301,2008-10-04 20:39:00,test,0,25.670101782178556,139.91413718742712,0.41618648289646265,0.10991126622788173,0.11023343120743744,0.9070264596933284,False,False,False,False,0,SPE,"sensor_171, sensor_000, sensor_144"
U1302,2008-10-04 22:06:00,test,0,14.56418672640366,109.93833499905062,0.3955365741427795,0.062359246498573134,0.08661655020567198,0.8620225626434016,False,False,False,False,0,SPE,"sensor_487, sensor_000, sensor_144"
U1303,2008-10-04 23:18:00,test,1,25.303776929311805,113.30809489723607,0.4129370265269607,0.10834277893589601,0.08927146559441933,0.8999446753781696,False,False,False,False,0,T2,"sensor_121, sensor_123, sensor_124"
U1304,2008-10-05 00:33:00,test,1,48.48586202836418,153.29046793184676,0.43911708720847686,0.20760114373163996,0.1207721720706832,0.9570008478642413,False,False,False,False,0,T2,"sensor_473, sensor_474, sensor_117"
U1305,2008-10-05 00:33:00,test,0,69081853.90390302,794819122.65359,0.43546525373751116,295786.67433328455,626210.0516834946,0.9490421329114934,True,True,False,True,2,SPE,"sensor_140, sensor_413, sensor_003"
U1306,2008-10-05 01:35:00,test,0,29.762905742059676,134.7487155432827,0.4019524256813973,0.12743535980063597,0.10616377704015027,0.8760051097614401,False,False,False,False,0,T2,"sensor_139, sensor_412, sensor_123"
U1307,2008-10-05 04:01:00,test,0,22.503520069556753,153.26020035104187,0.40914663448974353,0.09635296370919265,0.12074832530756448,0.891683989335605,False,False,False,False,0,SPE,"sensor_571, sensor_082, sensor_137"
U1308,2008-10-05 04:20:00,test,0,219.88585787342146,325.7524143263964,0.4437717405943,0.941481777888795,0.25664887821308946,0.9671450835738211,False,False,False,False,0,T2,"sensor_019, sensor_155, sensor_290"
U1309,2008-10-05 04:48:00,test,0,27.23193796328666,227.6160389138707,0.42388422177589535,0.11659855534588937,0.17933067716888493,0.9238027201688338,False,False,False,False,0,SPE,"sensor_562, sensor_000, sensor_572"
U1310,2008-10-05 05:31:00,test,0,16.71812123121149,151.60456233945598,0.42492109119107707,0.07158171358515522,0.1194439063080027,0.9260624475589964,False,False,False,False,0,SPE,"sensor_485, sensor_216, sensor_208"
U1311,2008-10-05 05:53:00,test,0,18.210280556518075,183.9554720315682,0.4139821510323431,0.07797066841867477,0.1449320510354101,0.9022223937064017,False,False,False,False,0,SPE,"sensor_144, sensor_572, sensor_571"
U1312,2008-10-05 06:15:00,test,0,19.40503619685477,212.77639104892197,0.4113513485416979,0.08308623462782305,0.16763904017674813,0.8964888882531842,False,False,False,False,0,SPE,"sensor_171, sensor_006, sensor_488"
U1313,2008-10-05 08:02:00,test,0,22.265581930599204,147.0305326089176,0.4169496399938859,0.09533418776671135,0.11584018904413078,0.9086896652723473,False,False,False,False,0,SPE,"sensor_572, sensor_040, sensor_573"
U1314,2008-10-05 08:40:00,test,0,17.11380055954571,159.01689878499872,0.4042737212556556,0.07327588746753555,0.1252838256762761,0.8810640835463842,False,False,False,False,0,SPE,"sensor_000, sensor_001, sensor_144"
U1315,2008-10-05 09:04:00,test,0,194.5495474668136,383.799278403408,0.4276772555740892,0.8329997008809729,0.3023819622792772,0.9320691635995033,False,False,False,False,0,T2,"sensor_019, sensor_155, sensor_290"
U1316,2008-10-05 09:47:00,test,0,14.24841841866421,146.2282791889573,0.4121420948699478,0.06100722636118617,0.11520812177088834,0.8982122211150215,False,False,False,False,0,SPE,"sensor_208, sensor_071, sensor_004"
U1317,2008-10-05 10:00:00,test,0,24.533287195189263,178.73813682280314,0.41045370042932927,0.10504378530464421,0.1408214959951348,0.8945325763044016,False,False,False,False,0,SPE,"sensor_562, sensor_432, sensor_171"
U1318,2008-10-05 10:43:00,test,0,19.033637986947998,125.38198160363557,0.41207576814640695,0.08149602482374811,0.09878405657636824,0.8980676703049673,False,False,False,False,0,SPE,"sensor_081, sensor_134, sensor_057"
U1319,2008-10-05 11:05:00,test,0,29.248507540435767,118.76298552777311,0.40794367375003676,0.1252328692080556,0.09356918220228355,0.8890622866476834,False,False,False,False,0,T2,"sensor_569, sensor_565, sensor_564"
U1320,2008-10-05 11:30:00,test,0,196.83149261289333,363.2887059430172,0.4263707924133916,0.8427702690928338,0.2862224031111503,0.929221890312009,False,False,False,False,0,T2,"sensor_019, sensor_155, sensor_290"
U1321,2008-10-05 12:03:00,test,0,69087237.70007555,794807442.0794246,0.44707047247538323,295809.7260476664,626200.8489696402,0.9743342577121864,True,True,False,True,2,SPE,"sensor_140, sensor_413, sensor_003"
U1322,2008-10-05 12:17:00,test,0,18.88484786588331,136.29855812668467,0.4058030518951527,0.08085895253057267,0.10738484354017762,0.884397068668798,False,False,False,False,0,SPE,"sensor_006, sensor_485, sensor_084"
U1323,2008-10-05 13:49:00,test,0,22.247382857745055,155.64461445258198,0.4040225666697666,0.09525626508613352,0.12262692137452277,0.8805167234944931,False,False,False,False,0,SPE,"sensor_571, sensor_543, sensor_071"
U1324,2008-10-05 14:34:00,test,0,27.125594512251624,195.34349478254435,0.41970650650252334,0.11614322628418622,0.15390427391255096,0.9146979115079623,False,False,False,False,0,SPE,"sensor_562, sensor_571, sensor_023"
U1325,2008-10-05 15:30:00,test,1,34.09787710745029,189.59182864940655,0.43669575852390347,0.1459963376991527,0.14937273831678727,0.9517238644090413,False,False,False,False,0,SPE,"sensor_153, sensor_407, sensor_000"
U1326,2008-10-05 15:35:00,test,1,21.005801231622996,139.74885301575114,0.41084765757550556,0.08994020479894417,0.11010320961772263,0.8953911567010554,False,False,False,False,0,SPE,"sensor_485, sensor_144, sensor_496"
U1327,2008-10-05 16:15:00,test,0,25.15879416547889,229.0082897384473,0.41486025387098086,0.10772200854358084,0.1804275826609216,0.9041361091722027,False,False,False,False,0,SPE,"sensor_171, sensor_571, sensor_214"
U1328,2008-10-05 16:37:00,test,1,29.160852209605874,165.13987492156588,0.4185634134667557,0.1248575567731892,0.13010790337352046,0.9122066830035749,False,False,False,False,0,SPE,"sensor_006, sensor_433, sensor_485"
U1329,2008-10-05 16:49:00,test,1,15.073939802465715,188.34211127933645,0.418761712694011,0.0645418481309685,0.14838812992401404,0.9126388514027155,False,False,False,False,0,SPE,"sensor_572, sensor_571, sensor_161"
U1330,2008-10-05 18:46:00,test,1,20.227284841060875,147.7364091306373,0.4055848783933026,0.08660684356056965,0.11639632434655342,0.8839215867703836,False,False,False,False,0,SPE,"sensor_000, sensor_161, sensor_511"
U1331,2008-10-05 18:59:00,test,0,18.384902330961765,113.5850860140157,0.402934012773251,0.07871834369097892,0.08948969716008089,0.8781443562324176,False,False,False,False,0,SPE,"sensor_057, sensor_144, sensor_170"
U1332,2008-10-05 19:45:00,test,0,201.3973696097345,396.5673685608662,0.42786686153520265,0.8623199119583708,0.31244149176154173,0.9324823861108367,False,False,False,False,0,T2,"sensor_019, sensor_155, sensor_290"
U1333,2008-10-05 20:12:00,test,0,19.6162524169465,281.2901412018253,0.4161735673730124,0.08399059575561049,0.22161861590844414,0.9069983119230581,False,False,False,False,0,SPE,"sensor_112, sensor_487, sensor_088"
U1334,2008-10-05 20:30:00,test,0,43.849921928860034,227.52171197586048,0.43910965103301985,0.18775151279457597,0.17925636028968187,0.9569846416485769,False,False,False,False,0,T2,"sensor_227, sensor_367, sensor_368"
U1335,2008-10-05 22:13:00,test,0,22.70837089154429,134.01737273208732,0.40892665478835166,0.0972300702132309,0.10558757774329891,0.8912045710508754,False,False,False,False,0,SPE,"sensor_001, sensor_432, sensor_499"
U1336,2008-10-06 00:41:00,test,0,24.547869339976497,152.62791418151937,0.4296407794323689,0.10510622144188601,0.12025016925719978,0.9363484186135156,False,False,False,False,0,SPE,"sensor_572, sensor_134, sensor_142"
U1337,2008-10-06 01:25:00,test,0,13.054224746609044,149.97302272480925,0.40890101634786713,0.055894066322684455,0.11815847358841666,0.8911486952719627,False,False,False,False,0,SPE,"sensor_144, sensor_215, sensor_006"
U1338,2008-10-06 01:27:00,test,0,30.785621083840326,158.88917672985843,0.41285986987475465,0.1318143038017007,0.12518319795800545,0.8997765220911979,False,False,False,False,0,T2,"sensor_572, sensor_573, sensor_316"
U1339,2008-10-06 01:30:00,test,0,24.72501442097552,142.39569333152085,0.4106340532390057,0.10586470071570644,0.11218856207552766,0.8949256327278542,False,False,False,False,0,SPE,"sensor_572, sensor_081, sensor_006"
U1340,2008-10-06 02:44:00,test,0,23.836727660421246,131.35564234490744,0.41165700462632965,0.10206133743127394,0.10349049392156266,0.8971550275145984,False,False,False,False,0,SPE,"sensor_056, sensor_564, sensor_166"
U1341,2008-10-06 02:49:00,test,0,15.955305232272178,152.4169610055588,0.40606483957281064,0.06831557646370004,0.12008396666411163,0.8849676022161753,False,False,False,False,0,SPE,"sensor_564, sensor_081, sensor_006"
U1342,2008-10-06 03:31:00,test,0,23.10306533357735,111.05558268987392,0.4187166499350859,0.0989200271236113,0.08749679039400303,0.9125406427477697,False,False,False,False,0,T2,"sensor_056, sensor_316, sensor_043"
U1343,2008-10-06 03:50:00,test,1,20.903991092832687,128.3473427925847,0.4183635374704568,0.08950428594812575,0.10112036043527953,0.911771078233235,False,False,False,False,0,SPE,"sensor_081, sensor_433, sensor_219"
U1344,2008-10-06 03:57:00,test,1,33.37221146705811,167.772001102197,0.43366079632759624,0.14288926667659277,0.13218166308139914,0.9451095433550236,False,False,False,False,0,T2,"sensor_139, sensor_412, sensor_218"
U1345,2008-10-06 04:26:00,test,0,21.458936580693237,138.4485885178039,0.42543313755523643,0.09188038721082305,0.10907877691944616,0.9271783886574435,False,False,False,False,0,SPE,"sensor_081, sensor_176, sensor_489"
U1346,2008-10-06 05:21:00,test,0,18.16197332574864,186.0029616396692,0.4202651853122502,0.07776383211756134,0.1465451961356811,0.9159154821973456,False,False,False,False,0,SPE,"sensor_587, sensor_142, sensor_219"
U1347,2008-10-06 05:24:00,test,0,25.181493571716857,228.51756375172272,0.43046179813058116,0.10781920022997953,0.18004095690324823,0.9381377263248061,False,False,False,False,0,SPE,"sensor_587, sensor_485, sensor_081"
U1348,2008-10-06 06:11:00,test,0,26.001418046662994,198.18726550655452,0.4297264074400484,0.11132985780419787,0.1561447809176077,0.9365350341617084,False,False,False,False,0,SPE,"sensor_572, sensor_571, sensor_432"
U1349,2008-10-06 06:26:00,test,0,12.892245226322492,130.0494634094075,0.40334278788436567,0.0552005211887871,0.1024614014458098,0.8790352305329587,False,False,False,False,0,SPE,"sensor_219, sensor_088, sensor_134"
U1350,2008-10-06 06:49:00,test,0,20.869826061794367,152.38662115907033,0.41301657518034984,0.08935800207850964,0.12006006296540069,0.9001180417329699,False,False,False,False,0,SPE,"sensor_572, sensor_088, sensor_108"
U1351,2008-10-06 07:12:00,test,0,21.648226410096367,181.6291063717284,0.4049179416838073,0.09269086646058596,0.1430991892954719,0.8824680815093693,False,False,False,False,0,SPE,"sensor_432, sensor_081, sensor_161"
U1352,2008-10-06 07:17:00,test,0,23.68647147435887,135.53869444803655,0.4090457324811467,0.10141798791093222,0.10678617365426693,0.8914640860100653,False,False,False,False,0,SPE,"sensor_572, sensor_219, sensor_586"
U1353,2008-10-06 07:35:00,test,0,12.283586665592617,157.42245784040816,0.40745410381148267,0.05259443751689824,0.12402762169494147,0.8879953301116407,False,False,False,False,0,SPE,"sensor_483, sensor_562, sensor_485"
U1354,2008-10-06 07:38:00,test,0,20.904345837266845,172.7976248661814,0.4173519744387649,0.08950580485172327,0.13614117541230475,0.9095665029452376,False,False,False,False,0,SPE,"sensor_572, sensor_487, sensor_006"
U1355,2008-10-06 08:24:00,test,0,21.097742794562993,140.36460186764924,0.43014959334033753,0.09033386952561547,0.11058833649675875,0.9374573149774139,False,False,False,False,0,SPE,"sensor_091, sensor_169, sensor_562"
U1356,2008-10-06 08:57:00,test,0,57.337999679010444,581.1529265437397,0.4217721744887239,0.24550320061719177,0.457869965372713,0.9191997768914458,False,False,False,False,0,SPE,"sensor_053, sensor_056, sensor_054"
U1357,2008-10-06 09:11:00,test,0,21.620642142115177,194.65751108085908,0.4205994880545301,0.0925727593394102,0.15336381146387182,0.9166440532712682,False,False,False,False,0,SPE,"sensor_571, sensor_086, sensor_543"
U1358,2008-10-06 09:57:00,test,0,12.74644223991093,153.67631010493463,0.41215254396868567,0.054576238862511825,0.12107616355788392,0.8982349936206763,False,False,False,False,0,SPE,"sensor_134, sensor_117, sensor_084"
U1359,2008-10-06 10:07:00,test,0,27.466591913924667,146.29930954757543,0.42676627793310606,0.11760326943151499,0.11526408409397998,0.9300838016079024,False,False,False,False,0,T2,"sensor_071, sensor_250, sensor_225"
U1360,2008-10-06 11:51:00,test,0,12.202378694998695,132.1789496762782,0.4044890925027098,0.05224673064173613,0.10413914883163555,0.8815334582804597,False,False,False,False,0,SPE,"sensor_562, sensor_216, sensor_009"
U1361,2008-10-06 12:39:00,test,0,18.010099854253777,114.12319110481398,0.4057554118797295,0.07711355789192452,0.08991365124864753,0.8842932432052022,False,False,False,False,0,SPE,"sensor_171, sensor_489, sensor_488"
U1362,2008-10-06 12:42:00,test,0,25.484013093074992,169.40127325111914,0.448743992016434,0.10911449324958919,0.13346530934443412,0.977981484537005,False,False,False,False,0,SPE,"sensor_562, sensor_488, sensor_487"
U1363,2008-10-06 13:08:00,test,0,12.813923272582276,188.4122167696209,0.4124882673683044,0.054865171326052814,0.14844336357585142,0.8989666608398352,False,False,False,False,0,SPE,"sensor_572, sensor_485, sensor_487"
U1364,2008-10-06 13:38:00,test,1,23.56526728878286,117.30137548697198,0.417559354070788,0.10089902987867279,0.09241763102151246,0.9100184609524685,False,False,False,False,0,T2,"sensor_316, sensor_123, sensor_121"
U1365,2008-10-06 13:55:00,test,1,17.839169082288656,166.97674708542928,0.40649196767546997,0.07638168632618578,0.1315551103919281,0.8858984745695837,False,False,False,False,0,SPE,"sensor_571, sensor_544, sensor_562"
U1366,2008-10-06 15:00:00,test,1,42.80848297909293,166.25111356103184,0.4252906074659545,0.18329240021920606,0.1309834092414838,0.9268677621292067,False,False,False,False,0,T2,"sensor_565, sensor_569, sensor_356"
U1367,2008-10-06 15:01:00,test,0,10.254111713830861,131.02971667012764,0.40321308377340476,0.043904866917658755,0.10323370853752782,0.8787525566225669,False,False,False,False,0,SPE,"sensor_077, sensor_487, sensor_081"
U1368,2008-10-06 15:52:00,test,0,21.331154709556245,132.51295299015766,0.42061280103194226,0.09133326560698954,0.10440229830361683,0.9166730672428082,False,False,False,False,0,SPE,"sensor_587, sensor_071, sensor_433"
U1369,2008-10-06 16:42:00,test,0,18.0921043917749,195.0123292033207,0.4210072691979123,0.07746467541502043,0.15364336019196875,0.9175327613432784,False,False,False,False,0,SPE,"sensor_117, sensor_587, sensor_144"
U1370,2008-10-06 16:50:00,test,0,14.30699140585159,128.30555590887906,0.4016473182655166,0.06125801738816152,0.10108743801826767,0.8753401662550425,False,False,False,False,0,SPE,"sensor_587, sensor_120, sensor_162"
U1372,2008-10-06 17:26:00,test,0,66.46548202162496,552.9494978700674,0.4135928849135369,0.2845841964878772,0.43564947517057995,0.9013740368180133,False,False,False,False,0,SPE,"sensor_053, sensor_056, sensor_054"
U1371,2008-10-06 17:26:00,test,0,23.608408668797388,159.23344248269575,0.417112600026147,0.10108374763883013,0.1254544328449535,0.909044816309701,False,False,False,False,0,SPE,"sensor_144, sensor_587, sensor_572"
U1373,2008-10-06 17:35:00,test,0,69.7938227490615,576.9376302663577,0.41785158248471155,0.2988351000056946,0.4545488815883825,0.9106553362826287,False,False,False,False,0,SPE,"sensor_053, sensor_056, sensor_054"
U1374,2008-10-06 18:54:00,test,0,11.834480141760773,134.71228682697597,0.4050108667942399,0.050671505261918645,0.10613507613491155,0.8826706001816379,False,False,False,False,0,SPE,"sensor_171, sensor_162, sensor_483"
U1375,2008-10-06 18:55:00,test,0,211.23810535050714,345.3851289760987,0.4334684575749557,0.9044548335515993,0.2721168040657437,0.9446903650658701,False,False,False,False,0,T2,"sensor_019, sensor_155, sensor_290"
U1376,2008-10-06 19:42:00,test,0,9.853221788307245,146.01136695086728,0.38408483726499004,0.042188382904225975,0.11503722424218818,0.8370649323875797,False,False,False,False,0,SPE,"sensor_171, sensor_562, sensor_225"
U1377,2008-10-06 20:02:00,test,0,15.653613638381001,143.3927323645882,0.40908858564984457,0.06702382836794812,0.11297409408731808,0.8915574791390786,False,False,False,False,0,SPE,"sensor_166, sensor_216, sensor_087"
U1378,2008-10-06 20:36:00,test,0,26.346804744074653,134.9829330029871,0.4095917706462654,0.11280869452922936,0.10634830874474363,0.8926541079932836,False,False,False,False,0,T2,"sensor_407, sensor_269, sensor_043"
U1379,2008-10-06 20:47:00,test,0,18.773615892879864,237.0775232213997,0.41314886916974985,0.08038269236216453,0.18678504811738383,0.9004063599599558,False,False,False,False,0,SPE,"sensor_171, sensor_407, sensor_487"
U1380,2008-10-06 21:46:00,test,0,22.425288586137487,184.97360444377153,0.42059363287738166,0.09601800121179162,0.14573420177926474,0.9166312926439578,False,False,False,False,0,SPE,"sensor_161, sensor_006, sensor_407"
U1381,2008-10-06 21:48:00,test,0,22.949093074662965,127.08564172630805,0.4039950811671633,0.09826076655328522,0.10012631050944933,0.8804568222743822,False,False,False,False,0,SPE,"sensor_091, sensor_316, sensor_116"
U1382,2008-10-06 22:37:00,test,0,24.926654251793092,153.58973248149425,0.40593869022453843,0.10672805876995933,0.12100795209126969,0.8846926754670901,False,False,False,False,0,SPE,"sensor_572, sensor_571, sensor_488"
U1383,2008-10-06 23:03:00,test,0,15.073693494692666,138.45130932274336,0.3930867551358756,0.06454079351889694,0.10908092054603137,0.8566834880889928,False,False,False,False,0,SPE,"sensor_117, sensor_562, sensor_008"
U1384,2008-10-07 01:46:00,test,0,30.975171015563088,201.97306867384174,0.432905796469762,0.13262589672742572,0.15912748217564437,0.9434641154608873,False,False,False,False,0,SPE,"sensor_117, sensor_144, sensor_023"
U1385,2008-10-07 03:29:00,test,0,78.75692376688016,449.35362209589215,0.43671311711624705,0.3372122669743429,0.3540299256733832,0.9517616952930458,False,False,False,False,0,SPE,"sensor_222, sensor_223, sensor_115"
U1386,2008-10-07 03:39:00,test,0,33.9587842705846,324.09975413761435,0.41562120708045674,0.1454007861133873,0.255346805335455,0.9057945116526958,False,False,False,False,0,SPE,"sensor_195, sensor_432, sensor_058"
U1387,2008-10-07 07:32:00,test,0,21.028156672646386,143.8819304049465,0.4082597703035288,0.09003592373495826,0.11335951602975133,0.889751179607012,False,False,False,False,0,SPE,"sensor_571, sensor_468, sensor_023"
U1388,2008-10-07 07:41:00,test,0,18.861265806092714,234.15158245390404,0.4307700256561022,0.08075798160050625,0.1844798022230486,0.9388094697204773,False,False,False,False,0,SPE,"sensor_026, sensor_144, sensor_031"
U1389,2008-10-07 08:25:00,test,0,15.255818079373208,131.70657251832378,0.4025145695915791,0.06532059345437528,0.10376697947125435,0.8772302322044898,False,False,False,False,0,SPE,"sensor_562, sensor_496, sensor_004"
U1390,2008-10-07 08:26:00,test,0,17.31479035312586,166.42440293373767,0.4227328955492095,0.07413646226769516,0.13111993784773576,0.9212935484531278,False,False,False,False,0,SPE,"sensor_081, sensor_563, sensor_082"
U1391,2008-10-07 09:11:00,test,0,25.382247599556443,139.51767057445267,0.4319185292124639,0.10867876555572027,0.10992106909746123,0.9413124897787504,False,False,False,False,0,SPE,"sensor_486, sensor_562, sensor_500"
U1392,2008-10-07 09:20:00,test,0,19.05596876013519,109.8585058644638,0.40966798676936356,0.08159163813988057,0.08655365563624018,0.8928202115145325,False,False,False,False,0,SPE,"sensor_489, sensor_071, sensor_132"
U1393,2008-10-07 09:59:00,test,0,30.267424327217043,141.3523793485708,0.4309807893231723,0.12959554899663844,0.11136657165712399,0.939268802809443,False,False,False,False,0,T2,"sensor_043, sensor_060, sensor_544"
U1394,2008-10-07 10:04:00,test,0,14.76822822919177,135.99943984716322,0.4072738674802846,0.06323288775347655,0.10714917876068257,0.8876025275384841,False,False,False,False,0,SPE,"sensor_587, sensor_082, sensor_170"
U1395,2008-10-07 10:10:00,test,0,12.168017364074574,158.1779543536384,0.4118508713584186,0.05209960627802335,0.12462285084470968,0.8975775358441221,False,False,False,False,0,SPE,"sensor_587, sensor_144, sensor_216"
U1396,2008-10-07 10:51:00,test,0,12.463472464176657,159.4179872008483,0.3976242412811678,0.05336465167758037,0.12559982914229775,0.8665723724314853,False,False,False,False,0,SPE,"sensor_572, sensor_562, sensor_571"
U1397,2008-10-07 11:15:00,test,0,23.772428043996776,167.94767806640584,0.4423903556850529,0.10178602678704085,0.13232007278708102,0.9641345276927454,False,False,False,False,0,SPE,"sensor_219, sensor_091, sensor_489"
U1398,2008-10-07 11:16:00,test,0,174.36446690283148,698.1521997247255,0.4412643500690792,0.7465735627018356,0.5500495806051567,0.9616805390856586,False,False,False,False,0,T2,"sensor_337, sensor_201, sensor_202"
U1399,2008-10-07 11:36:00,test,0,24.245694652541875,156.30406445266178,0.4269902404386547,0.10381240489219819,0.12314647885227187,0.9305718999168576,False,False,False,False,0,SPE,"sensor_171, sensor_117, sensor_487"
U1400,2008-10-07 12:40:00,test,0,68.01534372688171,538.306935261206,0.4113289489884512,0.29122021468322135,0.4241131147248711,0.8964400712244842,False,False,False,False,0,SPE,"sensor_053, sensor_056, sensor_054"
U1401,2008-10-07 13:10:00,test,1,26.661456263479444,324.44654234358705,0.41809579183688117,0.11415593293177893,0.25562002757457325,0.9111875600650564,False,False,False,False,0,SPE,"sensor_075, sensor_210, sensor_571"
U1402,2008-10-07 13:48:00,test,0,21.833331387236065,146.19176129508983,0.42156811860065085,0.09348342749501988,0.11517935060578378,0.9187550625690335,False,False,False,False,0,SPE,"sensor_004, sensor_170, sensor_091"
U1403,2008-10-07 14:35:00,test,0,21.978736377441383,171.7543620680299,0.43370107857268364,0.0941060057272735,0.13531922532060492,0.9451973334771243,False,False,False,False,0,SPE,"sensor_166, sensor_562, sensor_215"
U1404,2008-10-07 16:32:00,test,0,14.702840476995283,158.19838156173608,0.4256256106487923,0.0629529180556275,0.1246389447240264,0.9275978597258434,False,False,False,False,0,SPE,"sensor_219, sensor_040, sensor_144"
U1405,2008-10-07 17:06:00,test,0,33.55757288105381,212.33557654296584,0.4331773451527274,0.14368292569263152,0.16729173792056182,0.9440559219002275,False,False,False,False,0,SPE,"sensor_144, sensor_563, sensor_572"
U1406,2008-10-07 17:28:00,test,0,71.19587104534423,549.0998250409682,0.4089128305190649,0.30483822788047626,0.4326164532507923,0.8911744427825526,False,False,False,False,0,SPE,"sensor_053, sensor_056, sensor_054"
U1407,2008-10-07 18:39:00,test,0,16.142557380513793,155.65367411806918,0.42923546463952217,0.06911733100646603,0.12263405916654523,0.9354650856444615,False,False,False,False,0,SPE,"sensor_144, sensor_486, sensor_221"
U1408,2008-10-07 19:24:00,test,0,23.52326248671746,142.39382027070687,0.41599916046105706,0.10071917858623011,0.11218708635674374,0.9066182138410734,False,False,False,False,0,SPE,"sensor_144, sensor_216, sensor_087"
U1409,2008-10-07 20:19:00,test,0,188.78971424202177,358.9041729451758,0.4219983988185002,0.8083379146375773,0.28276798366283656,0.919692804563814,False,False,False,False,0,T2,"sensor_019, sensor_155, sensor_290"
U1410,2008-10-07 20:39:00,test,0,23.95089333166641,126.52547975128078,0.42958969639756794,0.10255015876875004,0.09968497857701943,0.9362370895192033,False,False,False,False,0,T2,"sensor_473, sensor_337, sensor_201"
U1411,2008-10-07 20:48:00,test,0,16.93740513856587,170.93483826632624,0.4161600065120763,0.07252061800108747,0.13467355132057915,0.9069687577203371,False,False,False,False,0,SPE,"sensor_144, sensor_215, sensor_562"
U1412,2008-10-08 04:47:00,test,0,31.401460392980326,134.8894534015319,0.4247563930537332,0.1344511331697663,0.10627465945223143,0.9257035085386961,False,False,False,False,0,T2,"sensor_043, sensor_056, sensor_060"
U1413,2008-10-08 05:35:00,test,0,19.534550595011936,168.08418721365376,0.42417514335164963,0.08364077436502343,0.13242762354638837,0.9244367474084221,False,False,False,False,0,SPE,"sensor_587, sensor_146, sensor_150"
U1414,2008-10-08 05:38:00,test,0,13.895119826141956,203.627865425785,0.407085533375647,0.0594945134007877,0.160431238376301,0.8871920768794909,False,False,False,False,0,SPE,"sensor_587, sensor_563, sensor_084"
U1415,2008-10-08 06:25:00,test,0,10.237269995577854,142.97309502015946,0.3962031121342844,0.04383275600067259,0.11264347657239755,0.8634751989483539,False,False,False,False,0,SPE,"sensor_081, sensor_433, sensor_563"
U1416,2008-10-08 07:10:00,test,0,17.328191041012648,202.48856838934745,0.41702617274846177,0.07419383977973074,0.15953362628351625,0.908856458852356,False,False,False,False,0,SPE,"sensor_018, sensor_012, sensor_219"
U1417,2008-10-08 07:13:00,test,0,29.16030348637926,169.81260141744923,0.44007657835405073,0.12485520731368345,0.13378938034996868,0.9590919389799839,False,False,False,False,0,SPE,"sensor_544, sensor_250, sensor_077"
U1418,2008-10-08 07:16:00,test,0,21.9118118752298,174.3036297722239,0.43014746275360366,0.09381945615134418,0.13732770374707848,0.9374526716297279,False,False,False,False,0,SPE,"sensor_483, sensor_144, sensor_010"
U1419,2008-10-08 09:01:00,test,0,234.38529397002083,672.2883276873638,0.44706482805748254,1.003563782646325,0.5296723448497075,0.9743219564083336,True,False,False,True,1,T2,"sensor_248, sensor_114, sensor_521"
U1420,2008-10-08 09:06:00,test,0,22.630233718670073,209.2688827610285,0.43888637179894086,0.09689551152378953,0.1648755976731141,0.9564980324444522,False,False,False,False,0,SPE,"sensor_171, sensor_485, sensor_010"
U1421,2008-10-08 10:37:00,test,0,31.334150132731224,152.52476220433525,0.41058639601143077,0.1341629318997876,0.12016889943980023,0.8948217697525234,False,False,False,False,0,T2,"sensor_098, sensor_228, sensor_101"
U1422,2008-10-08 12:11:00,test,0,24.68801661252778,115.59470859231982,0.4176256912573877,0.10570628778814373,0.09107300815846588,0.9101630345654528,False,False,False,False,0,T2,"sensor_043, sensor_060, sensor_056"
U1423,2008-10-08 13:35:00,test,0,32.49624006126978,294.08863369679176,0.4412192639148137,0.13913863385064681,0.2317020983238978,0.9615822794434904,False,False,False,False,0,SPE,"sensor_521, sensor_151, sensor_145"
U1424,2008-10-08 13:38:00,test,0,15.774999133296705,147.37611681475826,0.41241090517515794,0.06754356270952153,0.11611246269386127,0.8987980596020549,False,False,False,False,0,SPE,"sensor_485, sensor_009, sensor_488"
U1425,2008-10-08 14:48:00,test,0,27.2256222626946,144.53127769845594,0.416618352607675,0.11657151351118689,0.11387111394006771,0.907967665790373,False,False,False,False,0,T2,"sensor_412, sensor_139, sensor_056"
U1426,2008-10-08 15:37:00,test,0,22.20281786264974,153.85480486024926,0.4137202741134437,0.09506545185594345,0.12121679330214276,0.9016516656688844,False,False,False,False,0,SPE,"sensor_572, sensor_570, sensor_582"
U1427,2008-10-08 16:26:00,test,0,20.179179774310985,128.9053930075092,0.3994640888163264,0.086400872861921,0.10156002858614528,0.8705820903458596,False,False,False,False,0,SPE,"sensor_084, sensor_144, sensor_571"
U1428,2008-10-08 17:14:00,test,0,56.59837981470206,305.30709339281714,0.4300088235147759,0.24233638201618934,0.24054072842957913,0.9371505247241066,False,False,False,False,0,T2,"sensor_337, sensor_201, sensor_200"
U1429,2008-10-08 17:31:00,test,0,24.81323761747625,156.3519852893565,0.4191264974802972,0.10624244457197735,0.12318423399525727,0.9134338542844824,False,False,False,False,0,SPE,"sensor_117, sensor_146, sensor_018"
U1430,2008-10-08 17:41:00,test,0,158.18993866976922,1122.296506733674,0.4452221061779153,0.6773193426048703,0.8842179729389845,0.9703059742193131,False,False,False,False,0,SPE,"sensor_248, sensor_250, sensor_114"
U1431,2008-10-08 18:22:00,test,0,23.446533447925376,187.12195875983292,0.42156414330373426,0.10039064908207594,0.14742681463790328,0.9187463989059002,False,False,False,False,0,SPE,"sensor_026, sensor_031, sensor_004"
U1432,2008-10-08 20:27:00,test,0,24.040389498713267,133.6992418721896,0.41858889491188095,0.1029333530827473,0.10533693361994972,0.9122622166307099,False,False,False,False,0,SPE,"sensor_004, sensor_001, sensor_020"
U1433,2008-10-08 21:19:00,test,0,17.650634148545073,209.12382492641183,0.4207944704657641,0.0755744393011532,0.16476131170348476,0.9170689930841454,False,False,False,False,0,SPE,"sensor_219, sensor_171, sensor_144"
U1434,2008-10-08 21:45:00,test,0,23.569771959100695,98.40301822884025,0.4144967917313223,0.10091831745387501,0.07752827954763551,0.9033439888335681,False,False,False,False,0,T2,"sensor_043, sensor_056, sensor_050"
U1435,2008-10-08 22:08:00,test,0,21.151751313202457,163.81284967776423,0.4206642541715042,0.09056511694025862,0.12906238682413002,0.9167852029342227,False,False,False,False,0,SPE,"sensor_000, sensor_001, sensor_081"
U1436,2008-10-08 23:13:00,test,0,29.93131615053508,176.97080476307175,0.4322795870561763,0.12815643996613563,0.13942907718068634,0.9420993702546558,False,False,False,False,0,SPE,"sensor_144, sensor_473, sensor_542"
U1437,2008-10-08 23:50:00,test,0,21.3011558708748,145.51988166778955,0.4193552836166016,0.09120482005687752,0.1146500002616047,0.9139324650942207,False,False,False,False,0,SPE,"sensor_000, sensor_543, sensor_146"
U1438,2008-10-09 00:23:00,test,0,30.44675069769259,158.17632199804262,0.42774264454184474,0.13036336786289246,0.12462156476910724,0.9322116706879449,False,False,False,False,0,T2,"sensor_043, sensor_060, sensor_544"
U1439,2008-10-09 04:34:00,test,1,16.852374252293536,192.72262790452413,0.42055104282977684,0.07215654260871174,0.15183938501347513,0.9165384729545043,False,False,False,False,0,SPE,"sensor_026, sensor_031, sensor_088"
U1440,2008-10-09 06:06:00,test,0,23.82547701723998,145.54361527660257,0.42637020866918446,0.10201316573143325,0.11466869913783684,0.9292206181144165,False,False,False,False,0,SPE,"sensor_040, sensor_018, sensor_008"
U1441,2008-10-09 07:38:00,test,0,17.19743727275481,147.41189937137585,0.40506399143279537,0.0736339934512965,0.11614065451259112,0.8827863786963462,False,False,False,False,0,SPE,"sensor_166, sensor_091, sensor_544"
U1442,2008-10-09 14:15:00,test,0,195.20923821433627,949.6689278101072,0.41689056384947615,0.8358242882548091,0.7482107707483578,0.9085609161939453,False,False,False,False,0,T2,"sensor_053, sensor_054, sensor_056"
U1443,2008-10-09 15:04:00,test,0,15.213029265910285,188.97606911358406,0.408770991747114,0.0651373852728104,0.1488876030202626,0.8908653228940966,False,False,False,False,0,SPE,"sensor_118, sensor_547, sensor_018"
U1444,2008-10-09 15:55:00,test,1,12.816742323440572,178.0681709233967,0.4231462525531432,0.05487724161124394,0.14029365340990257,0.9221944084168108,False,False,False,False,0,SPE,"sensor_144, sensor_040, sensor_487"
U1445,2008-10-09 15:56:00,test,0,32.186847411994314,256.48071063089225,0.43378763992863645,0.13781391226862824,0.20207213752454,0.9453859831413078,False,False,False,False,0,SPE,"sensor_118, sensor_238, sensor_239"
U1446,2008-10-10 10:05:00,test,0,25.853490922846046,135.0598856403978,0.4190001195000037,0.11069648059260236,0.10640893702314896,0.9131584292604619,False,False,False,False,0,T2,"sensor_316, sensor_056, sensor_043"
U1447,2008-10-10 10:46:00,test,0,68995483.92210542,794922292.1048083,0.42615342292725283,295416.86535691173,626291.3352680716,0.9287481606654197,True,True,False,True,2,SPE,"sensor_140, sensor_413, sensor_003"
U1448,2008-10-10 10:53:00,test,0,13.194441115570935,105.36728634775764,0.39814007406389174,0.056494428517943715,0.08301518162936321,0.8676965655562876,False,False,False,False,0,SPE,"sensor_117, sensor_136, sensor_485"
U1449,2008-10-10 12:30:00,test,0,137.40229325933652,3812.3542339194637,0.4001667574582623,0.5883132121132845,3.0036199102609924,0.872113468890874,False,True,False,True,1,SPE,"sensor_007, sensor_138, sensor_273"
U1450,2008-10-10 15:33:00,test,0,17.510140074267852,140.61888981411954,0.4069557998176554,0.07497288805946535,0.11078868103246899,0.8869093387929734,False,False,False,False,0,SPE,"sensor_000, sensor_485, sensor_006"
U1451,2008-10-10 15:50:00,test,0,14.174991602992478,119.29645217922558,0.40093746238159617,0.060692835933207255,0.09398948182751422,0.8737931240137764,False,False,False,False,0,SPE,"sensor_582, sensor_543, sensor_009"
U1452,2008-10-10 20:02:00,test,0,29.49174810233042,276.7741937970613,0.41680002508160885,0.12627434845043178,0.21806065966766341,0.9083635982572547,False,False,False,False,0,SPE,"sensor_118, sensor_219, sensor_564"
U1453,2008-10-10 21:03:00,test,0,20.147755834393354,142.4496315575275,0.4062469703406081,0.08626632547852833,0.11223105810806219,0.8853645334772937,False,False,False,False,0,SPE,"sensor_572, sensor_570, sensor_006"
U1454,2008-10-10 21:07:00,test,0,25.706890460856208,114.70566519522143,0.41819324202488123,0.11006878372783643,0.09037256211259426,0.9113999405787218,False,False,False,False,0,T2,"sensor_060, sensor_043, sensor_050"
U1455,2008-10-10 21:16:00,test,0,47.28475282841079,232.65359368565987,0.43885894948610554,0.20245837358740598,0.18329958952150757,0.9564382689385486,False,False,False,False,0,T2,"sensor_135, sensor_270, sensor_473"
U1456,2008-10-11 02:55:00,test,0,30.56358659830125,157.46653552747966,0.43176483474971183,0.13086362227893408,0.12406234895541174,0.9409775318929146,False,False,False,False,0,T2,"sensor_071, sensor_250, sensor_056"
U1457,2008-10-11 06:56:00,test,0,69008291.3538008,794874688.5224106,0.4412106935868103,295471.70273335505,626253.8300785965,0.9615636014840017,True,True,False,True,2,SPE,"sensor_140, sensor_413, sensor_003"
U1458,2008-10-11 07:38:00,test,0,24.264309682543168,160.4987702539226,0.42917742706648504,0.10389210856987244,0.12645134012414824,0.9353386000026533,False,False,False,False,0,SPE,"sensor_589, sensor_571, sensor_091"
U1459,2008-10-11 07:39:00,test,0,1226.9011620643887,4718.642635750471,0.4750078632398116,5.253203177892195,3.7176526892610706,1.035220311631512,True,True,True,True,3,T2,"sensor_202, sensor_337, sensor_201"
U1460,2008-10-11 07:42:00,test,0,352.2097454208964,3917.8782066598706,0.41796391804429556,1.5080508610949972,3.086758539592157,0.9109001576045468,True,True,False,True,2,SPE,"sensor_007, sensor_019, sensor_002"
U1461,2008-10-11 08:27:00,test,0,152.0730568532446,3775.418521631723,0.39052228102676584,0.6511287870891426,2.9745195607079364,0.8510945370592216,False,True,False,True,1,SPE,"sensor_007, sensor_138, sensor_273"
U1462,2008-10-11 14:43:00,test,0,370.1241277149791,3908.690548741677,0.44184159741749274,1.5847545866330062,3.079519906831795,0.9629385775859843,True,True,False,True,2,SPE,"sensor_007, sensor_019, sensor_175"
U1463,2008-10-11 15:33:00,test,0,19.65796640266597,221.13300637939653,0.43475797367971947,0.08416920186433349,0.17422292369042688,0.947500704361566,False,False,False,False,0,SPE,"sensor_587, sensor_433, sensor_144"
U1464,2008-10-11 16:25:00,test,0,17.298438818617598,152.3877841606125,0.41129986805841007,0.07406645016264696,0.12006097925344042,0.8963766929695342,False,False,False,False,0,SPE,"sensor_587, sensor_020, sensor_022"
U1465,2008-10-11 23:16:00,test,0,24.861345768455426,181.62809038860087,0.42606378091391733,0.10644842847632142,0.1430983888380739,0.9285527970932306,False,False,False,False,0,SPE,"sensor_086, sensor_117, sensor_008"
U1466,2008-10-11 23:58:00,test,0,17.664791120841677,180.95599290904426,0.42592211640240857,0.07563505498410905,0.14256886685575879,0.9282440569836438,False,False,False,False,0,SPE,"sensor_086, sensor_008, sensor_587"
U1467,2008-10-12 00:57:00,test,0,29.20464719247588,148.22038813164585,0.42697226317232606,0.1250450730542899,0.11677763439131361,0.9305327207101723,False,False,False,False,0,T2,"sensor_572, sensor_573, sensor_056"
U1468,2008-10-12 01:50:00,test,0,172.56948843505725,3820.7356236441883,0.42607125052167144,0.7388880319657707,3.0102233126491695,0.928569076170411,False,True,False,True,1,SPE,"sensor_007, sensor_571, sensor_138"
U1469,2008-10-12 02:59:00,test,0,21.56071696939855,239.5291492685186,0.4226601156167325,0.09231617868117604,0.18871659811400368,0.9211349336801734,False,False,False,False,0,SPE,"sensor_151, sensor_468, sensor_413"
U1470,2008-10-12 03:21:00,test,0,162.88478604719103,4018.531509138197,0.41829520287203203,0.6974211958962088,3.1660597390105027,0.9116221515106456,False,True,False,True,1,SPE,"sensor_007, sensor_151, sensor_138"
U1471,2008-10-12 03:28:00,test,0,16.164109365839103,125.72910119679801,0.4006183773613477,0.06920960979900569,0.09905753990380618,0.8730977180643978,False,False,False,False,0,SPE,"sensor_117, sensor_144, sensor_166"
U1472,2008-10-12 08:19:00,test,0,24.419834574085296,148.1828139588365,0.42770959609993775,0.10455801702260857,0.11674803102115519,0.9321396457364072,False,False,False,False,0,SPE,"sensor_150, sensor_014, sensor_117"
U1473,2008-10-12 18:47:00,test,0,22.208660427321604,192.24166366122518,0.4186792535912369,0.095090467872107,0.15146045019035637,0.9124591420869824,False,False,False,False,0,SPE,"sensor_081, sensor_088, sensor_091"
U1474,2008-10-13 03:34:00,test,0,28.19361928335199,213.47269235211644,0.43596628392446013,0.12071617094761102,0.16818763150102953,0.9501340656275804,False,False,False,False,0,SPE,"sensor_144, sensor_432, sensor_150"
U1475,2008-10-13 03:53:00,test,0,23.534414770681618,157.43777487106595,0.42524755371916034,0.10076692914297643,0.12403968944505779,0.9267739318652841,False,False,False,False,0,SPE,"sensor_589, sensor_587, sensor_162"
U1476,2008-10-13 11:27:00,test,0,25.56221221055567,177.23468042166928,0.4217674718961307,0.1094493171662661,0.13963697553780777,0.9191895281782211,False,False,False,False,0,SPE,"sensor_589, sensor_008, sensor_117"
U1477,2008-10-13 12:18:00,test,0,25.54347969988724,193.46770215297204,0.4141066982611286,0.10936911047348921,0.15242640282712674,0.9024938288361631,False,False,False,False,0,SPE,"sensor_009, sensor_589, sensor_221"
U1478,2008-10-13 14:06:00,test,0,36.630259174692696,203.248260968713,0.43804386671528883,0.1568391976903285,0.16013216136631572,0.9546618978396466,False,False,False,False,0,SPE,"sensor_589, sensor_000, sensor_006"
U1479,2008-10-13 14:29:00,test,0,35.00354190782265,177.69876206506342,0.438816179163348,0.14987410826008035,0.14000260915382465,0.9563450563619151,False,False,False,False,0,T2,"sensor_121, sensor_124, sensor_133"
U1480,2008-10-13 14:30:00,test,0,24.482706817444893,149.91314737887706,0.4110907253994523,0.10482721610630827,0.11811129990776138,0.8959208926652928,False,False,False,False,0,SPE,"sensor_009, sensor_082, sensor_081"
U1481,2008-10-13 14:55:00,test,0,20.321508114789086,146.4231123762059,0.41372484208460236,0.08701027785200646,0.11536162399143038,0.9016616209915062,False,False,False,False,0,SPE,"sensor_009, sensor_082, sensor_543"
U1482,2008-10-13 15:42:00,test,0,27.125724136355934,170.01497414930014,0.40910844489277276,0.11614378129365051,0.1339488227127148,0.8916007598787123,False,False,False,False,0,SPE,"sensor_009, sensor_003, sensor_014"
U1483,2008-10-13 15:42:00,test,0,39.92284578443704,225.5517641649401,0.4386639079763739,0.17093701337149622,0.17770430764609205,0.9560132003278768,False,False,False,False,0,SPE,"sensor_572, sensor_571, sensor_019"
U1484,2008-10-13 16:13:00,test,0,20.16605134024694,159.19879235793172,0.41427237091799496,0.08634466105474499,0.12542713322948015,0.9028548917000496,False,False,False,False,0,SPE,"sensor_432, sensor_586, sensor_486"
U1485,2008-10-13 19:17:00,test,0,27.2598428998821,122.34862808196092,0.41727382564273663,0.1167180354687669,0.09639418394819034,0.9093961874047194,False,False,False,False,0,T2,"sensor_121, sensor_124, sensor_123"
U1486,2008-10-13 19:36:00,test,0,25.07402165303759,162.31384597006976,0.42812779534583384,0.1073590394263251,0.1278813744874676,0.9330510587616733,False,False,False,False,0,SPE,"sensor_006, sensor_040, sensor_511"
U1487,2008-10-13 19:40:00,test,0,29.63584556978708,175.89773097722878,0.4258159619487211,0.12689132828334337,0.13858364005953416,0.9280127066100355,False,False,False,False,0,SPE,"sensor_558, sensor_014, sensor_162"
U1488,2008-10-13 20:10:00,test,0,25.173649294298883,162.20344185916318,0.4127666309204334,0.1077856135122108,0.12779439096879472,0.8995733194353718,False,False,False,False,0,SPE,"sensor_483, sensor_542, sensor_117"
U1489,2008-10-13 20:30:00,test,0,64.25172575343737,278.24810160413506,0.4633438146602454,0.2751055915091727,0.21922189982625812,1.0097999745384236,False,False,True,False,1,T2,"sensor_032, sensor_034, sensor_035"
U1490,2008-10-13 20:53:00,test,0,67.95311816590255,558.5056957165782,0.47208694798731304,0.29095378448917714,0.44002700817332285,1.028854541647586,False,False,True,False,1,SPE,"sensor_202, sensor_521, sensor_065"
U1491,2008-10-13 21:20:00,test,0,24.640315944009213,181.32694291219275,0.4254755213267467,0.10550204859496562,0.14286112532567088,0.9272707587939119,False,False,False,False,0,SPE,"sensor_006, sensor_215, sensor_117"
U1492,2008-10-13 21:47:00,test,0,44.40925369910339,212.18080286565407,0.4388143262634767,0.19014639473273837,0.16716979717995023,0.9563410181980645,False,False,False,False,0,T2,"sensor_496, sensor_224, sensor_003"
U1493,2008-10-13 21:57:00,test,0,35.41842619713448,166.6942978785106,0.42496289180245495,0.15165051171820673,0.1313325785888784,0.9261535467707902,False,False,False,False,0,T2,"sensor_569, sensor_565, sensor_121"
U1494,2008-10-13 22:48:00,test,0,80.75519801571922,588.8059732513616,0.4158880404321521,0.34576824602047784,0.463899531896372,0.9063760416164561,False,False,False,False,0,SPE,"sensor_053, sensor_056, sensor_054"
U1495,2008-10-13 22:54:00,test,0,29.226800359854476,253.80166397134045,0.4376620322214719,0.12513992591845854,0.19996141082040708,0.9538297372497464,False,False,False,False,0,SPE,"sensor_219, sensor_006, sensor_589"
U1496,2008-10-14 00:35:00,test,0,35.71212106196596,276.1801042899002,0.42663282577686795,0.15290802034642204,0.21759259742509693,0.9297929593009425,False,False,False,False,0,SPE,"sensor_219, sensor_118, sensor_018"
U1497,2008-10-14 03:21:00,test,0,23.523800989340213,124.36130188700892,0.41215431469004465,0.100721484284339,0.0979798989008871,0.8982388526867232,False,False,False,False,0,T2,"sensor_121, sensor_123, sensor_133"
U1498,2008-10-14 03:28:00,test,0,29.039303735150003,201.34183126864036,0.4390642162722029,0.12433712460471269,0.15863015240982797,0.9568856222619692,False,False,False,False,0,SPE,"sensor_006, sensor_210, sensor_214"
U1499,2008-10-14 03:35:00,test,0,27.324856142844137,194.36811900588648,0.43095818571510586,0.11699640163638761,0.15313580961909945,0.939219541068749,False,False,False,False,0,SPE,"sensor_587, sensor_115, sensor_547"
U1500,2008-10-14 13:13:00,test,0,21.72312112453204,191.9712513232046,0.42154868021353054,0.09301154196733892,0.15124740181325846,0.91871269903207,False,False,False,False,0,SPE,"sensor_003, sensor_014, sensor_139"
U1501,2008-10-14 13:16:00,test,0,35.96502265092574,141.70128058904487,0.42219614453061505,0.15399086505461523,0.11164145868186022,0.9201237666458373,False,False,False,False,0,T2,"sensor_558, sensor_273, sensor_138"
U1502,2008-10-14 14:07:00,test,0,27.497989688852588,188.0694272171786,0.42693268097291476,0.11773770478468766,0.14817329173531138,0.9304464562501903,False,False,False,False,0,SPE,"sensor_146, sensor_485, sensor_571"
U1503,2008-10-14 14:15:00,test,0,29.71905896417908,152.36652363055472,0.422110535676714,0.1272476217496628,0.12004422882903963,0.9199371928409126,False,False,False,False,0,T2,"sensor_121, sensor_133, sensor_124"
U1504,2008-10-14 14:43:00,test,0,53.886252492295405,250.29060546488756,0.44999008033811694,0.23072390962685504,0.19719517122434757,0.9806971784034068,False,False,False,False,0,T2,"sensor_056, sensor_053, sensor_054"
U1505,2008-10-14 17:36:00,test,0,19.31920212420202,160.65925918454104,0.412063774711443,0.08271872024510607,0.1265777837119694,0.8980415321113883,False,False,False,False,0,SPE,"sensor_006, sensor_547, sensor_413"
U1506,2008-10-14 19:15:00,test,0,15.841422546364962,131.9854058854877,0.4071380900465263,0.06782796678004135,0.10398666248124516,0.8873066175795855,False,False,False,False,0,SPE,"sensor_166, sensor_143, sensor_140"
U1507,2008-10-14 20:01:00,test,0,21.75062270714475,159.88189617844665,0.41522286330191993,0.09312929505588852,0.12596532672100272,0.9049263711386825,False,False,False,False,0,SPE,"sensor_571, sensor_146, sensor_000"
U1508,2008-10-14 20:30:00,test,0,20.10137101355778,133.06317395175301,0.41495615639746497,0.08606772032943108,0.10483579806095487,0.9043451167508899,False,False,False,False,0,SPE,"sensor_564, sensor_082, sensor_008"
U1509,2008-10-14 20:48:00,test,0,18.325298523981076,138.70572151874597,0.40781464499125225,0.07846313901930138,0.10928136297358121,0.8887810845830116,False,False,False,False,0,SPE,"sensor_115, sensor_108, sensor_483"
U1510,2008-10-14 21:36:00,test,0,22.671021680572693,171.5130137245991,0.43835469725913573,0.09707015269107482,0.13512907544334862,0.9553393141886541,False,False,False,False,0,SPE,"sensor_485, sensor_091, sensor_171"
U1511,2008-10-14 23:07:00,test,0,21.504875267797555,148.9917488241209,0.42191651349515014,0.09207708215622398,0.11738536237033952,0.9195143457286731,False,False,False,False,0,SPE,"sensor_014, sensor_208, sensor_057"
U1512,2008-10-15 00:03:00,test,0,20.70844975727898,194.92302895899434,0.426909716085364,0.08866703972397871,0.15357300366804888,0.9303964071459824,False,False,False,False,0,SPE,"sensor_003, sensor_139, sensor_544"
U1513,2008-10-15 00:27:00,test,0,23.405372103551944,137.28471991411357,0.42120230201630504,0.10021440920900826,0.10816180575242586,0.9179578110122624,False,False,False,False,0,SPE,"sensor_018, sensor_040, sensor_004"
U1514,2008-10-15 00:47:00,test,0,28.69779930846657,177.20315107812604,0.4208086815739688,0.1228749105364669,0.13961213467617392,0.9170999644195753,False,False,False,False,0,SPE,"sensor_003, sensor_139, sensor_082"
U1516,2008-10-15 01:52:00,test,0,18.423548711532323,182.88621609835022,0.431240961937131,0.07888381528356074,0.14408962186615726,0.9398358165272019,False,False,False,False,0,SPE,"sensor_171, sensor_166, sensor_140"
U1517,2008-10-15 01:52:00,test,0,18.851096684510015,157.09864151589792,0.42596248134314174,0.08071444063448034,0.12377249819384789,0.9283320273305761,False,False,False,False,0,SPE,"sensor_120, sensor_140, sensor_316"
U1515,2008-10-15 01:52:00,test,0,33.438150676797534,184.08179404199944,0.42590835958021844,0.14317159754142628,0.14503157570766106,0.9282140757078443,False,False,False,False,0,SPE,"sensor_432, sensor_171, sensor_212"
U1518,2008-10-15 02:40:00,test,0,30.90047753225848,268.5167281818602,0.45207406127302074,0.1323060828288038,0.21155489272989003,0.9852389545713859,False,False,False,False,0,SPE,"sensor_432, sensor_139, sensor_084"
U1519,2008-10-15 02:40:00,test,0,28.146473086560444,145.84141032048893,0.4202245073056956,0.12051430582720135,0.11490332138648202,0.915826829562556,False,False,False,False,0,T2,"sensor_216, sensor_316, sensor_250"
U1520,2008-10-15 02:42:00,test,1,26.552894855961668,431.9597452167691,0.4458957867695003,0.11369110728110529,0.3403259014130117,0.971774176929062,False,False,False,False,0,SPE,"sensor_099, sensor_102, sensor_100"
U1521,2008-10-15 03:24:00,test,0,25.320815945049993,189.4890207400938,0.4172901109572069,0.10841573461838425,0.1492917395783708,0.9094316792136464,False,False,False,False,0,SPE,"sensor_026, sensor_031, sensor_485"
U1522,2008-10-15 04:08:00,test,0,27.85730262050186,168.78505249098004,0.4249155804287582,0.11927616924520029,0.1329798106654808,0.9260504375407913,False,False,False,False,0,SPE,"sensor_003, sensor_139, sensor_499"
U1523,2008-10-15 05:13:00,test,0,18.033582019379367,147.58765084447236,0.4143270132082105,0.07721410110459373,0.11627912292120687,0.9029739777470035,False,False,False,False,0,SPE,"sensor_144, sensor_117, sensor_468"
U1524,2008-10-15 05:16:00,test,0,41.54156651161061,254.14387370931232,0.4411734143244669,0.17786786414500125,0.20023102584550426,0.9614823559877327,False,False,False,False,0,SPE,"sensor_026, sensor_031, sensor_010"
U1525,2008-10-15 06:49:00,test,0,34.500694649640835,257.3394473304538,0.44006789695826015,0.14772107515818778,0.2027487059885946,0.9590730189621248,False,False,False,False,0,SPE,"sensor_134, sensor_130, sensor_172"
U1526,2008-10-15 07:36:00,test,0,56.86430561481072,348.17589887974896,0.44975929471802734,0.24347499228196154,0.2743155535872285,0.980194209968485,False,False,False,False,0,SPE,"sensor_134, sensor_032, sensor_033"
U1527,2008-10-15 07:55:00,test,0,17.280283142052898,254.14722938835052,0.4294243494761811,0.07398871329127095,0.2002336696670783,0.9358767365551114,False,False,False,False,0,SPE,"sensor_134, sensor_130, sensor_161"
U1528,2008-10-15 08:21:00,test,0,27.423362229239643,283.3138135190789,0.4361307760610254,0.11741817357865547,0.22321299620234927,0.9504925556949123,False,False,False,False,0,SPE,"sensor_134, sensor_003, sensor_171"
U1529,2008-10-15 09:11:00,test,0,42.88669667763495,224.11886264600537,0.428453450568891,0.18362728656738125,0.1765753749006974,0.9337607836474853,False,False,False,False,0,T2,"sensor_056, sensor_139, sensor_053"
U1530,2008-10-15 10:00:00,test,0,27.730204265018386,181.2854999128421,0.4396406970906965,0.11873197423946144,0.14282847384305603,0.9581419902060704,False,False,False,False,0,SPE,"sensor_081, sensor_144, sensor_558"
U1531,2008-10-15 12:53:00,test,0,17.928094257360492,145.24146069518667,0.4178160496433974,0.07676243583293169,0.11443064216279433,0.9105778968928733,False,False,False,False,0,SPE,"sensor_171, sensor_008, sensor_107"
U1532,2008-10-15 13:14:00,test,0,18.751428385303267,155.1491265448554,0.4204632828465919,0.0802876924641167,0.12223654386665644,0.9163472110319715,False,False,False,False,0,SPE,"sensor_558, sensor_587, sensor_433"
U1533,2008-10-15 13:16:00,test,0,28.089969275376145,133.1315084204082,0.41451650751796865,0.12027237435818477,0.10488963638709564,0.9033869569281526,False,False,False,False,0,T2,"sensor_091, sensor_006, sensor_139"
U1534,2008-10-15 14:08:00,test,0,46.60906816288195,337.825763677552,0.4406755412772102,0.19956530530940653,0.26616104583172784,0.9603973038632929,False,False,False,False,0,SPE,"sensor_222, sensor_006, sensor_140"
U1535,2008-10-15 15:11:00,test,0,21.499722742485016,143.447126957649,0.4131594928730987,0.0920550206706024,0.1130169496754149,0.9004295129945529,False,False,False,False,0,SPE,"sensor_006, sensor_485, sensor_589"
U1536,2008-10-15 16:24:00,test,0,22.636569985292127,153.60934925186288,0.4166274197207753,0.0969226414157353,0.12102340745518367,0.9079874264309344,False,False,False,False,0,SPE,"sensor_489, sensor_216, sensor_569"
U1537,2008-10-15 17:19:00,test,0,80.15876558736731,538.6376473004913,0.420992098472831,0.34321451078499704,0.42437367111727614,0.9174996986427175,False,False,False,False,0,SPE,"sensor_250, sensor_225, sensor_484"
U1538,2008-10-15 18:16:00,test,0,32.961400259398914,141.5877714393563,0.4357582675620687,0.14113030286735012,0.11155202881226206,0.9496807199460362,False,False,False,False,0,T2,"sensor_091, sensor_558, sensor_061"
U1539,2008-10-15 19:15:00,test,0,26.803088179009997,109.75128043731172,0.4109858261254426,0.11476235605025098,0.08646917649077811,0.895692277799026,False,False,False,False,0,T2,"sensor_056, sensor_091, sensor_070"
U1540,2008-10-15 19:24:00,test,0,43.31876197188507,187.84883897149388,0.4387333594022284,0.185477253660894,0.1479994980094259,0.9561645610363627,False,False,False,False,0,T2,"sensor_473, sensor_201, sensor_572"
U1541,2008-10-15 21:44:00,test,0,22.904345036190172,220.57787155266155,0.42157252849023313,0.09806916958917918,0.17378555247145014,0.9187646733726031,False,False,False,False,0,SPE,"sensor_432, sensor_003, sensor_139"
U1542,2008-10-15 22:45:00,test,0,18.33513510937708,166.84389797774486,0.4118831044656658,0.07850525617042947,0.13145044324915553,0.8976477838756004,False,False,False,False,0,SPE,"sensor_432, sensor_000, sensor_006"
U1543,2008-10-15 22:54:00,test,0,27.82175259184979,144.40189044139828,0.415664964534413,0.11912395525334543,0.11376917426773227,0.9058898755584884,False,False,False,False,0,T2,"sensor_560, sensor_558, sensor_559"
U1544,2008-10-15 23:00:00,test,0,28.5235333534483,178.00668002533342,0.4206484268048157,0.12212875877053324,0.1402452068925041,0.9167507091652904,False,False,False,False,0,SPE,"sensor_219, sensor_006, sensor_058"
U1545,2008-10-15 23:45:00,test,0,31.32436612654474,178.77692736155777,0.42234744504693283,0.134121039876224,0.1408520576972706,0.9204535072244127,False,False,False,False,0,SPE,"sensor_219, sensor_006, sensor_007"
U1546,2008-10-16 02:16:00,test,0,19.159904475179072,139.21777604682157,0.4024042022848546,0.08203665803671263,0.10968479273936295,0.8769897004438533,False,False,False,False,0,SPE,"sensor_589, sensor_120, sensor_142"
U1547,2008-10-16 02:16:00,test,0,14.17385358608505,117.46273508626028,0.3924285090890902,0.060687963304327734,0.09254476057857772,0.8552489230419309,False,False,False,False,0,SPE,"sensor_086, sensor_006, sensor_010"
U1548,2008-10-16 02:17:00,test,0,18.470780923701742,121.20657437785104,0.40164771695405566,0.07908604869464479,0.0954943999738336,0.8753410351469191,False,False,False,False,0,SPE,"sensor_008, sensor_006, sensor_003"
U1549,2008-10-16 02:22:00,test,0,33.21025183315027,133.6673305306381,0.41878674324213927,0.14219580668988663,0.10531179179551108,0.9126934023561606,False,False,False,False,0,T2,"sensor_555, sensor_549, sensor_473"
U1550,2008-10-16 02:55:00,test,0,21.695561197466354,133.61084223654746,0.40864792561267393,0.09289353906627366,0.10526728665395896,0.8905971156244792,False,False,False,False,0,SPE,"sensor_033, sensor_544, sensor_018"
U1551,2008-10-16 03:56:00,test,0,34.304815711672184,178.03093907027846,0.4195962989025926,0.14688238342715407,0.14026431974139747,0.9144577278083361,False,False,False,False,0,T2,"sensor_056, sensor_053, sensor_054"
U1553,2008-10-16 04:02:00,test,0,21.96051564488377,190.059866999036,0.42607993144014794,0.0940279903066881,0.14974148928258282,0.9285879951480236,False,False,False,False,0,SPE,"sensor_254, sensor_144, sensor_255"
U1552,2008-10-16 04:02:00,test,0,16.554999979621964,123.31335452684671,0.40051835518807805,0.07088327991851005,0.09715425800742464,0.8728797322300665,False,False,False,False,0,SPE,"sensor_006, sensor_542, sensor_413"
U1554,2008-10-16 04:04:00,test,0,28.580632866527957,164.31422442582576,0.41665653861703694,0.1223732408468738,0.1294574023665948,0.9080508874285202,False,False,False,False,0,SPE,"sensor_219, sensor_006, sensor_083"
U1555,2008-10-16 04:47:00,test,0,19.15993343218968,124.30745330189079,0.4119556112191236,0.08203678202148405,0.0979374734932581,0.8978058032890014,False,False,False,False,0,SPE,"sensor_468, sensor_144, sensor_006"
U1556,2008-10-16 04:50:00,test,0,30.42790529956414,252.89648250352198,0.42451558949368634,0.13028267782167477,0.1992482501558107,0.9251787072548322,False,False,False,False,0,SPE,"sensor_521, sensor_171, sensor_120"
U1557,2008-10-16 04:54:00,test,0,21.768089198934277,138.99640810086876,0.4025746482989841,0.09320408105578193,0.10951038471503992,0.8773611662437245,False,False,False,False,0,SPE,"sensor_139, sensor_003, sensor_250"
U1558,2008-10-16 05:08:00,test,0,33.43751134469722,130.12237959707033,0.41531755923035724,0.14316886012334815,0.1025188495473256,0.9051327490876252,False,False,False,False,0,T2,"sensor_003, sensor_273, sensor_138"
U1559,2008-10-16 05:13:00,test,0,26.048526302990428,141.6364896169705,0.40542066156281364,0.11153156047552622,0.11159041215213424,0.8835636966982605,False,False,False,False,0,SPE,"sensor_558, sensor_120, sensor_496"
U1560,2008-10-16 05:44:00,test,0,35.2766416266198,118.6542777441044,0.41897404406715005,0.15104343497931885,0.09348353516022158,0.913101601111259,False,False,False,False,0,T2,"sensor_558, sensor_565, sensor_560"
U1561,2008-10-16 05:58:00,test,0,121.5301648329286,404.1327316931,0.41979412835149876,0.520353772455387,0.3184019754779172,0.9148888723842379,False,False,False,False,0,T2,"sensor_135, sensor_270, sensor_003"
U1562,2008-10-16 15:02:00,test,0,17.378574758496757,119.22339821804351,0.40295826196914175,0.07440956694096042,0.09393192517908486,0.8781972043262483,False,False,False,False,0,SPE,"sensor_142, sensor_083, sensor_221"
U1563,2008-10-16 15:13:00,test,0,34.65831166320495,159.36962799754428,0.41537049945554544,0.14839594141648663,0.1255617286256679,0.905248125696432,False,False,False,False,0,T2,"sensor_139, sensor_043, sensor_003"
U1564,2008-10-16 20:49:00,test,0,14.68857612483019,168.03951766420155,0.41665790925010737,0.06289184260599784,0.1323924299783502,0.9080538745521115,False,False,False,False,0,SPE,"sensor_091, sensor_219, sensor_208"
U1565,2008-10-17 05:26:00,test,0,11.231972672865279,71.71921579516328,0.3780103601663154,0.04809175862203447,0.05650504945055633,0.8238263682252982,False,False,False,False,0,SPE,"sensor_547, sensor_468, sensor_173"
U1566,2008-10-17 06:01:00,test,0,21.896001574657276,126.66222902536602,0.3966987540825526,0.09375176143902418,0.09979271852382228,0.8645553886712024,False,False,False,False,0,SPE,"sensor_088, sensor_239, sensor_542"
U1567,2008-10-17 06:07:00,test,0,25.541373097549975,90.38836077235693,0.39665263419586294,0.10936009066779105,0.07121381262427573,0.8644548761383243,False,False,False,False,0,T2,"sensor_003, sensor_273, sensor_138"
