unit_id,timestamp,fail,period,fail_prob,source,predicted_fail,risk_band,walk_forward_prob
U0001,2008-07-19 11:55:00,0,train,0.3442282009533029,out-of-fold,1,High,
U0002,2008-07-19 12:32:00,0,train,0.6696119706768409,out-of-fold,1,High,
U0003,2008-07-19 13:17:00,1,train,0.7566965445352458,out-of-fold,1,High,
U0004,2008-07-19 14:43:00,0,train,0.6492865391908117,out-of-fold,1,High,
U0005,2008-07-19 15:22:00,0,train,0.18088433318923824,out-of-fold,0,Medium,
U0006,2008-07-19 17:53:00,0,train,0.8361759002986251,out-of-fold,1,High,
U0007,2008-07-19 19:44:00,0,train,0.26201824183035244,out-of-fold,0,Medium,
U0008,2008-07-19 19:45:00,0,train,0.6679155096457514,out-of-fold,1,High,
U0009,2008-07-19 20:24:00,0,train,0.9177712187472513,out-of-fold,1,High,
U0010,2008-07-19 21:35:00,0,train,0.7585739089628204,out-of-fold,1,High,
U0011,2008-07-19 21:57:00,1,train,0.8576406056711542,out-of-fold,1,High,
U0012,2008-07-19 22:52:00,1,train,0.7782822972676344,out-of-fold,1,High,
U0013,2008-07-20 03:35:00,0,train,0.5649392140456562,out-of-fold,1,High,
U0014,2008-07-21 08:21:00,0,train,0.00037206503077192915,out-of-fold,0,Low,
U0015,2008-07-21 11:53:00,1,train,0.9596427831203287,out-of-fold,1,High,
U0016,2008-07-22 00:03:00,0,train,0.8793299412998264,out-of-fold,1,High,
U0017,2008-07-22 02:59:00,0,train,0.3487735222847988,out-of-fold,1,High,
U0018,2008-07-22 08:41:00,0,train,0.6351622786909368,out-of-fold,1,High,
U0019,2008-07-22 11:47:00,0,train,0.4252573256777876,out-of-fold,1,High,
U0020,2008-07-22 14:00:00,0,train,0.3250094828547565,out-of-fold,0,Medium,
U0021,2008-07-22 15:30:00,0,train,0.30675195378970005,out-of-fold,0,Medium,
U0022,2008-07-23 05:15:00,0,train,0.3680229372155216,out-of-fold,1,High,
U0023,2008-07-23 19:22:00,0,train,0.578249517653267,out-of-fold,1,High,
U0024,2008-07-25 15:23:00,1,train,0.9314842687416084,out-of-fold,1,High,
U0025,2008-07-27 04:18:00,0,train,0.9020336260504029,out-of-fold,1,High,
U0026,2008-07-27 09:37:00,0,train,0.6463575581579595,out-of-fold,1,High,
U0027,2008-07-27 11:10:00,0,train,0.200541267106704,out-of-fold,0,Medium,
U0028,2008-07-27 15:46:00,0,train,0.766129964220208,out-of-fold,1,High,
U0029,2008-07-27 16:06:00,0,train,0.647110925707328,out-of-fold,1,High,
U0030,2008-07-27 16:49:00,0,train,0.721580268319451,out-of-fold,1,High,
U0031,2008-07-27 20:24:00,0,train,0.6165104791491588,out-of-fold,1,High,
U0032,2008-07-27 22:28:00,0,train,0.462650178376206,out-of-fold,1,High,
U0033,2008-07-27 22:28:00,0,train,0.43227587382917654,out-of-fold,1,High,
U0034,2008-07-27 23:14:00,0,train,0.8297757577317835,out-of-fold,1,High,
U0035,2008-07-28 03:31:00,0,train,0.8598682000058673,out-of-fold,1,High,
U0036,2008-07-28 03:48:00,0,train,0.393849021833927,out-of-fold,1,High,
U0037,2008-07-28 04:37:00,0,train,0.8746450685852739,out-of-fold,1,High,
U0038,2008-07-28 05:36:00,0,train,0.6192682401452395,out-of-fold,1,High,
U0039,2008-07-28 06:45:00,1,train,0.8092143518400637,out-of-fold,1,High,
U0040,2008-07-28 08:36:00,0,train,0.8573977601058189,out-of-fold,1,High,
U0041,2008-07-28 15:11:00,1,train,0.8043313081646359,out-of-fold,1,High,
U0042,2008-07-28 23:57:00,0,train,0.727041195074916,out-of-fold,1,High,
U0043,2008-07-29 04:08:00,0,train,0.2621406719015236,out-of-fold,0,Medium,
U0044,2008-07-29 05:16:00,0,train,0.7919906734187757,out-of-fold,1,High,
U0045,2008-07-29 06:19:00,0,train,0.6284456151386584,out-of-fold,1,High,
U0046,2008-07-29 08:23:00,1,train,0.7867936906169103,out-of-fold,1,High,
U0047,2008-07-29 11:47:00,0,train,0.6362225022058399,out-of-fold,1,High,
U0048,2008-07-29 15:41:00,0,train,0.7745702883317707,out-of-fold,1,High,
U0049,2008-07-29 15:49:00,1,train,0.37053754297348307,out-of-fold,1,High,
U0050,2008-07-29 17:05:00,1,train,0.7396470351509303,out-of-fold,1,High,
U0051,2008-07-29 18:08:00,1,train,0.5761626117190541,out-of-fold,1,High,
U0052,2008-07-29 21:07:00,0,train,0.9141561692408151,out-of-fold,1,High,
U0053,2008-07-29 23:14:00,0,train,0.8897066627782027,out-of-fold,1,High,
U0054,2008-07-29 23:19:00,0,train,0.17521025504198037,out-of-fold,0,Medium,
U0055,2008-07-30 06:30:00,0,train,0.814528383868711,out-of-fold,1,High,
U0056,2008-07-30 07:08:00,0,train,0.537925356514816,out-of-fold,1,High,
U0057,2008-07-30 12:02:00,0,train,0.725625091118784,out-of-fold,1,High,
U0058,2008-07-30 12:29:00,1,train,0.9602422546677498,out-of-fold,1,High,
U0059,2008-07-30 21:16:00,1,train,0.6429279164480847,out-of-fold,1,High,
U0060,2008-07-31 13:57:00,0,train,0.7932728346264538,out-of-fold,1,High,
U0061,2008-07-31 15:36:00,0,train,0.8865161522608573,out-of-fold,1,High,
U0062,2008-07-31 17:07:00,0,train,0.7845195146684993,out-of-fold,1,High,
U0063,2008-07-31 20:18:00,1,train,0.7211753956198842,out-of-fold,1,High,
U0064,2008-08-01 02:02:00,0,train,0.7703892949024922,out-of-fold,1,High,
U0065,2008-08-01 05:52:00,1,train,0.43090219600565527,out-of-fold,1,High,
U0066,2008-08-01 10:20:00,0,train,0.7741255125503675,out-of-fold,1,High,
U0067,2008-08-01 10:26:00,0,train,0.31694292520013234,out-of-fold,0,Medium,
U0068,2008-08-01 11:28:00,0,train,0.4955730056920449,out-of-fold,1,High,
U0069,2008-08-01 12:29:00,0,train,0.40166768322707785,out-of-fold,1,High,
U0070,2008-08-01 14:07:00,0,train,0.6296962566979057,out-of-fold,1,High,
U0071,2008-08-01 15:10:00,0,train,0.5667280742478125,out-of-fold,1,High,
U0072,2008-08-02 03:39:00,0,train,0.7416155442264751,out-of-fold,1,High,
U0073,2008-08-03 13:09:00,0,train,0.8430655659167903,out-of-fold,1,High,
U0074,2008-08-03 14:06:00,0,train,0.8285457111823114,out-of-fold,1,High,
U0075,2008-08-03 14:25:00,0,train,0.8793501109983282,out-of-fold,1,High,
U0076,2008-08-03 15:03:00,0,train,0.5084585322236537,out-of-fold,1,High,
U0077,2008-08-03 15:27:00,0,train,0.7086885148464794,out-of-fold,1,High,
U0078,2008-08-03 16:00:00,0,train,0.6406997294776904,out-of-fold,1,High,
U0079,2008-08-03 17:00:00,0,train,0.3334099484084108,out-of-fold,0,Medium,
U0080,2008-08-03 17:58:00,0,train,0.536043896588124,out-of-fold,1,High,
U0081,2008-08-03 20:23:00,0,train,0.6188701259335994,out-of-fold,1,High,
U0082,2008-08-03 22:52:00,0,train,0.891654987565137,out-of-fold,1,High,
U0083,2008-08-04 00:39:00,1,train,0.829428373459286,out-of-fold,1,High,
U0084,2008-08-04 03:45:00,0,train,0.7022258657279389,out-of-fold,1,High,
U0085,2008-08-04 03:49:00,0,train,0.8688314368042283,out-of-fold,1,High,
U0086,2008-08-04 13:19:00,0,train,0.321240236900849,out-of-fold,0,Medium,
U0087,2008-08-04 14:04:00,0,train,0.038317672353278896,out-of-fold,0,Low,
U0088,2008-08-04 14:31:00,0,train,0.6123492954543988,out-of-fold,1,High,
U0089,2008-08-04 15:29:00,0,train,0.7184654114993501,out-of-fold,1,High,
U0090,2008-08-04 16:15:00,0,train,0.2520460623911902,out-of-fold,0,Medium,
U0091,2008-08-04 16:31:00,0,train,0.8275563187676779,out-of-fold,1,High,
U0092,2008-08-04 17:11:00,0,train,0.8228595581624105,out-of-fold,1,High,
U0093,2008-08-04 17:46:00,0,train,0.3116142737343677,out-of-fold,0,Medium,
U0094,2008-08-04 18:24:00,0,train,0.27871353444745767,out-of-fold,0,Medium,
U0095,2008-08-04 19:58:00,0,train,0.37861938831587444,out-of-fold,1,High,
U0096,2008-08-04 20:32:00,0,train,0.5421739801378496,out-of-fold,1,High,
U0097,2008-08-04 20:58:00,1,train,0.8426773649839004,out-of-fold,1,High,
U0098,2008-08-04 21:43:00,0,train,0.45200550043754756,out-of-fold,1,High,
U0099,2008-08-04 22:51:00,0,train,0.6174445023563317,out-of-fold,1,High,
U0100,2008-08-04 23:33:00,0,train,0.9666288193783819,out-of-fold,1,High,
U0101,2008-08-05 00:04:00,0,train,0.5027020402701421,out-of-fold,1,High,
U0102,2008-08-05 01:12:00,0,train,0.4485706999221549,out-of-fold,1,High,
U0103,2008-08-05 02:15:00,0,train,0.332064264760993,out-of-fold,0,Medium,
U0104,2008-08-05 02:36:00,0,train,0.7620470927677192,out-of-fold,1,High,
U0105,2008-08-05 02:45:00,0,train,0.5592190181287935,out-of-fold,1,High,
U0106,2008-08-05 03:17:00,0,train,0.8743734688860771,out-of-fold,1,High,
U0107,2008-08-05 03:36:00,0,train,0.5805728564592684,out-of-fold,1,High,
U0108,2008-08-05 03:54:00,0,train,0.8211530281995342,out-of-fold,1,High,
U0109,2008-08-05 04:32:00,0,train,0.5619862229425139,out-of-fold,1,High,
U0110,2008-08-05 04:35:00,0,train,0.3083000963949166,out-of-fold,0,Medium,
U0111,2008-08-05 05:11:00,0,train,0.7281940889427677,out-of-fold,1,High,
U0112,2008-08-05 06:10:00,0,train,0.508105496037119,out-of-fold,1,High,
U0113,2008-08-05 06:11:00,0,train,0.4771660349926189,out-of-fold,1,High,
U0114,2008-08-05 06:21:00,0,train,0.7275588322592562,out-of-fold,1,High,
U0115,2008-08-05 07:12:00,0,train,0.8852516362921841,out-of-fold,1,High,
U0116,2008-08-05 07:12:00,1,train,0.8776839063691826,out-of-fold,1,High,
U0117,2008-08-05 07:48:00,0,train,0.43750760646984765,out-of-fold,1,High,
U0118,2008-08-05 08:50:00,0,train,0.7681987845546037,out-of-fold,1,High,
U0119,2008-08-05 09:48:00,0,train,0.5081782991555222,out-of-fold,1,High,
U0120,2008-08-05 14:17:00,0,train,0.832196592508996,out-of-fold,1,High,
U0121,2008-08-05 14:45:00,0,train,0.6522163086259963,out-of-fold,1,High,
U0122,2008-08-05 15:45:00,0,train,0.6875952504148308,out-of-fold,1,High,
U0123,2008-08-05 20:04:00,0,train,0.6120208743093543,out-of-fold,1,High,
U0124,2008-08-05 21:07:00,0,train,0.7600753614610378,out-of-fold,1,High,
U0125,2008-08-05 21:22:00,0,train,0.3152664670455788,out-of-fold,0,Medium,
U0126,2008-08-05 23:02:00,0,train,0.7030987655873617,out-of-fold,1,High,
U0127,2008-08-05 23:06:00,0,train,0.7701044878685894,out-of-fold,1,High,
U0128,2008-08-05 23:38:00,0,train,0.6515438182487705,out-of-fold,1,High,
U0129,2008-08-06 00:04:00,0,train,0.6091150222884845,out-of-fold,1,High,
U0130,2008-08-06 02:20:00,0,train,0.6475357297574442,out-of-fold,1,High,
U0131,2008-08-06 03:22:00,0,train,0.743520589912702,out-of-fold,1,High,
U0132,2008-08-06 05:40:00,1,train,0.6848384808969118,out-of-fold,1,High,
U0133,2008-08-06 09:56:00,0,train,0.4795607620205029,out-of-fold,1,High,
U0134,2008-08-06 09:57:00,0,train,0.389683634769076,out-of-fold,1,High,
U0135,2008-08-06 12:33:00,0,train,0.6851427218982775,out-of-fold,1,High,
U0136,2008-08-06 13:35:00,0,train,0.6671051826273943,out-of-fold,1,High,
U0137,2008-08-06 17:35:00,0,train,0.693147754940121,out-of-fold,1,High,
U0138,2008-08-06 18:00:00,0,train,0.4968885636684558,out-of-fold,1,High,
U0139,2008-08-06 18:34:00,0,train,0.7967724964554228,out-of-fold,1,High,
U0140,2008-08-06 19:13:00,0,train,0.6357007380869062,out-of-fold,1,High,
U0141,2008-08-06 19:24:00,0,train,0.16058242042622733,out-of-fold,0,Low,
U0142,2008-08-06 20:00:00,0,train,0.16757721044410245,out-of-fold,0,Low,
U0143,2008-08-06 20:17:00,0,train,0.20998935672748353,out-of-fold,0,Medium,
U0144,2008-08-06 21:15:00,0,train,0.6470871981337217,out-of-fold,1,High,
U0145,2008-08-06 22:27:00,0,train,0.8664943081895793,out-of-fold,1,High,
U0146,2008-08-06 23:40:00,0,train,0.7348943712651357,out-of-fold,1,High,
U0147,2008-08-06 23:45:00,0,train,0.6370517687142211,out-of-fold,1,High,
U0148,2008-08-07 00:51:00,0,train,0.8013210661044095,out-of-fold,1,High,
U0149,2008-08-07 07:30:00,0,train,0.6548429209804656,out-of-fold,1,High,
U0150,2008-08-07 08:21:00,0,train,0.38395010099806,out-of-fold,1,High,
U0151,2008-08-07 08:45:00,0,train,0.33051331372345455,out-of-fold,0,Medium,
U0152,2008-08-07 08:55:00,0,train,0.47334238262045725,out-of-fold,1,High,
U0153,2008-08-07 10:12:00,0,train,0.8678432782113354,out-of-fold,1,High,
U0154,2008-08-07 11:10:00,0,train,0.8346515277725659,out-of-fold,1,High,
U0155,2008-08-07 11:40:00,1,train,0.5893383630090225,out-of-fold,1,High,
U0156,2008-08-08 04:55:00,0,train,0.4293896962812836,out-of-fold,1,High,
U0157,2008-08-08 07:26:00,0,train,0.5938405779988841,out-of-fold,1,High,
U0158,2008-08-08 08:44:00,1,train,0.42706236536978937,out-of-fold,1,High,
U0159,2008-08-08 12:37:00,1,train,0.14692898466869866,out-of-fold,0,Low,
U0160,2008-08-08 20:21:00,0,train,0.761765855082823,out-of-fold,1,High,
U0161,2008-08-08 21:22:00,0,train,0.5442499645834334,out-of-fold,1,High,
U0162,2008-08-08 21:53:00,0,train,0.8139195545096318,out-of-fold,1,High,
U0163,2008-08-08 22:06:00,0,train,0.6622176810885965,out-of-fold,1,High,
U0164,2008-08-08 22:25:00,0,train,0.21386819780058475,out-of-fold,0,Medium,
U0165,2008-08-09 02:15:00,0,train,0.4210660352518887,out-of-fold,1,High,
U0166,2008-08-09 02:37:00,0,train,0.8702114553989737,out-of-fold,1,High,
U0167,2008-08-09 06:05:00,0,train,0.5916767758167726,out-of-fold,1,High,
U0168,2008-08-09 09:16:00,1,train,0.9372652922862812,out-of-fold,1,High,
U0169,2008-08-09 09:22:00,0,train,0.7925989651127847,out-of-fold,1,High,
U0170,2008-08-09 11:42:00,1,train,0.8594362569470511,out-of-fold,1,High,
U0171,2008-08-09 17:34:00,0,train,0.870646874033409,out-of-fold,1,High,
U0172,2008-08-09 19:03:00,0,train,0.8569054544427599,out-of-fold,1,High,
U0173,2008-08-09 20:04:00,0,train,0.7090458859508997,out-of-fold,1,High,
U0174,2008-08-09 21:07:00,0,train,0.6463567580395762,out-of-fold,1,High,
U0175,2008-08-09 22:15:00,0,train,0.8825601869614863,out-of-fold,1,High,
U0176,2008-08-09 22:37:00,0,train,0.5880102191859955,out-of-fold,1,High,
U0177,2008-08-09 23:17:00,0,train,0.24026039010233075,out-of-fold,0,Medium,
U0178,2008-08-09 23:34:00,0,train,0.22353177178700456,out-of-fold,0,Medium,
U0179,2008-08-10 00:09:00,0,train,0.5721698115390161,out-of-fold,1,High,
U0180,2008-08-10 00:46:00,0,train,0.7752167009827743,out-of-fold,1,High,
U0181,2008-08-10 06:00:00,1,train,0.7069786260353543,out-of-fold,1,High,
U0182,2008-08-10 06:41:00,0,train,0.4341169810976026,out-of-fold,1,High,
U0183,2008-08-10 07:01:00,1,train,0.7113161607412217,out-of-fold,1,High,
U0184,2008-08-10 11:16:00,0,train,0.606284134216912,out-of-fold,1,High,
U0185,2008-08-10 11:49:00,0,train,0.4733973170793774,out-of-fold,1,High,
U0186,2008-08-10 12:22:00,0,train,0.6298435217183411,out-of-fold,1,High,
U0187,2008-08-10 15:59:00,1,train,0.9859809237082158,out-of-fold,1,High,
U0188,2008-08-10 19:07:00,0,train,0.5420327420665039,out-of-fold,1,High,
U0189,2008-08-10 20:07:00,1,train,0.774464152682874,out-of-fold,1,High,
U0190,2008-08-10 22:26:00,1,train,0.8495782946393275,out-of-fold,1,High,
U0191,2008-08-11 03:06:00,0,train,0.6087979744321875,out-of-fold,1,High,
U0192,2008-08-11 04:09:00,0,train,0.6035785921307883,out-of-fold,1,High,
U0193,2008-08-11 05:15:00,0,train,0.8299277417589548,out-of-fold,1,High,
U0194,2008-08-11 11:35:00,0,train,0.7537102129489246,out-of-fold,1,High,
U0195,2008-08-11 12:38:00,0,train,0.508470587852544,out-of-fold,1,High,
U0196,2008-08-12 04:23:00,0,train,0.6109611201224061,out-of-fold,1,High,
U0197,2008-08-12 06:16:00,0,train,0.8683166826312854,out-of-fold,1,High,
U0198,2008-08-12 10:54:00,0,train,0.37188145698361663,out-of-fold,1,High,
U0199,2008-08-12 11:29:00,0,train,0.4117329328859412,out-of-fold,1,High,
U0200,2008-08-12 12:04:00,0,train,0.8612249575076483,out-of-fold,1,High,
U0201,2008-08-13 02:48:00,0,train,0.8575290216967053,out-of-fold,1,High,
U0202,2008-08-15 03:26:00,0,train,0.09545588685146164,out-of-fold,0,Low,
U0203,2008-08-15 04:14:00,0,train,0.810689200037064,out-of-fold,1,High,
U0204,2008-08-15 05:13:00,0,train,0.8724896082867144,out-of-fold,1,High,
U0205,2008-08-15 09:38:00,0,train,0.29624453126365796,out-of-fold,0,Medium,
U0206,2008-08-15 10:14:00,0,train,0.4082818510928502,out-of-fold,1,High,
U0207,2008-08-15 11:42:00,0,train,0.7270294224108533,out-of-fold,1,High,
U0208,2008-08-15 18:19:00,0,train,0.9167408657450824,out-of-fold,1,High,
U0209,2008-08-15 19:19:00,0,train,0.5239648610153862,out-of-fold,1,High,
U0210,2008-08-15 20:00:00,0,train,0.4893189273597932,out-of-fold,1,High,
U0211,2008-08-15 20:03:00,0,train,0.5606245573874366,out-of-fold,1,High,
U0212,2008-08-15 23:31:00,0,train,0.19753675357304157,out-of-fold,0,Medium,
U0213,2008-08-16 02:21:00,0,train,0.8250071831655913,out-of-fold,1,High,
U0214,2008-08-16 05:47:00,0,train,0.7948471360263174,out-of-fold,1,High,
U0215,2008-08-16 06:52:00,0,train,0.7790949087173669,out-of-fold,1,High,
U0216,2008-08-16 07:33:00,0,train,0.7579881777536315,out-of-fold,1,High,
U0217,2008-08-16 08:39:00,0,train,0.9055574118450537,out-of-fold,1,High,
U0218,2008-08-16 08:41:00,0,train,0.38617453943749186,out-of-fold,1,High,
U0219,2008-08-16 09:44:00,1,train,0.727073458124902,out-of-fold,1,High,
U0220,2008-08-16 13:51:00,0,train,0.8844400415412905,out-of-fold,1,High,
U0221,2008-08-16 14:30:00,0,train,0.5166106528442733,out-of-fold,1,High,
U0222,2008-08-16 15:16:00,0,train,0.8344075166505641,out-of-fold,1,High,
U0223,2008-08-16 15:19:00,1,train,0.6848641813789,out-of-fold,1,High,
U0224,2008-08-16 23:48:00,0,train,0.6224927047073665,out-of-fold,1,High,
U0225,2008-08-17 00:52:00,0,train,0.49662776786836926,out-of-fold,1,High,
U0226,2008-08-17 01:53:00,0,train,0.49312139067977045,out-of-fold,1,High,
U0227,2008-08-17 03:17:00,0,train,0.4936354759333983,out-of-fold,1,High,
U0228,2008-08-17 03:18:00,0,train,0.48301285689148815,out-of-fold,1,High,
U0229,2008-08-17 03:46:00,0,train,0.7736788115728924,out-of-fold,1,High,
U0230,2008-08-17 04:19:00,0,train,0.6292616831963151,out-of-fold,1,High,
U0231,2008-08-17 05:21:00,0,train,0.6623606381901159,out-of-fold,1,High,
U0232,2008-08-17 12:16:00,1,train,0.3166300171462506,out-of-fold,0,Medium,
U0233,2008-08-17 13:34:00,0,train,0.2311231159448294,out-of-fold,0,Medium,
U0234,2008-08-17 14:21:00,0,train,0.21716454777216548,out-of-fold,0,Medium,
U0235,2008-08-17 15:25:00,0,train,0.30009137024388566,out-of-fold,0,Medium,
U0236,2008-08-17 21:26:00,1,train,0.34659181825855356,out-of-fold,1,High,
U0237,2008-08-17 22:03:00,1,train,0.7650478783670351,out-of-fold,1,High,
U0238,2008-08-17 22:21:00,0,train,0.5254352406851067,out-of-fold,1,High,
U0239,2008-08-17 23:04:00,1,train,0.5557371786307407,out-of-fold,1,High,
U0240,2008-08-17 23:20:00,0,train,0.41955327415679655,out-of-fold,1,High,
U0241,2008-08-17 23:55:00,1,train,0.3376714351706492,out-of-fold,1,High,
U0242,2008-08-18 00:02:00,1,train,0.8665396021660224,out-of-fold,1,High,
U0243,2008-08-18 00:20:00,0,train,0.5691695157759371,out-of-fold,1,High,
U0244,2008-08-18 01:23:00,1,train,0.9204086743237249,out-of-fold,1,High,
U0245,2008-08-18 04:01:00,1,train,0.7366779383430415,out-of-fold,1,High,
U0246,2008-08-18 04:12:00,0,train,0.6776095620864029,out-of-fold,1,High,
U0247,2008-08-18 04:35:00,0,train,0.4493228053183945,out-of-fold,1,High,
U0248,2008-08-18 05:03:00,0,train,0.6262152035387383,out-of-fold,1,High,
U0249,2008-08-18 05:25:00,0,train,0.5505933568701505,out-of-fold,1,High,
U0250,2008-08-18 06:07:00,0,train,0.17085907492350236,out-of-fold,0,Medium,
U0251,2008-08-18 06:11:00,0,train,0.24324151736523042,out-of-fold,0,Medium,
U0252,2008-08-18 06:26:00,0,train,0.14967658154456245,out-of-fold,0,Low,
U0253,2008-08-18 07:11:00,0,train,0.1619752171798347,out-of-fold,0,Low,
U0254,2008-08-18 07:23:00,0,train,0.6026195584776509,out-of-fold,1,High,
U0255,2008-08-18 07:29:00,0,train,0.6236158341902374,out-of-fold,1,High,
U0256,2008-08-18 08:18:00,0,train,0.6081339176532332,out-of-fold,1,High,
U0257,2008-08-18 08:31:00,0,train,0.5940701294902104,out-of-fold,1,High,
U0258,2008-08-18 10:13:00,0,train,0.614360495214201,out-of-fold,1,High,
U0259,2008-08-18 11:04:00,0,train,0.1402262802192653,out-of-fold,0,Low,
U0260,2008-08-18 12:00:00,0,train,0.5102080538769858,out-of-fold,1,High,
U0261,2008-08-18 12:06:00,0,train,0.304122284791866,out-of-fold,0,Medium,
U0262,2008-08-18 12:22:00,0,train,0.44903888422910354,out-of-fold,1,High,
U0263,2008-08-18 12:49:00,0,train,0.6638634594669852,out-of-fold,1,High,
U0264,2008-08-18 13:07:00,0,train,0.11239953785387378,out-of-fold,0,Low,
U0265,2008-08-18 14:01:00,0,train,0.3742261624080899,out-of-fold,1,High,
U0266,2008-08-18 14:04:00,0,train,0.7321490932179144,out-of-fold,1,High,
U0267,2008-08-18 14:45:00,0,train,0.3147320869067607,out-of-fold,0,Medium,
U0268,2008-08-18 15:00:00,0,train,0.7803107724176976,out-of-fold,1,High,
U0269,2008-08-18 15:26:00,0,train,0.3660022381789022,out-of-fold,1,High,
U0270,2008-08-18 15:30:00,0,train,0.832459933191444,out-of-fold,1,High,
U0271,2008-08-18 15:33:00,0,train,0.5262094445337717,out-of-fold,1,High,
U0272,2008-08-18 15:41:00,0,train,0.8399548869545268,out-of-fold,1,High,
U0273,2008-08-18 16:19:00,0,train,0.42534920977272694,out-of-fold,1,High,
U0274,2008-08-18 17:13:00,1,train,0.34334391021398625,out-of-fold,1,High,
U0275,2008-08-18 17:16:00,0,train,0.27209193959004124,out-of-fold,0,Medium,
U0276,2008-08-18 17:37:00,0,train,0.9992316167937665,out-of-fold,1,High,
U0277,2008-08-18 19:24:00,0,train,0.31582685679157174,out-of-fold,0,Medium,
U0278,2008-08-18 19:54:00,1,train,0.5536157510478004,out-of-fold,1,High,
U0279,2008-08-18 23:00:00,0,train,0.5639885841926882,out-of-fold,1,High,
U0280,2008-08-18 23:03:00,0,train,0.6167487039108756,out-of-fold,1,High,
U0281,2008-08-18 23:47:00,0,train,0.8091924825763029,out-of-fold,1,High,
U0282,2008-08-19 01:10:00,0,train,0.15453227123277427,out-of-fold,0,Low,
U0283,2008-08-19 03:59:00,1,train,0.5344972525135054,out-of-fold,1,High,
U0284,2008-08-19 04:58:00,0,train,0.5166358800025903,out-of-fold,1,High,
U0285,2008-08-19 05:09:00,0,train,0.17564889835772152,out-of-fold,0,Medium,
U0286,2008-08-19 05:11:00,0,train,0.4798788080244124,out-of-fold,1,High,
U0287,2008-08-19 05:11:00,0,train,0.18176868831086723,out-of-fold,0,Medium,
U0288,2008-08-19 05:40:00,0,train,0.7386347270478111,out-of-fold,1,High,
U0289,2008-08-19 05:41:00,0,train,0.5666502517262915,out-of-fold,1,High,
U0290,2008-08-19 05:53:00,0,train,0.8287094272635127,out-of-fold,1,High,
U0291,2008-08-19 05:54:00,0,train,0.3705644070758116,out-of-fold,1,High,
U0292,2008-08-19 05:56:00,1,train,0.8327014558198755,out-of-fold,1,High,
U0293,2008-08-19 06:24:00,0,train,0.43237325572618535,out-of-fold,1,High,
U0294,2008-08-19 07:43:00,0,train,0.192867323121454,out-of-fold,0,Medium,
U0295,2008-08-19 07:58:00,1,train,0.8025510988411758,out-of-fold,1,High,
U0296,2008-08-19 08:01:00,0,train,0.9099795608429581,out-of-fold,1,High,
U0297,2008-08-19 08:07:00,0,train,0.27389200194533925,out-of-fold,0,Medium,
U0298,2008-08-19 08:33:00,0,train,0.0976918631287621,out-of-fold,0,Low,
U0299,2008-08-19 09:04:00,0,train,0.7224606960963631,out-of-fold,1,High,
U0300,2008-08-19 09:05:00,0,train,0.5907220877242003,out-of-fold,1,High,
U0301,2008-08-19 10:46:00,0,train,0.8226384448448665,out-of-fold,1,High,
U0302,2008-08-19 11:11:00,0,train,0.5983637361689305,out-of-fold,1,High,
U0303,2008-08-19 11:13:00,0,train,0.5437506191468239,out-of-fold,1,High,
U0304,2008-08-19 11:13:00,0,train,0.8092944242747426,out-of-fold,1,High,
U0305,2008-08-19 11:28:00,0,train,0.1915890163410751,out-of-fold,0,Medium,
U0306,2008-08-19 11:44:00,0,train,0.4840659933877871,out-of-fold,1,High,
U0307,2008-08-19 11:46:00,0,train,0.7814051734791465,out-of-fold,1,High,
U0308,2008-08-19 11:57:00,0,train,0.354539309074702,out-of-fold,1,High,
U0309,2008-08-19 11:58:00,0,train,0.7930473979567756,out-of-fold,1,High,
U0310,2008-08-19 12:30:00,0,train,0.6008262330533243,out-of-fold,1,High,
U0311,2008-08-19 15:33:00,0,train,0.46459756844354294,out-of-fold,1,High,
U0312,2008-08-19 18:12:00,0,train,0.2718615867277906,out-of-fold,0,Medium,
U0313,2008-08-19 18:12:00,0,train,0.8028656456557124,out-of-fold,1,High,
U0314,2008-08-19 18:30:00,0,train,0.06933297926264767,out-of-fold,0,Low,
U0315,2008-08-19 18:30:00,0,train,0.7658930019279883,out-of-fold,1,High,
U0316,2008-08-19 19:38:00,0,train,0.7243689543718368,out-of-fold,1,High,
U0317,2008-08-19 20:53:00,0,train,0.6145259527673814,out-of-fold,1,High,
U0318,2008-08-20 00:05:00,0,train,0.37278408778023214,out-of-fold,1,High,
U0319,2008-08-20 01:33:00,0,train,0.2556309261660886,out-of-fold,0,Medium,
U0320,2008-08-20 01:42:00,0,train,0.17533857785374324,out-of-fold,0,Medium,
U0321,2008-08-20 02:13:00,0,train,0.29685016080153936,out-of-fold,0,Medium,
U0322,2008-08-20 02:27:00,1,train,0.5085891266931841,out-of-fold,1,High,
U0323,2008-08-20 03:00:00,0,train,0.1278399244488642,out-of-fold,0,Low,
U0324,2008-08-20 03:12:00,1,train,0.715421272038373,out-of-fold,1,High,
U0325,2008-08-20 06:36:00,0,train,0.8829651510527747,out-of-fold,1,High,
U0326,2008-08-20 07:12:00,0,train,0.43324511601161475,out-of-fold,1,High,
U0327,2008-08-20 08:40:00,1,train,0.6857450953807016,out-of-fold,1,High,
U0328,2008-08-20 09:17:00,1,train,0.3422237264511494,out-of-fold,1,High,
U0329,2008-08-20 10:26:00,0,train,0.4366183921186609,out-of-fold,1,High,
U0330,2008-08-20 16:08:00,0,train,0.11283429021799282,out-of-fold,0,Low,
U0331,2008-08-20 16:16:00,0,train,0.5011819393002287,out-of-fold,1,High,
U0332,2008-08-20 17:09:00,0,train,0.2854766189919278,out-of-fold,0,Medium,
U0333,2008-08-20 17:35:00,0,train,0.3974740020616284,out-of-fold,1,High,
U0334,2008-08-20 17:36:00,0,train,0.5418459563212495,out-of-fold,1,High,
U0335,2008-08-20 18:29:00,0,train,0.4501511090170439,out-of-fold,1,High,
U0336,2008-08-20 18:35:00,0,train,0.11380753585600197,out-of-fold,0,Low,
U0337,2008-08-20 19:20:00,1,train,0.577805328026967,out-of-fold,1,High,
U0338,2008-08-20 20:19:00,0,train,0.16176752174669093,out-of-fold,0,Low,
U0339,2008-08-20 21:33:00,0,train,0.14872121611183203,out-of-fold,0,Low,
U0340,2008-08-20 21:41:00,0,train,0.07955345145169207,out-of-fold,0,Low,
U0341,2008-08-20 21:58:00,0,train,0.18905551032551215,out-of-fold,0,Medium,
U0342,2008-08-20 22:13:00,0,train,0.22117729822351276,out-of-fold,0,Medium,
U0343,2008-08-20 22:45:00,0,train,0.545015641548579,out-of-fold,1,High,
U0344,2008-08-20 23:18:00,0,train,0.19901434721509498,out-of-fold,0,Medium,
U0345,2008-08-20 23:43:00,1,train,0.2735269240443245,out-of-fold,0,Medium,
U0346,2008-08-21 02:11:00,0,train,0.10325078511806288,out-of-fold,0,Low,
U0347,2008-08-21 02:46:00,0,train,0.1382243796302587,out-of-fold,0,Low,
U0348,2008-08-21 04:22:00,0,train,0.6144899824955382,out-of-fold,1,High,
U0349,2008-08-21 04:29:00,0,train,0.2917644039936227,out-of-fold,0,Medium,
U0350,2008-08-21 05:06:00,0,train,0.16234220165918195,out-of-fold,0,Low,
U0351,2008-08-21 05:15:00,0,train,0.4439367227286508,out-of-fold,1,High,
U0352,2008-08-21 06:10:00,1,train,0.7613031640096941,out-of-fold,1,High,
U0353,2008-08-21 11:22:00,0,train,0.22527616131024303,out-of-fold,0,Medium,
U0354,2008-08-21 12:00:00,0,train,0.5086569083887483,out-of-fold,1,High,
U0355,2008-08-21 12:31:00,0,train,0.7918315764195618,out-of-fold,1,High,
U0356,2008-08-21 12:33:00,0,train,0.27383524599049414,out-of-fold,0,Medium,
U0357,2008-08-21 12:43:00,0,train,0.552190294717615,out-of-fold,1,High,
U0358,2008-08-21 12:52:00,0,train,0.5750755655846671,out-of-fold,1,High,
U0359,2008-08-21 13:11:00,0,train,0.12665897515483565,out-of-fold,0,Low,
U0360,2008-08-21 13:19:00,0,train,0.2281686889341837,out-of-fold,0,Medium,
U0361,2008-08-21 13:29:00,0,train,0.7794347289302828,out-of-fold,1,High,
U0362,2008-08-21 13:45:00,0,train,0.30591978826777044,out-of-fold,0,Medium,
U0363,2008-08-21 14:47:00,0,train,0.6201693509480768,out-of-fold,1,High,
U0364,2008-08-21 15:05:00,0,train,0.17122383872192454,out-of-fold,0,Medium,
U0365,2008-08-21 15:06:00,0,train,0.44166805991387914,out-of-fold,1,High,
U0366,2008-08-21 15:32:00,0,train,0.5237912087342131,out-of-fold,1,High,
U0367,2008-08-21 15:48:00,0,train,0.16940736063070866,out-of-fold,0,Medium,
U0368,2008-08-21 15:50:00,0,train,0.6323798349685774,out-of-fold,1,High,
U0369,2008-08-21 16:19:00,1,train,0.526091150203164,out-of-fold,1,High,
U0370,2008-08-21 16:36:00,0,train,0.19460215578459564,out-of-fold,0,Medium,
U0371,2008-08-21 17:25:00,0,train,0.2003321183659975,out-of-fold,0,Medium,
U0372,2008-08-21 17:44:00,0,train,0.8742256004198504,out-of-fold,1,High,
U0373,2008-08-21 18:04:00,0,train,0.21759111679339382,out-of-fold,0,Medium,
U0374,2008-08-21 18:05:00,1,train,0.30315071217976813,out-of-fold,0,Medium,
U0375,2008-08-21 18:39:00,0,train,0.2821025836629564,out-of-fold,0,Medium,
U0376,2008-08-21 18:53:00,0,train,0.09051461949276823,out-of-fold,0,Low,
U0377,2008-08-21 19:12:00,0,train,0.09506331527568482,out-of-fold,0,Low,
U0378,2008-08-21 19:12:00,0,train,0.49901935358121374,out-of-fold,1,High,
U0379,2008-08-21 19:46:00,0,train,0.30210382156332016,out-of-fold,0,Medium,
U0380,2008-08-21 20:19:00,0,train,0.6568202619283822,out-of-fold,1,High,
U0381,2008-08-21 20:21:00,0,train,0.6818590568012395,out-of-fold,1,High,
U0382,2008-08-21 20:37:00,0,train,0.41091299569298334,out-of-fold,1,High,
U0383,2008-08-21 21:32:00,0,train,0.4949670174608324,out-of-fold,1,High,
U0384,2008-08-21 22:25:00,0,train,0.11959819789687906,out-of-fold,0,Low,
U0385,2008-08-21 22:41:00,0,train,0.1691318420850486,out-of-fold,0,Medium,
U0386,2008-08-21 23:08:00,0,train,0.4378862842081466,out-of-fold,1,High,
U0387,2008-08-21 23:27:00,0,train,0.3334150697214955,out-of-fold,0,Medium,
U0388,2008-08-21 23:53:00,0,train,0.6652897588173667,out-of-fold,1,High,
U0389,2008-08-21 23:57:00,0,train,0.12217299012848994,out-of-fold,0,Low,
U0390,2008-08-22 00:43:00,0,train,0.29400502338700474,out-of-fold,0,Medium,
U0391,2008-08-22 00:44:00,0,train,0.23301538110729353,out-of-fold,0,Medium,
U0392,2008-08-22 00:47:00,0,train,0.5384560148449088,out-of-fold,1,High,
U0393,2008-08-22 01:04:00,1,train,0.4770144273821094,out-of-fold,1,High,
U0394,2008-08-22 01:26:00,0,train,0.2759082147833609,out-of-fold,0,Medium,
U0395,2008-08-22 01:27:00,0,train,0.43079058628201533,out-of-fold,1,High,
U0396,2008-08-22 01:54:00,0,train,0.4906703500953419,out-of-fold,1,High,
U0397,2008-08-22 02:01:00,0,train,0.22272550121866447,out-of-fold,0,Medium,
U0398,2008-08-22 02:25:00,0,train,0.6138968204535709,out-of-fold,1,High,
U0399,2008-08-22 02:52:00,0,train,0.11151176575867511,out-of-fold,0,Low,
U0400,2008-08-22 03:18:00,0,train,0.5153363731490189,out-of-fold,1,High,
U0401,2008-08-22 03:58:00,0,train,0.38572787860635943,out-of-fold,1,High,
U0402,2008-08-22 04:40:00,0,train,0.19631722508030916,out-of-fold,0,Medium,
U0403,2008-08-22 04:57:00,0,train,0.5621539539958179,out-of-fold,1,High,
U0404,2008-08-22 05:21:00,0,train,0.3297168031699038,out-of-fold,0,Medium,
U0405,2008-08-22 05:31:00,0,train,0.26390692575001096,out-of-fold,0,Medium,
U0406,2008-08-22 05:32:00,0,train,0.31440885632233634,out-of-fold,0,Medium,
U0407,2008-08-22 06:00:00,1,train,0.6943145978536333,out-of-fold,1,High,
U0408,2008-08-22 07:04:00,0,train,0.2656004173943296,out-of-fold,0,Medium,
U0409,2008-08-22 07:17:00,0,train,0.6216675932820123,out-of-fold,1,High,
U0410,2008-08-22 07:27:00,0,train,0.4396441103484699,out-of-fold,1,High,
U0411,2008-08-22 09:29:00,0,train,0.7451405520303236,out-of-fold,1,High,
U0412,2008-08-22 09:29:00,0,train,0.29674180932296107,out-of-fold,0,Medium,
U0413,2008-08-22 10:01:00,0,train,0.4177646784197754,out-of-fold,1,High,
U0414,2008-08-22 10:18:00,0,train,0.2335273925863453,out-of-fold,0,Medium,
U0415,2008-08-22 10:47:00,0,train,0.14594536506088465,out-of-fold,0,Low,
U0416,2008-08-22 11:32:00,0,train,0.38528276655352345,out-of-fold,1,High,
U0417,2008-08-22 12:13:00,0,train,0.43140764977971435,out-of-fold,1,High,
U0418,2008-08-22 12:37:00,0,train,0.32377504662733414,out-of-fold,0,Medium,
U0419,2008-08-22 12:42:00,0,train,0.3373881796965089,out-of-fold,0,Medium,
U0420,2008-08-22 13:22:00,0,train,0.2501592653455782,out-of-fold,0,Medium,
U0421,2008-08-22 14:45:00,0,train,0.26179546127724046,out-of-fold,0,Medium,
U0422,2008-08-22 15:25:00,0,train,0.2398859379301176,out-of-fold,0,Medium,
U0423,2008-08-22 15:39:00,0,train,0.16956283592731614,out-of-fold,0,Medium,
U0424,2008-08-22 15:54:00,0,train,0.6441171768046147,out-of-fold,1,High,
U0425,2008-08-22 19:14:00,1,train,0.23330163407141158,out-of-fold,0,Medium,
U0426,2008-08-22 23:46:00,0,train,0.14077989114399464,out-of-fold,0,Low,
U0427,2008-08-22 23:47:00,0,train,0.18913878084064967,out-of-fold,0,Medium,
U0428,2008-08-22 23:49:00,0,train,0.10984157162144095,out-of-fold,0,Low,
U0429,2008-08-22 23:56:00,0,train,0.1944263450283069,out-of-fold,0,Medium,
U0430,2008-08-23 02:04:00,0,train,0.06959613644663618,out-of-fold,0,Low,
U0431,2008-08-23 03:26:00,0,train,0.17970492680129507,out-of-fold,0,Medium,
U0432,2008-08-23 04:50:00,0,train,0.30901150107356806,out-of-fold,0,Medium,
U0433,2008-08-23 04:52:00,0,train,0.137765271672748,out-of-fold,0,Low,
U0434,2008-08-23 05:57:00,0,train,0.2037117337259422,out-of-fold,0,Medium,
U0435,2008-08-23 05:57:00,0,train,0.16140199265178004,out-of-fold,0,Low,
U0436,2008-08-23 05:58:00,0,train,0.5473379334279487,out-of-fold,1,High,
U0437,2008-08-23 05:58:00,0,train,0.18776329036031114,out-of-fold,0,Medium,
U0438,2008-08-23 09:24:00,0,train,0.4783433643367905,out-of-fold,1,High,
U0439,2008-08-23 12:58:00,0,train,0.3335798432279071,out-of-fold,0,Medium,
U0440,2008-08-23 13:02:00,0,train,0.25139484150038555,out-of-fold,0,Medium,
U0441,2008-08-23 15:10:00,0,train,0.30302890992356213,out-of-fold,0,Medium,
U0442,2008-08-23 15:29:00,1,train,0.24805390520663206,out-of-fold,0,Medium,
U0443,2008-08-24 02:32:00,0,train,0.22642853693614806,out-of-fold,0,Medium,
U0444,2008-08-24 04:00:00,0,train,0.1526083745179409,out-of-fold,0,Low,
U0445,2008-08-24 07:12:00,0,train,0.08102276632370263,out-of-fold,0,Low,
U0446,2008-08-24 07:14:00,0,train,0.5210631639039545,out-of-fold,1,High,
U0447,2008-08-24 10:09:00,0,train,0.35833442283752814,out-of-fold,1,High,
U0448,2008-08-24 10:14:00,0,train,0.5646681923497746,out-of-fold,1,High,
U0449,2008-08-24 13:03:00,1,train,0.7005389554699359,out-of-fold,1,High,
U0450,2008-08-25 09:29:00,0,train,0.34034614922506656,out-of-fold,1,High,
U0451,2008-08-27 00:46:00,0,train,0.20889237933683502,out-of-fold,0,Medium,
U0452,2008-08-27 11:38:00,0,train,0.06771718494821785,out-of-fold,0,Low,
U0453,2008-08-27 12:22:00,0,train,0.10282762384884617,out-of-fold,0,Low,
U0454,2008-08-27 13:35:00,0,train,0.20270373465926028,out-of-fold,0,Medium,
U0455,2008-08-27 14:18:00,0,train,0.20878417335644844,out-of-fold,0,Medium,
U0456,2008-08-27 17:14:00,0,train,0.2932517251620887,out-of-fold,0,Medium,
U0457,2008-08-27 22:48:00,0,train,0.18029380670908282,out-of-fold,0,Medium,
U0458,2008-08-27 22:58:00,0,train,0.9999921148641522,out-of-fold,1,High,
U0459,2008-08-28 03:03:00,0,train,0.47926683346721977,out-of-fold,1,High,
U0460,2008-08-28 03:04:00,0,train,0.3374975626499769,out-of-fold,0,Medium,
U0461,2008-08-28 03:29:00,0,train,0.49129405579314167,out-of-fold,1,High,
U0462,2008-08-28 03:38:00,0,train,0.46099925704014216,out-of-fold,1,High,
U0463,2008-08-28 03:45:00,0,train,0.21510977551756633,out-of-fold,0,Medium,
U0464,2008-08-28 04:10:00,0,train,0.4698117716100583,out-of-fold,1,High,
U0465,2008-08-28 04:20:00,0,train,0.09140883100152311,out-of-fold,0,Low,
U0466,2008-08-28 04:54:00,0,train,0.193911832518407,out-of-fold,0,Medium,
U0467,2008-08-28 05:00:00,0,train,0.3306036844367317,out-of-fold,0,Medium,
U0468,2008-08-28 06:15:00,0,train,0.25280241021023775,out-of-fold,0,Medium,
U0469,2008-08-28 06:39:00,0,train,0.27505274414653924,out-of-fold,0,Medium,
U0470,2008-08-28 06:56:00,0,train,0.44182588652669397,out-of-fold,1,High,
U0471,2008-08-28 07:40:00,0,train,0.45816898224987707,out-of-fold,1,High,
U0472,2008-08-28 07:51:00,0,train,0.11807394545755165,out-of-fold,0,Low,
U0473,2008-08-28 08:41:00,0,train,0.0529572608867146,out-of-fold,0,Low,
U0474,2008-08-28 09:46:00,0,train,0.14755372929225757,out-of-fold,0,Low,
U0475,2008-08-28 09:49:00,0,train,0.11597381175842694,out-of-fold,0,Low,
U0476,2008-08-28 10:15:00,0,train,0.10474249614251416,out-of-fold,0,Low,
U0477,2008-08-28 10:28:00,0,train,0.623765177366139,out-of-fold,1,High,
U0478,2008-08-28 10:32:00,0,train,0.1610002993836105,out-of-fold,0,Low,
U0479,2008-08-28 11:19:00,0,train,0.3853322068895493,out-of-fold,1,High,
U0480,2008-08-28 12:44:00,0,train,0.07043003930390036,out-of-fold,0,Low,
U0481,2008-08-28 14:48:00,0,train,0.1324907054443941,out-of-fold,0,Low,
U0482,2008-08-28 15:19:00,0,train,0.1535111978167475,out-of-fold,0,Low,
U0483,2008-08-28 16:01:00,0,train,0.06443525455824625,out-of-fold,0,Low,
U0484,2008-08-28 16:43:00,0,train,0.7498944586599363,out-of-fold,1,High,
U0485,2008-08-28 16:52:00,0,train,0.32152462495472967,out-of-fold,0,Medium,
U0486,2008-08-28 17:21:00,0,train,0.22571337909318495,out-of-fold,0,Medium,
U0487,2008-08-28 17:27:00,0,train,0.3977290355045927,out-of-fold,1,High,
U0488,2008-08-28 17:32:00,0,train,0.39977551033645564,out-of-fold,1,High,
U0489,2008-08-28 18:05:00,0,train,0.43851188248830153,out-of-fold,1,High,
U0490,2008-08-28 18:10:00,0,train,0.20025325074696437,out-of-fold,0,Medium,
U0491,2008-08-28 18:15:00,0,train,0.2061337846866021,out-of-fold,0,Medium,
U0492,2008-08-28 18:25:00,0,train,0.43250964793536373,out-of-fold,1,High,
U0493,2008-08-28 18:47:00,0,train,0.17921959312155178,out-of-fold,0,Medium,
U0494,2008-08-28 18:57:00,0,train,0.36546655208527784,out-of-fold,1,High,
U0495,2008-08-28 20:20:00,0,train,0.3932442269581258,out-of-fold,1,High,
U0496,2008-08-28 20:39:00,1,train,0.41736763652231595,out-of-fold,1,High,
U0497,2008-08-28 21:03:00,0,train,0.126854886578374,out-of-fold,0,Low,
U0498,2008-08-28 21:52:00,0,train,0.6980255885649949,out-of-fold,1,High,
U0499,2008-08-28 22:57:00,0,train,0.3554710154652113,out-of-fold,1,High,
U0500,2008-08-28 23:40:00,0,train,0.42051459699645743,out-of-fold,1,High,
U0501,2008-08-28 23:42:00,0,train,0.18752383952015148,out-of-fold,0,Medium,
U0502,2008-08-29 00:49:00,0,train,0.13059932353224257,out-of-fold,0,Low,
U0503,2008-08-29 01:06:00,0,train,0.17011331501880356,out-of-fold,0,Medium,
U0504,2008-08-29 02:38:00,0,train,0.044481725015483524,out-of-fold,0,Low,
U0505,2008-08-29 02:39:00,0,train,0.06226486712648736,out-of-fold,0,Low,
U0506,2008-08-29 03:27:00,0,train,0.31835644295044285,out-of-fold,0,Medium,
U0507,2008-08-29 03:33:00,0,train,0.43945072883453096,out-of-fold,1,High,
U0508,2008-08-29 03:46:00,0,train,0.17451522659164145,out-of-fold,0,Medium,
U0509,2008-08-29 04:55:00,1,train,0.38354667066963366,out-of-fold,1,High,
U0510,2008-08-29 04:56:00,0,train,0.05713281487444202,out-of-fold,0,Low,
U0511,2008-08-29 05:16:00,0,train,0.7775975516603935,out-of-fold,1,High,
U0512,2008-08-29 05:54:00,0,train,0.28228927314094465,out-of-fold,0,Medium,
U0513,2008-08-29 05:54:00,0,train,0.08491059733213954,out-of-fold,0,Low,
U0515,2008-08-29 05:57:00,0,train,0.2574290252210694,out-of-fold,0,Medium,
U0514,2008-08-29 05:57:00,0,train,0.164420723377621,out-of-fold,0,Low,
U0516,2008-08-29 06:35:00,0,train,0.2806243968319211,out-of-fold,0,Medium,
U0517,2008-08-29 06:37:00,0,train,0.3375718503903501,out-of-fold,0,Medium,
U0518,2008-08-29 06:40:00,0,train,0.5857133144190175,out-of-fold,1,High,
U0519,2008-08-29 06:45:00,1,train,0.27215806390857783,out-of-fold,0,Medium,
U0520,2008-08-29 06:54:00,0,train,0.3869303181792011,out-of-fold,1,High,
U0521,2008-08-29 07:18:00,0,train,0.5348062192806153,out-of-fold,1,High,
U0522,2008-08-29 07:22:00,0,train,0.13482008991177316,out-of-fold,0,Low,
U0523,2008-08-29 07:24:00,0,train,0.1975557271550536,out-of-fold,0,Medium,
U0524,2008-08-29 07:33:00,0,train,0.6044012909371604,out-of-fold,1,High,
U0525,2008-08-29 07:33:00,0,train,0.2250703032718575,out-of-fold,0,Medium,
U0526,2008-08-29 08:10:00,0,train,0.11298790628773922,out-of-fold,0,Low,
U0527,2008-08-29 08:20:00,0,train,0.3876342394214254,out-of-fold,1,High,
U0528,2008-08-29 08:41:00,0,train,0.3217514858816984,out-of-fold,0,Medium,
U0529,2008-08-29 08:45:00,0,train,0.41853293262421853,out-of-fold,1,High,
U0530,2008-08-29 12:21:00,0,train,0.4820884545271762,out-of-fold,1,High,
U0531,2008-08-29 12:22:00,0,train,0.32845622111817896,out-of-fold,0,Medium,
U0532,2008-08-29 12:37:00,0,train,0.18138252233965974,out-of-fold,0,Medium,
U0533,2008-08-29 13:04:00,0,train,0.3446524173398083,out-of-fold,1,High,
U0534,2008-08-29 13:14:00,0,train,0.2992075194885496,out-of-fold,0,Medium,
U0535,2008-08-29 13:27:00,0,train,0.38759806688198806,out-of-fold,1,High,
U0536,2008-08-29 13:49:00,0,train,0.22545523507567877,out-of-fold,0,Medium,
U0537,2008-08-29 14:11:00,0,train,0.135814303702227,out-of-fold,0,Low,
U0538,2008-08-29 14:18:00,0,train,0.11348772861276216,out-of-fold,0,Low,
U0539,2008-08-29 14:30:00,0,train,0.48865293296493506,out-of-fold,1,High,
U0540,2008-08-29 15:01:00,0,train,0.13081626452483994,out-of-fold,0,Low,
U0541,2008-08-29 15:43:00,0,train,0.2278496290098335,out-of-fold,0,Medium,
U0542,2008-08-29 16:26:00,0,train,0.23896556782451545,out-of-fold,0,Medium,
U0543,2008-08-29 20:21:00,0,train,0.41138409416034977,out-of-fold,1,High,
U0544,2008-08-29 20:49:00,0,train,0.3214144965912644,out-of-fold,0,Medium,
U0545,2008-08-29 21:25:00,0,train,0.10835660423554622,out-of-fold,0,Low,
U0546,2008-08-29 21:46:00,0,train,0.15560687577385116,out-of-fold,0,Low,
U0547,2008-08-29 21:54:00,0,train,0.10462566855316713,out-of-fold,0,Low,
U0548,2008-08-29 22:11:00,0,train,0.21485321792541562,out-of-fold,0,Medium,
U0549,2008-08-29 22:45:00,0,train,0.43400923172850675,out-of-fold,1,High,
U0550,2008-08-29 22:49:00,0,train,0.40576686097627146,out-of-fold,1,High,
U0551,2008-08-29 22:56:00,0,train,0.5077126167112584,out-of-fold,1,High,
U0552,2008-08-30 00:01:00,0,train,0.051629151506989227,out-of-fold,0,Low,
U0553,2008-08-30 00:05:00,0,train,0.3400721177709142,out-of-fold,1,High,
U0554,2008-08-30 00:57:00,0,train,0.16475839477988538,out-of-fold,0,Low,
U0555,2008-08-30 01:29:00,0,train,0.27120174695021854,out-of-fold,0,Medium,
U0556,2008-08-30 02:08:00,0,train,0.6132702074361314,out-of-fold,1,High,
U0557,2008-08-30 02:22:00,0,train,0.41314098246551634,out-of-fold,1,High,
U0558,2008-08-30 02:32:00,0,train,0.14450297417665223,out-of-fold,0,Low,
U0559,2008-08-30 02:39:00,0,train,0.08835482042722809,out-of-fold,0,Low,
U0560,2008-08-30 02:50:00,0,train,0.11227669264310086,out-of-fold,0,Low,
U0561,2008-08-30 03:10:00,0,train,0.2834232359477084,out-of-fold,0,Medium,
U0562,2008-08-30 04:20:00,0,train,0.34735001671801397,out-of-fold,1,High,
U0563,2008-08-30 04:24:00,0,train,0.21283726553755056,out-of-fold,0,Medium,
U0564,2008-08-30 04:55:00,0,train,0.42771357586579084,out-of-fold,1,High,
U0565,2008-08-30 05:05:00,0,train,0.043741406403965066,out-of-fold,0,Low,
U0566,2008-08-30 05:05:00,0,train,0.5006670326446175,out-of-fold,1,High,
U0567,2008-08-30 05:38:00,0,train,0.28143006465073156,out-of-fold,0,Medium,
U0568,2008-08-30 05:51:00,0,train,0.13584990823270238,out-of-fold,0,Low,
U0569,2008-08-30 07:50:00,0,train,0.39769736760844315,out-of-fold,1,High,
U0570,2008-08-30 07:54:00,0,train,0.3039903519844996,out-of-fold,0,Medium,
U0571,2008-08-30 08:10:00,0,train,0.18262715310013794,out-of-fold,0,Medium,
U0572,2008-08-30 08:29:00,0,train,0.51261788444036,out-of-fold,1,High,
U0573,2008-08-30 08:42:00,0,train,0.2165378959465304,out-of-fold,0,Medium,
U0574,2008-08-30 08:53:00,0,train,0.12680775026071264,out-of-fold,0,Low,
U0575,2008-08-30 09:13:00,0,train,0.27099862041896594,out-of-fold,0,Medium,
U0576,2008-08-30 09:37:00,0,train,0.34464992571927244,out-of-fold,1,High,
U0577,2008-08-30 09:45:00,1,train,0.33944425244067067,out-of-fold,1,High,
U0578,2008-08-30 10:15:00,0,train,0.3992310391184252,out-of-fold,1,High,
U0579,2008-08-30 10:16:00,0,train,0.5105306808191581,out-of-fold,1,High,
U0580,2008-08-30 11:12:00,0,train,0.3854435189139087,out-of-fold,1,High,
U0581,2008-08-30 11:14:00,0,train,0.21826663235201604,out-of-fold,0,Medium,
U0582,2008-08-30 11:18:00,0,train,0.35983475272464427,out-of-fold,1,High,
U0583,2008-08-30 11:57:00,0,train,0.03877377483574216,out-of-fold,0,Low,
U0584,2008-08-30 14:10:00,1,train,0.18367148309153053,out-of-fold,0,Medium,
U0585,2008-08-30 14:23:00,0,train,0.38500073640556354,out-of-fold,1,High,
U0586,2008-08-30 14:37:00,0,train,0.06663957663269261,out-of-fold,0,Low,
U0587,2008-08-30 15:06:00,0,train,0.3554697454565938,out-of-fold,1,High,
U0588,2008-08-30 15:16:00,0,train,0.409420154214469,out-of-fold,1,High,
U0589,2008-08-30 15:37:00,0,train,0.2608626236704428,out-of-fold,0,Medium,
U0590,2008-08-30 15:50:00,0,train,0.3598770039065936,out-of-fold,1,High,
U0591,2008-08-30 15:57:00,0,train,0.307087288613994,out-of-fold,0,Medium,
U0592,2008-08-30 16:24:00,0,train,0.3002972041042231,out-of-fold,0,Medium,
U0593,2008-08-30 17:05:00,0,train,0.7041619118873242,out-of-fold,1,High,
U0594,2008-08-30 17:49:00,0,train,0.39300899165611375,out-of-fold,1,High,
U0595,2008-08-30 19:21:00,0,train,0.10381317178494864,out-of-fold,0,Low,
U0596,2008-08-30 19:27:00,0,train,0.5125104845143923,out-of-fold,1,High,
U0597,2008-08-30 20:11:00,0,train,0.4372209911909727,out-of-fold,1,High,
U0598,2008-08-30 20:53:00,0,train,0.5866189354678397,out-of-fold,1,High,
U0599,2008-08-30 21:53:00,0,train,0.18387561742150932,out-of-fold,0,Medium,
U0600,2008-08-30 23:51:00,0,train,0.17844071287785174,out-of-fold,0,Medium,
U0601,2008-08-31 02:57:00,0,train,0.19903684384040254,out-of-fold,0,Medium,
U0602,2008-08-31 04:46:00,1,train,0.4325581726603964,out-of-fold,1,High,
U0603,2008-08-31 05:05:00,0,train,0.3006306165782633,out-of-fold,0,Medium,
U0604,2008-08-31 09:11:00,0,train,0.44078031536701795,out-of-fold,1,High,
U0605,2008-08-31 10:36:00,0,train,0.2883999432820229,out-of-fold,0,Medium,
U0606,2008-08-31 10:59:00,1,train,0.5243294561367202,out-of-fold,1,High,
U0607,2008-08-31 10:59:00,0,train,0.12108456817786675,out-of-fold,0,Low,
U0608,2008-08-31 11:03:00,0,train,0.6100816824787084,out-of-fold,1,High,
U0609,2008-08-31 15:09:00,0,train,0.37273290105501383,out-of-fold,1,High,
U0610,2008-08-31 15:13:00,0,train,0.09475258163044972,out-of-fold,0,Low,
U0611,2008-08-31 16:32:00,0,train,0.240245818437091,out-of-fold,0,Medium,
U0612,2008-08-31 20:24:00,0,train,0.12680943755408036,out-of-fold,0,Low,
U0613,2008-08-31 21:04:00,0,train,0.5259937351665646,out-of-fold,1,High,
U0614,2008-08-31 21:46:00,0,train,0.3606318483310239,out-of-fold,1,High,
U0615,2008-08-31 21:58:00,0,train,0.28497656543482175,out-of-fold,0,Medium,
U0616,2008-08-31 22:32:00,0,train,0.13442947070979558,out-of-fold,0,Low,
U0617,2008-08-31 22:48:00,0,train,0.23033473917901087,out-of-fold,0,Medium,
U0618,2008-08-31 22:57:00,0,train,0.2572903464134835,out-of-fold,0,Medium,
U0619,2008-09-01 00:01:00,0,train,0.603439819384886,out-of-fold,1,High,
U0620,2008-09-01 00:39:00,0,train,0.2878502523234945,out-of-fold,0,Medium,
U0621,2008-09-01 00:45:00,0,train,0.07165212431434478,out-of-fold,0,Low,
U0622,2008-09-01 00:53:00,0,train,0.46605234582158317,out-of-fold,1,High,
U0623,2008-09-01 05:29:00,0,train,0.03168466418822899,out-of-fold,0,Low,
U0624,2008-09-01 05:32:00,0,train,0.06575950913626526,out-of-fold,0,Low,
U0625,2008-09-01 06:12:00,0,train,0.27677324340980036,out-of-fold,0,Medium,
U0626,2008-09-01 06:21:00,0,train,0.13941262700009555,out-of-fold,0,Low,
U0627,2008-09-01 06:52:00,0,train,0.19400124005880887,out-of-fold,0,Medium,
U0628,2008-09-01 08:18:00,0,train,0.24671188429110147,out-of-fold,0,Medium,
U0629,2008-09-01 09:06:00,0,train,0.27248354513666556,out-of-fold,0,Medium,
U0630,2008-09-01 09:19:00,0,train,0.15421985407742794,out-of-fold,0,Low,
U0631,2008-09-01 09:54:00,0,train,0.21370369782373524,out-of-fold,0,Medium,
U0632,2008-09-01 10:57:00,0,train,0.16657422100081093,out-of-fold,0,Low,
U0633,2008-09-01 11:40:00,0,train,0.3786461185168558,out-of-fold,1,High,
U0634,2008-09-01 16:20:00,0,train,0.41604435343803836,out-of-fold,1,High,
U0635,2008-09-01 19:54:00,1,train,0.9317952333020542,out-of-fold,1,High,
U0636,2008-09-01 20:51:00,0,train,0.14451431563709602,out-of-fold,0,Low,
U0637,2008-09-01 22:05:00,0,train,0.31077038568167964,out-of-fold,0,Medium,
U0638,2008-09-01 23:05:00,0,train,0.0860989251595315,out-of-fold,0,Low,
U0639,2008-09-01 23:19:00,0,train,0.1539638842593473,out-of-fold,0,Low,
U0640,2008-09-01 23:24:00,0,train,0.06917765462953544,out-of-fold,0,Low,
U0641,2008-09-01 23:28:00,0,train,0.20322530891083665,out-of-fold,0,Medium,
U0642,2008-09-01 23:39:00,0,train,0.33675949385165527,out-of-fold,0,Medium,
U0643,2008-09-01 23:45:00,0,train,0.2679298297591192,out-of-fold,0,Medium,
U0644,2008-09-01 23:59:00,0,train,0.17625233362195877,out-of-fold,0,Medium,
U0645,2008-09-02 00:26:00,0,train,0.10281487455116878,out-of-fold,0,Low,
U0646,2008-09-02 00:31:00,0,train,0.32539263282939623,out-of-fold,0,Medium,
U0647,2008-09-02 00:46:00,0,train,0.34481435770662067,out-of-fold,1,High,
U0648,2008-09-02 01:09:00,0,train,0.7803514323421383,out-of-fold,1,High,
U0650,2008-09-02 01:10:00,0,train,0.07667900685815984,out-of-fold,0,Low,
U0649,2008-09-02 01:10:00,0,train,0.441528036585448,out-of-fold,1,High,
U0651,2008-09-02 01:36:00,0,train,0.279931576246579,out-of-fold,0,Medium,
U0652,2008-09-02 01:50:00,0,train,0.2668926498031873,out-of-fold,0,Medium,
U0653,2008-09-02 02:02:00,0,train,0.32626918073942696,out-of-fold,0,Medium,
U0654,2008-09-02 02:11:00,0,train,0.04633356346165904,out-of-fold,0,Low,
U0655,2008-09-02 02:50:00,0,train,0.39554253847901527,out-of-fold,1,High,
U0656,2008-09-02 02:52:00,0,train,0.2443898671816509,out-of-fold,0,Medium,
U0657,2008-09-02 03:33:00,0,train,0.14700083807352304,out-of-fold,0,Low,
U0658,2008-09-02 03:35:00,0,train,0.398158875224864,out-of-fold,1,High,
U0659,2008-09-02 03:35:00,0,train,0.2182225924894124,out-of-fold,0,Medium,
U0660,2008-09-02 04:19:00,0,train,0.16557483975288956,out-of-fold,0,Low,
U0661,2008-09-02 04:22:00,0,train,0.48075017305264645,out-of-fold,1,High,
U0662,2008-09-02 05:46:00,0,train,0.24393139033105402,out-of-fold,0,Medium,
U0663,2008-09-02 06:03:00,0,train,0.25643758992574317,out-of-fold,0,Medium,
U0664,2008-09-02 06:19:00,0,train,0.13999688703977828,out-of-fold,0,Low,
U0665,2008-09-02 06:32:00,0,train,0.12750305524307992,out-of-fold,0,Low,
U0666,2008-09-02 06:48:00,0,train,0.2951342247011097,out-of-fold,0,Medium,
U0667,2008-09-02 07:22:00,0,train,0.06689262090017467,out-of-fold,0,Low,
U0668,2008-09-02 07:32:00,0,train,0.7293229152199032,out-of-fold,1,High,
U0669,2008-09-02 08:15:00,0,train,0.48931428496120927,out-of-fold,1,High,
U0670,2008-09-02 08:54:00,0,train,0.1232323978612544,out-of-fold,0,Low,
U0671,2008-09-02 09:36:00,0,train,0.14967309474903706,out-of-fold,0,Low,
U0672,2008-09-02 09:37:00,0,train,0.16859322471600713,out-of-fold,0,Low,
U0673,2008-09-02 10:13:00,0,train,0.07410957603428162,out-of-fold,0,Low,
U0674,2008-09-02 10:21:00,0,train,0.20360239793997706,out-of-fold,0,Medium,
U0675,2008-09-02 10:25:00,0,train,0.13097437421695787,out-of-fold,0,Low,
U0676,2008-09-02 10:33:00,0,train,0.027983390501694225,out-of-fold,0,Low,
U0677,2008-09-02 11:08:00,0,train,0.26352498210354497,out-of-fold,0,Medium,
U0678,2008-09-02 11:22:00,0,train,0.1257832082556835,out-of-fold,0,Low,
U0679,2008-09-02 11:47:00,0,train,0.4561773686982098,out-of-fold,1,High,
U0680,2008-09-02 11:49:00,0,train,0.16358843266095746,out-of-fold,0,Low,
U0681,2008-09-02 12:01:00,0,train,0.14661863356982088,out-of-fold,0,Low,
U0682,2008-09-02 12:17:00,0,train,0.20110555448581685,out-of-fold,0,Medium,
U0683,2008-09-02 12:26:00,0,train,0.21281023348455663,out-of-fold,0,Medium,
U0684,2008-09-02 12:30:00,0,train,0.12283024541900689,out-of-fold,0,Low,
U0685,2008-09-02 12:44:00,0,train,0.221880967995428,out-of-fold,0,Medium,
U0686,2008-09-02 13:05:00,0,train,0.05377464843226456,out-of-fold,0,Low,
U0687,2008-09-02 13:08:00,0,train,0.4687097532786564,out-of-fold,1,High,
U0688,2008-09-02 13:27:00,0,train,0.2423701549509309,out-of-fold,0,Medium,
U0689,2008-09-02 13:40:00,0,train,0.2731948210170928,out-of-fold,0,Medium,
U0690,2008-09-02 14:09:00,0,train,0.6636074492361521,out-of-fold,1,High,
U0691,2008-09-02 14:21:00,0,train,0.115067598494828,out-of-fold,0,Low,
U0692,2008-09-02 14:34:00,0,train,0.04517518387500857,out-of-fold,0,Low,
U0693,2008-09-02 15:29:00,0,train,0.15411514784326916,out-of-fold,0,Low,
U0694,2008-09-02 16:10:00,0,train,0.21646545467663963,out-of-fold,0,Medium,
U0695,2008-09-02 16:50:00,0,train,0.38248959200179256,out-of-fold,1,High,
U0696,2008-09-02 16:54:00,0,train,0.3567541006973382,out-of-fold,1,High,
U0697,2008-09-02 16:58:00,0,train,0.09234037021323419,out-of-fold,0,Low,
U0698,2008-09-02 17:10:00,0,train,0.055741830203787035,out-of-fold,0,Low,
U0699,2008-09-02 17:18:00,0,train,0.40605374873584243,out-of-fold,1,High,
U0700,2008-09-02 18:38:00,0,train,0.16478333381584248,out-of-fold,0,Low,
U0701,2008-09-02 18:52:00,0,train,0.47539802100646433,out-of-fold,1,High,
U0702,2008-09-02 19:18:00,0,train,0.09142197148789162,out-of-fold,0,Low,
U0703,2008-09-02 20:18:00,0,train,0.08327420916889382,out-of-fold,0,Low,
U0704,2008-09-02 20:52:00,0,train,0.20959946442943161,out-of-fold,0,Medium,
U0705,2008-09-02 20:58:00,0,train,0.3386858119070958,out-of-fold,1,High,
U0706,2008-09-02 20:59:00,0,train,0.07264076605010185,out-of-fold,0,Low,
U0707,2008-09-03 00:18:00,0,train,0.1397421617437972,out-of-fold,0,Low,
U0708,2008-09-03 00:45:00,0,train,0.28598441086130055,out-of-fold,0,Medium,
U0709,2008-09-03 00:58:00,0,train,0.43909419528371274,out-of-fold,1,High,
U0710,2008-09-03 01:15:00,1,train,0.35887194661049576,out-of-fold,1,High,
U0711,2008-09-03 01:32:00,0,train,0.14682867094662308,out-of-fold,0,Low,
U0712,2008-09-03 04:18:00,0,train,0.2687829262122825,out-of-fold,0,Medium,
U0713,2008-09-03 06:26:00,0,train,0.23097970819970406,out-of-fold,0,Medium,
U0714,2008-09-03 09:38:00,0,train,0.2735572051431917,out-of-fold,0,Medium,
U0715,2008-09-03 14:24:00,0,train,0.14440226719925447,out-of-fold,0,Low,
U0716,2008-09-03 14:29:00,0,train,0.49826003366425575,out-of-fold,1,High,
U0717,2008-09-03 17:22:00,0,train,0.23128268373050226,out-of-fold,0,Medium,
U0718,2008-09-03 18:16:00,0,train,0.2539044664363759,out-of-fold,0,Medium,
U0719,2008-09-03 18:16:00,0,train,0.2666713334671849,out-of-fold,0,Medium,
U0720,2008-09-03 20:00:00,0,train,0.26162928832924337,out-of-fold,0,Medium,
U0721,2008-09-03 20:10:00,0,train,0.09668617793515848,out-of-fold,0,Low,
U0722,2008-09-04 08:01:00,0,train,0.00021034489417864603,out-of-fold,0,Low,
U0723,2008-09-04 08:22:00,0,train,0.06177294400238033,out-of-fold,0,Low,
U0724,2008-09-04 08:33:00,0,train,0.3739777645502179,out-of-fold,1,High,
U0725,2008-09-04 08:41:00,0,train,0.2164503854661935,out-of-fold,0,Medium,
U0726,2008-09-04 08:53:00,0,train,0.38334221387147516,out-of-fold,1,High,
U0727,2008-09-04 11:50:00,0,train,0.22672053497646838,out-of-fold,0,Medium,
U0728,2008-09-04 14:09:00,0,train,0.3005701239784581,out-of-fold,0,Medium,
U0729,2008-09-04 14:11:00,0,train,0.13608456801042196,out-of-fold,0,Low,
U0730,2008-09-04 14:48:00,0,train,0.25679619707403994,out-of-fold,0,Medium,
U0731,2008-09-04 16:30:00,0,train,0.06456655693575332,out-of-fold,0,Low,
U0732,2008-09-04 16:41:00,0,train,0.24380907453184078,out-of-fold,0,Medium,
U0733,2008-09-04 16:56:00,0,train,0.3471877708507173,out-of-fold,1,High,
U0734,2008-09-04 17:30:00,0,train,0.34040827980709065,out-of-fold,1,High,
U0735,2008-09-05 15:30:00,0,train,0.00029184003110853103,out-of-fold,0,Low,
U0736,2008-09-05 21:48:00,0,train,0.34763327531650046,out-of-fold,1,High,
U0737,2008-09-07 00:08:00,0,train,0.3063248655474236,out-of-fold,0,Medium,
U0738,2008-09-07 00:12:00,0,train,0.6360076469910568,out-of-fold,1,High,
U0739,2008-09-07 00:49:00,0,train,0.3513342842597602,out-of-fold,1,High,
U0740,2008-09-07 10:52:00,0,train,0.09086698674715421,out-of-fold,0,Low,
U0741,2008-09-07 12:04:00,0,train,0.15749519940811474,out-of-fold,0,Low,
U0742,2008-09-07 12:20:00,0,train,0.3330520497024936,out-of-fold,0,Medium,
U0743,2008-09-07 13:02:00,0,train,0.1916272411051117,out-of-fold,0,Medium,
U0744,2008-09-07 18:02:00,0,train,0.47051717963989026,out-of-fold,1,High,
U0745,2008-09-07 18:24:00,0,train,0.16341405048178514,out-of-fold,0,Low,
U0746,2008-09-07 18:49:00,0,train,0.15547545654875938,out-of-fold,0,Low,
U0747,2008-09-07 19:29:00,0,train,0.33667352760940306,out-of-fold,0,Medium,
U0748,2008-09-07 19:31:00,0,train,0.12118137586568059,out-of-fold,0,Low,
U0749,2008-09-07 20:12:00,0,train,0.2667476015925896,out-of-fold,0,Medium,
U0750,2008-09-07 20:50:00,0,train,0.06505185568584738,out-of-fold,0,Low,
U0751,2008-09-07 23:33:00,0,train,0.133715332664403,out-of-fold,0,Low,
U0752,2008-09-08 00:32:00,0,train,0.38628275197641326,out-of-fold,1,High,
U0753,2008-09-08 00:40:00,0,train,0.4102818951987893,out-of-fold,1,High,
U0754,2008-09-08 01:24:00,0,train,0.025558535059208392,out-of-fold,0,Low,
U0755,2008-09-08 03:32:00,0,train,0.30838713995410816,out-of-fold,0,Medium,
U0756,2008-09-08 03:48:00,0,train,0.36338020721626174,out-of-fold,1,High,
U0757,2008-09-08 04:21:00,0,train,0.04804414579616832,out-of-fold,0,Low,
U0758,2008-09-08 06:37:00,0,train,0.4278802223664737,out-of-fold,1,High,
U0759,2008-09-08 07:14:00,0,train,0.08986139608710372,out-of-fold,0,Low,
U0760,2008-09-08 07:41:00,0,train,0.5633649257488622,out-of-fold,1,High,
U0761,2008-09-08 18:46:00,0,train,0.2998733393205939,out-of-fold,0,Medium,
U0762,2008-09-08 19:14:00,0,train,0.371081558964506,out-of-fold,1,High,
U0763,2008-09-08 19:15:00,0,train,0.44838680109406426,out-of-fold,1,High,
U0764,2008-09-08 19:25:00,0,train,0.2780299694603868,out-of-fold,0,Medium,
U0765,2008-09-08 19:33:00,0,train,0.5320533930478173,out-of-fold,1,High,
U0766,2008-09-08 20:00:00,0,train,0.10037792074411998,out-of-fold,0,Low,
U0767,2008-09-08 21:36:00,0,train,0.29139670058489675,out-of-fold,0,Medium,
U0768,2008-09-08 21:53:00,0,train,0.26025614204273506,out-of-fold,0,Medium,
U0769,2008-09-08 22:17:00,0,train,0.7416134358525509,out-of-fold,1,High,
U0770,2008-09-09 00:25:00,0,train,0.3555007462059783,out-of-fold,1,High,
U0771,2008-09-09 03:53:00,0,train,0.36938718349914534,out-of-fold,1,High,
U0772,2008-09-09 08:44:00,0,train,0.1990269463548942,out-of-fold,0,Medium,
U0773,2008-09-10 07:26:00,0,train,0.44821911135855186,out-of-fold,1,High,
U0774,2008-09-10 09:21:00,0,train,0.3299792205497416,out-of-fold,0,Medium,
U0775,2008-09-10 20:52:00,0,train,0.4439485858210226,out-of-fold,1,High,
U0776,2008-09-10 20:53:00,0,train,0.2619570885036179,out-of-fold,0,Medium,
U0777,2008-09-10 21:56:00,0,train,0.635285647323709,out-of-fold,1,High,
U0778,2008-09-10 23:30:00,0,train,0.3386259740030275,out-of-fold,1,High,
U0779,2008-09-10 23:43:00,0,train,0.11940330379522665,out-of-fold,0,Low,
U0780,2008-09-11 00:17:00,0,train,0.2520532039550749,out-of-fold,0,Medium,
U0781,2008-09-11 05:20:00,0,train,0.1733389588364464,out-of-fold,0,Medium,
U0782,2008-09-11 06:04:00,0,train,0.3252326997140603,out-of-fold,0,Medium,
U0783,2008-09-11 07:43:00,0,train,0.3882844486106966,out-of-fold,1,High,
U0784,2008-09-11 08:06:00,0,train,0.39386991686220874,out-of-fold,1,High,
U0785,2008-09-11 08:58:00,0,train,0.30609546056887876,out-of-fold,0,Medium,
U0786,2008-09-11 09:24:00,0,train,0.31406064357359226,out-of-fold,0,Medium,
U0787,2008-09-11 12:47:00,0,train,0.6921531525543932,out-of-fold,1,High,
U0788,2008-09-11 13:36:00,0,train,0.26040122115433095,out-of-fold,0,Medium,
U0789,2008-09-11 14:20:00,0,train,0.18393019314343878,out-of-fold,0,Medium,
U0790,2008-09-11 14:24:00,0,train,0.44555556792763884,out-of-fold,1,High,
U0791,2008-09-11 14:31:00,0,train,0.5796349964743943,out-of-fold,1,High,
U0792,2008-09-11 15:05:00,0,train,0.6177870238493863,out-of-fold,1,High,
U0793,2008-09-11 15:08:00,0,train,0.2360071867479906,out-of-fold,0,Medium,
U0794,2008-09-11 16:28:00,0,train,0.7072203141327762,out-of-fold,1,High,
U0795,2008-09-11 21:13:00,0,train,0.4142261614526307,out-of-fold,1,High,
U0796,2008-09-11 22:07:00,1,train,0.20201807625573615,out-of-fold,0,Medium,
U0797,2008-09-11 23:10:00,0,train,0.39531401680890055,out-of-fold,1,High,
U0798,2008-09-11 23:48:00,1,train,0.0947095203400938,out-of-fold,0,Low,
U0799,2008-09-12 05:11:00,0,train,0.036053636567587435,out-of-fold,0,Low,
U0800,2008-09-12 05:55:00,0,train,0.3559791213531601,out-of-fold,1,High,
U0801,2008-09-12 06:38:00,0,train,0.45469710191894763,out-of-fold,1,High,
U0802,2008-09-12 06:41:00,0,train,0.1598019626775761,out-of-fold,0,Low,
U0803,2008-09-12 06:45:00,0,train,0.3940605490432493,out-of-fold,1,High,
U0804,2008-09-12 07:21:00,0,train,0.19941253001319353,out-of-fold,0,Medium,
U0805,2008-09-12 07:29:00,0,train,0.34956778211495576,out-of-fold,1,High,
U0806,2008-09-12 07:38:00,0,train,0.43774892412395605,out-of-fold,1,High,
U0807,2008-09-12 11:57:00,0,train,0.11004005924638277,out-of-fold,0,Low,
U0808,2008-09-12 13:08:00,0,train,0.1711272541140877,out-of-fold,0,Medium,
U0809,2008-09-12 14:52:00,0,train,0.07639232879968397,out-of-fold,0,Low,
U0810,2008-09-12 15:40:00,0,train,0.12948733268628349,out-of-fold,0,Low,
U0811,2008-09-12 16:23:00,0,train,0.3323250608862052,out-of-fold,0,Medium,
U0812,2008-09-12 18:01:00,0,train,0.1562105751886245,out-of-fold,0,Low,
U0813,2008-09-12 18:52:00,0,train,0.30232159496311956,out-of-fold,0,Medium,
U0814,2008-09-12 19:36:00,0,train,0.18938004735067637,out-of-fold,0,Medium,
U0815,2008-09-12 20:28:00,0,train,0.39673619587109166,out-of-fold,1,High,
U0816,2008-09-12 21:12:00,0,train,0.24240603191237586,out-of-fold,0,Medium,
U0817,2008-09-12 22:25:00,0,train,0.13227113009915364,out-of-fold,0,Low,
U0818,2008-09-12 22:45:00,0,train,0.39977176152050425,out-of-fold,1,High,
U0819,2008-09-12 23:28:00,0,train,0.12322724674536863,out-of-fold,0,Low,
U0820,2008-09-12 23:40:00,0,train,0.24050318072473242,out-of-fold,0,Medium,
U0821,2008-09-13 00:25:00,0,train,0.5724116976195703,out-of-fold,1,High,
U0822,2008-09-13 02:57:00,0,train,0.17935360105164386,out-of-fold,0,Medium,
U0823,2008-09-13 03:14:00,0,train,0.2538916254901731,out-of-fold,0,Medium,
U0824,2008-09-13 09:19:00,0,train,0.31707867828571346,out-of-fold,0,Medium,
U0825,2008-09-13 10:55:00,0,train,0.23501151530916264,out-of-fold,0,Medium,
U0826,2008-09-13 11:42:00,0,train,0.22773041893651702,out-of-fold,0,Medium,
U0827,2008-09-13 11:56:00,1,train,0.5658205940710466,out-of-fold,1,High,
U0828,2008-09-13 12:48:00,0,train,0.4597359241130079,out-of-fold,1,High,
U0829,2008-09-13 14:07:00,0,train,0.20897635661543024,out-of-fold,0,Medium,
U0830,2008-09-13 16:04:00,0,train,0.2793175297758915,out-of-fold,0,Medium,
U0831,2008-09-13 16:04:00,0,train,0.185769827125857,out-of-fold,0,Medium,
U0832,2008-09-13 20:06:00,1,train,0.34903979173949895,out-of-fold,1,High,
U0833,2008-09-14 02:50:00,0,train,0.3106054908082526,out-of-fold,0,Medium,
U0834,2008-09-14 02:59:00,0,train,0.35251831495475805,out-of-fold,1,High,
U0835,2008-09-14 15:02:00,0,train,0.5060012862024956,out-of-fold,1,High,
U0836,2008-09-14 15:46:00,0,train,0.6167827536573334,out-of-fold,1,High,
U0837,2008-09-14 16:34:00,0,train,0.697632216574013,out-of-fold,1,High,
U0838,2008-09-14 17:40:00,0,train,0.15519603339862878,out-of-fold,0,Low,
U0839,2008-09-14 18:27:00,0,train,0.49477870905453714,out-of-fold,1,High,
U0840,2008-09-14 18:27:00,0,train,0.18372886271175912,out-of-fold,0,Medium,
U0841,2008-09-14 19:13:00,0,train,0.3023868206251602,out-of-fold,0,Medium,
U0842,2008-09-14 20:00:00,0,train,0.3641551144475653,out-of-fold,1,High,
U0843,2008-09-14 20:43:00,0,train,0.28488249064434795,out-of-fold,0,Medium,
U0844,2008-09-14 20:45:00,0,train,0.19728630651012913,out-of-fold,0,Medium,
U0845,2008-09-14 21:31:00,0,train,0.34333587394234477,out-of-fold,1,High,
U0846,2008-09-14 23:00:00,0,train,0.1650002175626398,out-of-fold,0,Low,
U0847,2008-09-15 02:04:00,0,train,0.48177427445187987,out-of-fold,1,High,
U0848,2008-09-15 10:03:00,0,train,0.7838555782003085,out-of-fold,1,High,
U0849,2008-09-15 11:40:00,0,train,0.4649661080793395,out-of-fold,1,High,
U0850,2008-09-15 12:27:00,0,train,0.3259705014366744,out-of-fold,0,Medium,
U0851,2008-09-15 16:10:00,0,train,0.20722219356260121,out-of-fold,0,Medium,
U0852,2008-09-15 16:59:00,0,train,0.14091293539812944,out-of-fold,0,Low,
U0853,2008-09-15 19:54:00,0,train,0.1918882809186752,out-of-fold,0,Medium,
U0854,2008-09-15 21:56:00,0,train,0.34588977939226917,out-of-fold,1,High,
U0855,2008-09-15 22:13:00,0,train,0.1867388305103966,out-of-fold,0,Medium,
U0856,2008-09-15 22:45:00,0,train,0.14112434869466672,out-of-fold,0,Low,
U0857,2008-09-15 22:54:00,0,train,0.5182975783072856,out-of-fold,1,High,
U0858,2008-09-15 23:37:00,0,train,0.30082293861756504,out-of-fold,0,Medium,
U0859,2008-09-16 07:39:00,0,train,0.22797620715162664,out-of-fold,0,Medium,
U0860,2008-09-16 07:48:00,0,train,0.2450878674738622,out-of-fold,0,Medium,
U0861,2008-09-16 08:50:00,0,train,0.3548390011973082,out-of-fold,1,High,
U0862,2008-09-16 08:52:00,0,train,0.13564943761498655,out-of-fold,0,Low,
U0863,2008-09-16 09:37:00,0,train,0.1627845229495521,out-of-fold,0,Low,
U0864,2008-09-16 17:07:00,0,train,0.2573370374077556,out-of-fold,0,Medium,
U0865,2008-09-16 18:09:00,0,train,0.15563373463404256,out-of-fold,0,Low,
U0866,2008-09-16 18:23:00,0,train,0.4041375519281144,out-of-fold,1,High,
U0867,2008-09-16 19:34:00,0,train,0.5235475470599322,out-of-fold,1,High,
U0868,2008-09-16 19:45:00,0,train,0.3947630395930767,out-of-fold,1,High,
U0869,2008-09-16 21:21:00,0,train,0.33693452993129896,out-of-fold,0,Medium,
U0870,2008-09-16 22:45:00,0,train,0.09198045341279082,out-of-fold,0,Low,
U0871,2008-09-17 02:01:00,0,train,0.4188971324934483,out-of-fold,1,High,
U0872,2008-09-17 04:23:00,1,train,0.3738450021041801,out-of-fold,1,High,
U0873,2008-09-17 07:14:00,0,train,0.39323858174755616,out-of-fold,1,High,
U0874,2008-09-17 07:28:00,0,train,0.4277839499897631,out-of-fold,1,High,
U0875,2008-09-17 21:52:00,0,train,0.1598938643555135,out-of-fold,0,Low,
U0876,2008-09-18 00:57:00,0,train,0.6363603936568305,out-of-fold,1,High,
U0877,2008-09-18 01:40:00,0,train,0.1975477175544436,out-of-fold,0,Medium,
U0878,2008-09-18 01:43:00,0,train,0.4049952571136817,out-of-fold,1,High,
U0879,2008-09-18 02:01:00,0,train,0.1517711234743029,out-of-fold,0,Low,
U0880,2008-09-18 03:58:00,0,train,0.39525150016827926,out-of-fold,1,High,
U0881,2008-09-18 03:58:00,0,train,0.8068325411814419,out-of-fold,1,High,
U0882,2008-09-18 05:44:00,0,train,0.0871508212091685,out-of-fold,0,Low,
U0883,2008-09-18 05:58:00,0,train,0.15875745197941823,out-of-fold,0,Low,
U0884,2008-09-18 08:04:00,0,train,0.33235764938399714,out-of-fold,0,Medium,
U0885,2008-09-18 10:48:00,0,train,0.5198724210443467,out-of-fold,1,High,
U0886,2008-09-18 13:48:00,0,train,0.7135366170993773,out-of-fold,1,High,
U0887,2008-09-18 17:22:00,0,train,0.3620029786237847,out-of-fold,1,High,
U0888,2008-09-18 18:12:00,0,train,0.644609607852469,out-of-fold,1,High,
U0889,2008-09-18 18:56:00,0,train,0.653110007939459,out-of-fold,1,High,
U0890,2008-09-18 21:12:00,0,train,0.032166178522333846,out-of-fold,0,Low,
U0891,2008-09-18 21:56:00,0,train,0.06358887231980052,out-of-fold,0,Low,
U0892,2008-09-18 23:00:00,0,train,0.5625449453506275,out-of-fold,1,High,
U0893,2008-09-18 23:05:00,0,train,0.5901921788507526,out-of-fold,1,High,
U0894,2008-09-18 23:44:00,0,train,0.6907187157964743,out-of-fold,1,High,
U0895,2008-09-19 00:30:00,0,train,0.2219151868656642,out-of-fold,0,Medium,
U0896,2008-09-19 01:57:00,0,train,0.35714212182040356,out-of-fold,1,High,
U0897,2008-09-19 02:44:00,0,train,0.3075492961456586,out-of-fold,0,Medium,
U0898,2008-09-19 04:42:00,0,train,0.8478635079942023,out-of-fold,1,High,
U0899,2008-09-19 05:33:00,0,train,0.4182472108933766,out-of-fold,1,High,
U0900,2008-09-19 05:57:00,0,train,0.7226244274614713,out-of-fold,1,High,
U0901,2008-09-19 06:01:00,0,train,0.13024986236652994,out-of-fold,0,Low,
U0902,2008-09-19 06:44:00,0,train,0.311038491273828,out-of-fold,0,Medium,
U0903,2008-09-19 07:14:00,0,train,0.26028173793698656,out-of-fold,0,Medium,
U0904,2008-09-19 07:18:00,0,train,0.37762824244070825,out-of-fold,1,High,
U0905,2008-09-19 08:08:00,0,train,0.3623665393667461,out-of-fold,1,High,
U0906,2008-09-19 08:52:00,0,train,0.3563395858133118,out-of-fold,1,High,
U0907,2008-09-19 09:12:00,0,train,0.0343683272942342,out-of-fold,0,Low,
U0908,2008-09-19 09:47:00,0,train,0.0947255334325024,out-of-fold,0,Low,
U0909,2008-09-19 10:45:00,0,train,0.030814393647152032,out-of-fold,0,Low,
U0910,2008-09-19 11:13:00,0,train,0.260221974627697,out-of-fold,0,Medium,
U0911,2008-09-19 11:54:00,0,train,0.39841771792182873,out-of-fold,1,High,
U0912,2008-09-19 13:59:00,0,train,0.1214050871761979,out-of-fold,0,Low,
U0913,2008-09-19 15:31:00,0,train,0.27413993623075683,out-of-fold,0,Medium,
U0914,2008-09-19 16:40:00,0,train,0.23095400021628426,out-of-fold,0,Medium,
U0915,2008-09-19 16:58:00,1,train,0.5066616201894556,out-of-fold,1,High,
U0916,2008-09-19 17:47:00,0,train,0.28606164541954887,out-of-fold,0,Medium,
U0917,2008-09-19 18:11:00,0,train,0.2945991246531098,out-of-fold,0,Medium,
U0918,2008-09-19 18:33:00,0,train,0.11956441149067198,out-of-fold,0,Low,
U0919,2008-09-19 19:18:00,0,train,0.11320744038250082,out-of-fold,0,Low,
U0920,2008-09-19 19:29:00,0,train,0.17902890559601747,out-of-fold,0,Medium,
U0921,2008-09-19 20:05:00,0,train,0.0397399915922069,out-of-fold,0,Low,
U0922,2008-09-19 20:07:00,0,train,0.14506390017770673,out-of-fold,0,Low,
U0923,2008-09-19 20:10:00,0,train,0.2248650346502843,out-of-fold,0,Medium,
U0924,2008-09-19 20:17:00,0,train,0.8406275421721703,out-of-fold,1,High,
U0925,2008-09-19 20:19:00,1,train,0.7530760737994969,out-of-fold,1,High,
U0926,2008-09-19 21:08:00,0,train,0.18700211289908059,out-of-fold,0,Medium,
U0927,2008-09-19 21:09:00,1,train,0.5812388745053183,out-of-fold,1,High,
U0928,2008-09-19 21:13:00,0,train,0.042065823863387544,out-of-fold,0,Low,
U0929,2008-09-19 21:14:00,0,train,0.04321744837716083,out-of-fold,0,Low,
U0930,2008-09-19 21:59:00,1,train,0.35970264365706717,out-of-fold,1,High,
U0931,2008-09-19 23:26:00,0,train,0.03401514298233789,out-of-fold,0,Low,
U0932,2008-09-19 23:33:00,0,train,0.04019371776767402,out-of-fold,0,Low,
U0933,2008-09-20 00:18:00,0,train,0.09517730813126679,out-of-fold,0,Low,
U0934,2008-09-20 00:33:00,0,train,0.23198689650147297,out-of-fold,0,Medium,
U0935,2008-09-20 03:58:00,0,train,0.03693588755231444,out-of-fold,0,Low,
U0936,2008-09-20 04:13:00,0,train,0.07650936221620494,out-of-fold,0,Low,
U0937,2008-09-20 04:28:00,0,train,0.050439867265663435,out-of-fold,0,Low,
U0938,2008-09-20 05:22:00,0,train,0.02522720423589431,out-of-fold,0,Low,
U0939,2008-09-20 05:25:00,0,train,0.20096383931664713,out-of-fold,0,Medium,
U0940,2008-09-20 05:34:00,0,train,0.15606870329904032,out-of-fold,0,Low,
U0941,2008-09-20 06:08:00,0,train,0.355765708645904,out-of-fold,1,High,
U0942,2008-09-20 07:21:00,0,train,0.17284552867568853,out-of-fold,0,Medium,
U0943,2008-09-20 08:14:00,0,train,0.0236605644135331,out-of-fold,0,Low,
U0944,2008-09-20 10:51:00,0,train,0.14539206288532383,out-of-fold,0,Low,
U0945,2008-09-20 11:18:00,0,train,0.04129617770717168,out-of-fold,0,Low,
U0946,2008-09-20 12:20:00,0,train,0.22026152903749707,out-of-fold,0,Medium,
U0947,2008-09-20 12:26:00,0,train,0.05906810459017099,out-of-fold,0,Low,
U0948,2008-09-20 12:27:00,0,train,0.03970371327065386,out-of-fold,0,Low,
U0949,2008-09-20 12:36:00,0,train,0.02976413110793235,out-of-fold,0,Low,
U0950,2008-09-20 12:57:00,0,train,0.11503355554945702,out-of-fold,0,Low,
U0951,2008-09-20 14:00:00,0,train,0.0471803386372453,out-of-fold,0,Low,
U0952,2008-09-20 14:06:00,0,train,0.3661607039023971,out-of-fold,1,High,
U0953,2008-09-20 14:42:00,0,train,0.14677530733367167,out-of-fold,0,Low,
U0954,2008-09-20 14:50:00,0,train,0.06868070952711494,out-of-fold,0,Low,
U0955,2008-09-20 14:53:00,0,train,0.16221827544380046,out-of-fold,0,Low,
U0956,2008-09-20 15:02:00,0,train,0.1499125391624212,out-of-fold,0,Low,
U0957,2008-09-20 15:19:00,0,train,0.06885669280935547,out-of-fold,0,Low,
U0958,2008-09-20 15:37:00,0,train,0.029380808486349136,out-of-fold,0,Low,
U0959,2008-09-20 15:46:00,0,train,0.040511426086272076,out-of-fold,0,Low,
U0960,2008-09-20 16:43:00,0,train,0.07341704884175804,out-of-fold,0,Low,
U0961,2008-09-20 16:44:00,0,train,0.050838595126968214,out-of-fold,0,Low,
U0962,2008-09-20 17:26:00,0,train,0.011264574563075235,out-of-fold,0,Low,
U0963,2008-09-20 17:29:00,0,train,0.2563264844493386,out-of-fold,0,Medium,
U0964,2008-09-20 18:03:00,0,train,0.04097080927511158,out-of-fold,0,Low,
U0965,2008-09-20 18:21:00,0,train,0.06541118156709735,out-of-fold,0,Low,
U0966,2008-09-20 18:56:00,0,train,0.2543183877063169,out-of-fold,0,Medium,
U0967,2008-09-20 19:14:00,0,train,0.157048028490316,out-of-fold,0,Low,
U0968,2008-09-20 19:21:00,0,train,0.09053182468090143,out-of-fold,0,Low,
U0969,2008-09-20 23:34:00,0,train,0.16499656091977255,out-of-fold,0,Low,
U0970,2008-09-21 00:48:00,0,train,0.049849557193295264,out-of-fold,0,Low,
U0971,2008-09-21 01:06:00,0,train,0.14540860612858478,out-of-fold,0,Low,
U0972,2008-09-21 02:07:00,0,train,0.15826910079273773,out-of-fold,0,Low,
U0973,2008-09-21 03:04:00,0,train,0.16608095883533744,out-of-fold,0,Low,
U0974,2008-09-21 03:47:00,0,train,0.11784807094408345,out-of-fold,0,Low,
U0975,2008-09-21 04:17:00,0,train,0.018242087592344358,out-of-fold,0,Low,
U0976,2008-09-21 04:49:00,0,train,0.05543522230701936,out-of-fold,0,Low,
U0977,2008-09-21 07:30:00,0,train,0.015269960411828744,out-of-fold,0,Low,
U0978,2008-09-21 07:55:00,0,train,0.11159847144889254,out-of-fold,0,Low,
U0979,2008-09-21 08:22:00,0,train,0.083155035415832,out-of-fold,0,Low,
U0980,2008-09-21 08:49:00,0,train,0.00735281933889652,out-of-fold,0,Low,
U0981,2008-09-21 09:16:00,0,train,0.12088421489602785,out-of-fold,0,Low,
U0982,2008-09-21 09:31:00,0,train,0.03575562154945929,out-of-fold,0,Low,
U0983,2008-09-21 10:07:00,0,train,0.00724020893370597,out-of-fold,0,Low,
U0984,2008-09-21 10:49:00,0,train,0.0737782096631547,out-of-fold,0,Low,
U0985,2008-09-21 11:33:00,0,train,0.03150108385607492,out-of-fold,0,Low,
U0986,2008-09-21 12:04:00,0,train,0.20475859692454318,out-of-fold,0,Medium,
U0987,2008-09-21 14:30:00,0,train,0.03834086837926603,out-of-fold,0,Low,
U0988,2008-09-21 14:31:00,0,train,0.1350222055704614,out-of-fold,0,Low,
U0989,2008-09-21 14:33:00,0,train,0.051788800838440306,out-of-fold,0,Low,
U0990,2008-09-21 15:15:00,0,train,0.1459153670815115,out-of-fold,0,Low,
U0991,2008-09-21 15:26:00,0,train,0.15622915717702665,out-of-fold,0,Low,
U0992,2008-09-21 15:34:00,0,train,0.2355546454453237,out-of-fold,0,Medium,
U0993,2008-09-21 16:43:00,0,train,0.08522216989165235,out-of-fold,0,Low,
U0994,2008-09-21 17:26:00,0,train,0.07375890161976467,out-of-fold,0,Low,
U0995,2008-09-21 17:30:00,0,train,0.000779755233099047,out-of-fold,0,Low,
U0996,2008-09-21 18:12:00,0,train,0.03126632892373139,out-of-fold,0,Low,
U0997,2008-09-21 19:19:00,0,train,0.1004375456551446,out-of-fold,0,Low,
U0998,2008-09-21 20:35:00,0,train,0.04769748367585175,out-of-fold,0,Low,
U0999,2008-09-21 21:54:00,0,train,0.06122454202203122,out-of-fold,0,Low,
U1000,2008-09-21 22:02:00,0,train,0.07949703704543999,out-of-fold,0,Low,
U1001,2008-09-22 00:12:00,0,train,0.15567662343813,out-of-fold,0,Low,
U1002,2008-09-22 00:28:00,0,train,0.0488832574461487,out-of-fold,0,Low,
U1003,2008-09-22 00:47:00,0,train,0.10212859172074776,out-of-fold,0,Low,
U1004,2008-09-22 01:43:00,0,train,0.13981424975421092,out-of-fold,0,Low,
U1005,2008-09-22 03:51:00,0,train,0.02211032444221969,out-of-fold,0,Low,
U1006,2008-09-22 06:05:00,0,train,0.0400796230770678,out-of-fold,0,Low,
U1007,2008-09-22 07:12:00,0,train,0.07412587013260491,out-of-fold,0,Low,
U1008,2008-09-22 10:43:00,0,train,0.6582687348167384,out-of-fold,1,High,
U1009,2008-09-22 11:50:00,0,train,0.031056162883038765,out-of-fold,0,Low,
U1010,2008-09-22 12:11:00,0,train,0.09487755272927094,out-of-fold,0,Low,
U1011,2008-09-22 12:45:00,0,train,0.20317209298742178,out-of-fold,0,Medium,
U1012,2008-09-22 13:03:00,0,train,0.079553897971686,out-of-fold,0,Low,
U1013,2008-09-22 14:24:00,0,train,0.12082132109174312,out-of-fold,0,Low,
U1014,2008-09-22 14:27:00,0,train,0.05444555254198486,out-of-fold,0,Low,
U1015,2008-09-22 14:36:00,0,train,0.09280015772956308,out-of-fold,0,Low,
U1016,2008-09-22 16:25:00,0,train,0.05987552849133048,out-of-fold,0,Low,
U1017,2008-09-22 21:30:00,0,train,0.015201838096234425,out-of-fold,0,Low,
U1018,2008-09-22 21:31:00,0,train,0.04351586009220129,out-of-fold,0,Low,
U1019,2008-09-22 22:15:00,0,train,0.14335636748695169,out-of-fold,0,Low,
U1020,2008-09-22 22:17:00,0,train,0.38481273966266727,out-of-fold,1,High,
U1021,2008-09-22 23:01:00,0,train,0.2815218606139178,out-of-fold,0,Medium,
U1022,2008-09-22 23:10:00,0,train,0.07177997171425526,out-of-fold,0,Low,
U1023,2008-09-23 00:57:00,0,train,0.039598986595766425,out-of-fold,0,Low,
U1024,2008-09-23 06:44:00,0,train,0.11869953312304111,out-of-fold,0,Low,
U1025,2008-09-23 06:44:00,0,train,0.08282661528338922,out-of-fold,0,Low,
U1026,2008-09-23 06:52:00,0,train,0.39688420205974295,out-of-fold,1,High,
U1027,2008-09-23 07:58:00,0,train,0.12394248001869174,out-of-fold,0,Low,
U1028,2008-09-23 08:11:00,0,train,0.058308712712348255,out-of-fold,0,Low,
U1029,2008-09-23 09:43:00,0,train,0.24498676661552643,out-of-fold,0,Medium,
U1030,2008-09-23 11:14:00,1,train,0.2442173709495943,out-of-fold,0,Medium,
U1031,2008-09-23 11:42:00,0,train,0.4784041525416588,out-of-fold,1,High,
U1032,2008-09-23 11:43:00,0,train,0.6329304658462998,out-of-fold,1,High,
U1033,2008-09-23 12:29:00,0,train,0.49058300650045417,out-of-fold,1,High,
U1034,2008-09-23 12:31:00,0,train,0.008491080121327193,out-of-fold,0,Low,
U1035,2008-09-23 12:46:00,0,train,0.2515450756266582,out-of-fold,0,Medium,
U1036,2008-09-23 13:37:00,0,train,0.4572901715392493,out-of-fold,1,High,
U1037,2008-09-23 15:23:00,0,train,0.331039427386158,out-of-fold,0,Medium,
U1038,2008-09-23 15:33:00,0,train,0.16900639622029268,out-of-fold,0,Medium,
U1039,2008-09-23 15:58:00,0,train,0.2843586502610822,out-of-fold,0,Medium,
U1040,2008-09-23 18:10:00,0,train,0.04370773390528725,out-of-fold,0,Low,
U1041,2008-09-23 18:36:00,0,train,0.021816577385946355,out-of-fold,0,Low,
U1042,2008-09-23 18:56:00,0,train,0.18613088092446123,out-of-fold,0,Medium,
U1043,2008-09-23 20:18:00,0,train,0.1997244164289541,out-of-fold,0,Medium,
U1044,2008-09-23 20:59:00,0,train,0.2121643682474692,out-of-fold,0,Medium,
U1045,2008-09-23 21:26:00,0,train,0.41811877291381466,out-of-fold,1,High,
U1046,2008-09-23 22:25:00,0,train,0.10142687018277594,out-of-fold,0,Low,
U1047,2008-09-24 02:19:00,0,train,0.5126376182323655,out-of-fold,1,High,
U1048,2008-09-24 02:44:00,0,train,0.04369259165832575,out-of-fold,0,Low,
U1049,2008-09-24 03:32:00,0,train,0.019417345857010007,out-of-fold,0,Low,
U1050,2008-09-24 03:40:00,0,train,0.6333501632334237,out-of-fold,1,High,
U1051,2008-09-24 05:13:00,0,train,0.20406897336731006,out-of-fold,0,Medium,
U1052,2008-09-24 05:22:00,0,train,0.09840872234957605,out-of-fold,0,Low,
U1053,2008-09-24 06:13:00,0,train,0.16388772029906856,out-of-fold,0,Low,
U1054,2008-09-24 06:14:00,0,train,0.07798456858304213,out-of-fold,0,Low,
U1055,2008-09-24 07:23:00,0,train,0.36412229073192875,out-of-fold,1,High,
U1056,2008-09-24 10:10:00,0,train,0.2599657352134155,out-of-fold,0,Medium,
U1057,2008-09-24 10:53:00,0,train,0.020793119059724516,out-of-fold,0,Low,
U1058,2008-09-24 10:59:00,0,train,0.05207034158245502,out-of-fold,0,Low,
U1059,2008-09-24 11:47:00,0,train,0.13931525918777846,out-of-fold,0,Low,
U1060,2008-09-24 12:04:00,0,train,0.5750070690421045,out-of-fold,1,High,
U1061,2008-09-24 12:35:00,0,train,0.27507886587464286,out-of-fold,0,Medium,
U1062,2008-09-24 13:01:00,0,train,0.06646932661726303,out-of-fold,0,Low,
U1063,2008-09-24 15:05:00,1,train,0.11742047807089187,out-of-fold,0,Low,
U1064,2008-09-24 15:39:00,0,train,0.45833780504677224,out-of-fold,1,High,
U1065,2008-09-24 15:42:00,0,train,0.2966430475513304,out-of-fold,0,Medium,
U1066,2008-09-24 15:43:00,0,train,0.35191221882407675,out-of-fold,1,High,
U1067,2008-09-24 16:26:00,0,train,0.3141700580189368,out-of-fold,0,Medium,
U1068,2008-09-24 17:54:00,0,train,0.1092711227709002,out-of-fold,0,Low,
U1069,2008-09-24 18:05:00,0,train,0.20652583639798366,out-of-fold,0,Medium,
U1070,2008-09-25 01:05:00,0,train,0.06051829504915686,out-of-fold,0,Low,
U1071,2008-09-25 02:03:00,0,train,0.13934217765121246,out-of-fold,0,Low,
U1072,2008-09-25 06:21:00,0,train,0.13676319633239764,out-of-fold,0,Low,
U1073,2008-09-25 07:12:00,0,train,0.02634937953930252,out-of-fold,0,Low,
U1074,2008-09-25 07:58:00,0,train,0.05752246032411452,out-of-fold,0,Low,
U1075,2008-09-25 08:45:00,0,train,0.17210066357390474,out-of-fold,0,Medium,
U1076,2008-09-25 09:31:00,0,train,0.012313816746058321,out-of-fold,0,Low,
U1077,2008-09-25 10:23:00,0,train,0.054507931020620556,out-of-fold,0,Low,
U1078,2008-09-25 11:08:00,0,train,0.17664473149203352,out-of-fold,0,Medium,
U1079,2008-09-25 11:09:00,0,train,0.05164996934257933,out-of-fold,0,Low,
U1080,2008-09-25 11:55:00,0,train,0.3451390071226027,out-of-fold,1,High,
U1081,2008-09-25 13:42:00,0,train,0.24245752397375325,out-of-fold,0,Medium,
U1082,2008-09-25 14:08:00,0,train,0.10548577794954654,out-of-fold,0,Low,
U1083,2008-09-25 14:28:00,0,train,0.20323603803626317,out-of-fold,0,Medium,
U1084,2008-09-25 15:12:00,0,train,0.029410777018009336,out-of-fold,0,Low,
U1085,2008-09-25 15:40:00,0,train,0.43883927373951226,out-of-fold,1,High,
U1086,2008-09-25 15:55:00,0,train,0.241205227871863,out-of-fold,0,Medium,
U1087,2008-09-25 16:44:00,0,train,0.06555424383443809,out-of-fold,0,Low,
U1088,2008-09-25 17:28:00,0,train,0.06140114818782149,out-of-fold,0,Low,
U1089,2008-09-25 17:29:00,0,train,0.3943065561426357,out-of-fold,1,High,
U1090,2008-09-25 19:49:00,0,train,0.10247926085701994,out-of-fold,0,Low,
U1091,2008-09-25 22:05:00,0,train,0.21061980116842838,out-of-fold,0,Medium,
U1092,2008-09-25 23:04:00,0,train,0.19131682851135984,out-of-fold,0,Medium,
U1093,2008-09-25 23:48:00,0,train,0.11827499242171276,out-of-fold,0,Low,
U1094,2008-09-26 00:19:00,0,train,0.1508369434959108,out-of-fold,0,Low,
U1095,2008-09-26 01:21:00,0,train,0.2846756041147955,out-of-fold,0,Medium,
U1096,2008-09-26 02:26:00,0,train,0.13812736569569034,out-of-fold,0,Low,
U1097,2008-09-26 03:12:00,0,train,0.13775939914865615,out-of-fold,0,Low,
U1098,2008-09-26 03:29:00,0,train,0.013644210605654112,out-of-fold,0,Low,
U1099,2008-09-26 04:14:00,0,train,0.06684636259103763,out-of-fold,0,Low,
U1100,2008-09-26 05:32:00,0,train,0.09774082335896542,out-of-fold,0,Low,
U1101,2008-09-26 11:08:00,0,train,0.41813881136833697,out-of-fold,1,High,
U1102,2008-09-26 13:36:00,0,train,0.15618357747215994,out-of-fold,0,Low,
U1103,2008-09-26 13:45:00,0,train,0.18407274341954333,out-of-fold,0,Medium,
U1104,2008-09-26 14:20:00,0,train,0.18605310191113425,out-of-fold,0,Medium,
U1105,2008-09-26 14:51:00,0,train,0.02946908841862125,out-of-fold,0,Low,
U1106,2008-09-26 15:06:00,0,train,0.1503313795707886,out-of-fold,0,Low,
U1107,2008-09-26 15:36:00,0,train,0.09920740762113489,out-of-fold,0,Low,
U1108,2008-09-26 15:49:00,0,train,0.3575265477530315,out-of-fold,1,High,
U1109,2008-09-26 16:31:00,0,train,0.12192606458502907,out-of-fold,0,Low,
U1110,2008-09-26 17:59:00,0,train,0.21873940472152825,out-of-fold,0,Medium,
U1111,2008-09-26 18:54:00,0,train,0.32345670356149153,out-of-fold,0,Medium,
U1112,2008-09-26 19:38:00,0,train,0.13266931151994824,out-of-fold,0,Low,
U1113,2008-09-26 19:45:00,0,train,0.021940690107064224,out-of-fold,0,Low,
U1114,2008-09-26 19:55:00,0,train,0.2969238237703612,out-of-fold,0,Medium,
U1115,2008-09-26 20:23:00,0,train,0.2875556031366872,out-of-fold,0,Medium,
U1116,2008-09-26 20:31:00,0,train,0.20140981939142247,out-of-fold,0,Medium,
U1117,2008-09-27 00:16:00,0,train,0.12662332606752774,out-of-fold,0,Low,
U1118,2008-09-27 00:17:00,0,train,0.15690145196842875,out-of-fold,0,Low,
U1119,2008-09-27 01:29:00,0,train,0.17554749572928696,out-of-fold,0,Medium,
U1120,2008-09-27 03:53:00,0,train,0.11646100688830321,out-of-fold,0,Low,
U1121,2008-09-27 10:10:00,0,train,0.22653078251199255,out-of-fold,0,Medium,
U1122,2008-09-27 10:13:00,0,train,0.16981235268747763,out-of-fold,0,Medium,
U1123,2008-09-27 11:04:00,0,train,0.062192977703314695,out-of-fold,0,Low,
U1124,2008-09-27 11:45:00,0,train,0.02923505212085357,out-of-fold,0,Low,
U1125,2008-09-27 11:54:00,0,train,0.23919027915000762,out-of-fold,0,Medium,
U1126,2008-09-27 12:26:00,0,train,0.1399686051582124,out-of-fold,0,Low,
U1127,2008-09-27 12:28:00,0,train,0.1502143013146926,out-of-fold,0,Low,
U1128,2008-09-27 12:36:00,0,train,0.15073644722193305,out-of-fold,0,Low,
U1129,2008-09-27 13:14:00,0,train,0.1755123547898404,out-of-fold,0,Medium,
U1130,2008-09-27 13:19:00,0,train,0.07673296380388939,out-of-fold,0,Low,
U1131,2008-09-27 14:01:00,0,train,0.1821356179033768,out-of-fold,0,Medium,
U1132,2008-09-27 14:05:00,0,train,0.04060411124032507,out-of-fold,0,Low,
U1133,2008-09-27 14:46:00,0,train,0.1689671158075084,out-of-fold,0,Medium,
U1134,2008-09-27 15:09:00,0,train,0.12323451692405793,out-of-fold,0,Low,
U1135,2008-09-27 15:30:00,0,train,0.1322296791487117,out-of-fold,0,Low,
U1136,2008-09-27 16:13:00,0,train,0.22969743523613861,out-of-fold,0,Medium,
U1137,2008-09-27 17:26:00,0,train,0.1608910130266422,out-of-fold,0,Low,
U1138,2008-09-27 18:14:00,0,train,0.6454470514744963,out-of-fold,1,High,
U1139,2008-09-27 19:16:00,0,train,0.2441371455540552,out-of-fold,0,Medium,
U1140,2008-09-27 20:46:00,0,train,0.14839876726734352,out-of-fold,0,Low,
U1141,2008-09-27 21:45:00,0,train,0.0479077998074712,out-of-fold,0,Low,
U1142,2008-09-28 00:51:00,0,train,0.11146210934974125,out-of-fold,0,Low,
U1143,2008-09-28 01:22:00,0,train,0.43739985500325834,out-of-fold,1,High,
U1144,2008-09-28 03:55:00,0,train,0.17349895451954733,out-of-fold,0,Medium,
U1145,2008-09-28 04:45:00,1,train,0.2675792128716446,out-of-fold,0,Medium,
U1146,2008-09-28 05:31:00,0,train,0.11694225836600702,out-of-fold,0,Low,
U1147,2008-09-28 06:22:00,0,train,0.3997779418455044,out-of-fold,1,High,
U1148,2008-09-28 07:38:00,0,train,0.35315292170067203,out-of-fold,1,High,
U1149,2008-09-28 07:52:00,0,train,0.07285334131367247,out-of-fold,0,Low,
U1150,2008-09-28 08:40:00,0,train,0.19653414391274965,out-of-fold,0,Medium,
U1151,2008-09-28 08:41:00,0,train,0.04569004556868107,out-of-fold,0,Low,
U1152,2008-09-28 09:50:00,1,train,0.09009435278197994,out-of-fold,0,Low,
U1153,2008-09-28 17:05:00,0,train,0.15009735661940626,out-of-fold,0,Low,
U1154,2008-09-28 17:06:00,0,train,0.09521437300770402,out-of-fold,0,Low,
U1155,2008-09-28 17:49:00,0,train,0.04565309587899609,out-of-fold,0,Low,
U1156,2008-09-28 17:55:00,0,train,0.07314505709222535,out-of-fold,0,Low,
U1157,2008-09-28 18:34:00,0,train,0.1578942073237558,out-of-fold,0,Low,
U1158,2008-09-28 18:43:00,0,train,0.09449466057401279,out-of-fold,0,Low,
U1159,2008-09-28 19:18:00,0,train,0.15553574479958426,out-of-fold,0,Low,
U1160,2008-09-28 19:29:00,0,train,0.0365272660366108,out-of-fold,0,Low,
U1161,2008-09-28 20:02:00,0,train,0.12206601171996787,out-of-fold,0,Low,
U1162,2008-09-28 20:42:00,0,train,0.2054439651469773,out-of-fold,0,Medium,
U1163,2008-09-28 21:08:00,0,train,0.14238528908735648,out-of-fold,0,Low,
U1164,2008-09-28 21:27:00,0,train,0.046088294591400444,out-of-fold,0,Low,
U1165,2008-09-28 22:44:00,0,train,0.1561503603419897,out-of-fold,0,Low,
U1166,2008-09-28 23:54:00,0,train,0.07734902201481661,out-of-fold,0,Low,
U1167,2008-09-29 02:06:00,0,train,0.1257911309165974,out-of-fold,0,Low,0.11100278827011094
U1168,2008-09-29 03:07:00,0,train,0.0785767900419817,out-of-fold,0,Low,0.08631941307693741
U1169,2008-09-29 03:50:00,0,train,0.1926735616031387,out-of-fold,0,Medium,0.18111098939682257
U1170,2008-09-29 04:18:00,0,train,0.11166084297956827,out-of-fold,0,Low,0.10628974473780163
U1171,2008-09-29 04:47:00,0,train,0.14140512778466305,out-of-fold,0,Low,0.13100720720985728
U1172,2008-09-29 05:32:00,0,train,0.09247196187118453,out-of-fold,0,Low,0.08820191241650863
U1173,2008-09-29 07:53:00,0,train,0.07461089785607819,out-of-fold,0,Low,0.05916458209605055
U1174,2008-09-29 09:15:00,0,train,0.16711673735682683,out-of-fold,0,Low,0.1592651630105867
U1175,2008-09-29 11:13:00,0,train,0.5187109132342462,out-of-fold,1,High,0.49362474304236803
U1176,2008-09-29 11:53:00,0,test,0.3004950294820479,holdout,0,Medium,0.3042416374178484
U1177,2008-09-29 12:25:00,0,test,0.12987103981562978,holdout,0,Low,0.13348586207088056
U1178,2008-09-29 14:03:00,0,test,0.10148474916822696,holdout,0,Low,0.10270839720205194
U1179,2008-09-29 14:04:00,0,test,0.3889512612582676,holdout,1,High,0.3911418880962181
U1180,2008-09-29 14:08:00,0,test,0.16663989701082338,holdout,0,Low,0.17075399046301368
U1181,2008-09-29 15:09:00,0,test,0.16863272656663789,holdout,0,Low,0.17293679878919652
U1182,2008-09-29 15:16:00,0,test,0.17517820994098127,holdout,0,Medium,0.17952060825090438
U1183,2008-09-29 16:27:00,0,test,0.04586323851207168,holdout,0,Low,0.047237952828118934
U1184,2008-09-29 17:21:00,0,test,0.4344034313803438,holdout,1,High,0.44314491507698567
U1185,2008-09-29 21:26:00,0,test,0.06600009859068134,holdout,0,Low,0.06832989163077353
U1186,2008-09-29 21:48:00,1,test,0.17034410229808267,holdout,0,Medium,0.17478831372054396
U1187,2008-09-29 22:13:00,0,test,0.0725647159908241,holdout,0,Low,0.07374695623771363
U1188,2008-09-30 01:33:00,0,test,0.08276099383447814,holdout,0,Low,0.08616130040584238
U1189,2008-09-30 01:36:00,0,test,0.2869101600409359,holdout,0,Medium,0.29119331848511903
U1190,2008-09-30 02:44:00,1,test,0.07044896854167074,holdout,0,Low,0.07256359757139946
U1191,2008-09-30 04:01:00,0,test,0.08565133725033656,holdout,0,Low,0.08727080229657905
U1192,2008-09-30 04:42:00,0,test,0.0797184570027895,holdout,0,Low,0.08313052734814987
U1193,2008-09-30 08:44:00,0,test,0.691692392627496,holdout,1,High,0.6920765044165001
U1194,2008-09-30 12:31:00,0,test,0.28726134906254136,holdout,0,Medium,0.2912409370565954
U1195,2008-09-30 13:29:00,0,test,0.057938895176959784,holdout,0,Low,0.059378926132010054
U1196,2008-09-30 14:20:00,0,test,0.24838304368384465,holdout,0,Medium,0.2514363373662933
U1197,2008-09-30 14:36:00,0,test,0.26706787540360966,holdout,0,Medium,0.2706587501012158
U1198,2008-09-30 15:16:00,0,test,0.11420594824198668,holdout,0,Low,0.11729922983845634
U1199,2008-09-30 15:26:00,0,test,0.117992579955847,holdout,0,Low,0.12084691835805131
U1200,2008-09-30 16:13:00,0,test,0.0392738300068317,holdout,0,Low,0.04055078380218829
U1201,2008-09-30 16:50:00,0,test,0.3298731041881439,holdout,0,Medium,0.3319924153339793
U1202,2008-09-30 17:27:00,0,test,0.04158548245214793,holdout,0,Low,0.04295389123950938
U1203,2008-09-30 19:17:00,0,test,0.13757197387949877,holdout,0,Low,0.13940633838761193
U1204,2008-09-30 19:17:00,0,test,0.5955671786653957,holdout,1,High,0.5940084729111335
U1205,2008-09-30 21:39:00,0,test,0.1888779330517348,holdout,0,Medium,0.19261350079042214
U1206,2008-09-30 21:42:00,0,test,0.325885074453276,holdout,0,Medium,0.33059795250997465
U1207,2008-09-30 23:34:00,0,test,0.15084321468273704,holdout,0,Low,0.15404098064572097
U1208,2008-09-30 23:58:00,0,test,0.09366650104446135,holdout,0,Low,0.09637647460485599
U1209,2008-10-01 00:20:00,0,test,0.2813003842776562,holdout,0,Medium,0.282978051650518
U1210,2008-10-01 01:11:00,0,test,0.2699014930388537,holdout,0,Medium,0.27807626861872614
U1211,2008-10-01 02:53:00,0,test,0.2806305793298896,holdout,0,Medium,0.28523527653210806
U1212,2008-10-01 05:56:00,1,test,0.1016067506512703,holdout,0,Low,0.10463818542227729
U1213,2008-10-01 07:19:00,0,test,0.10539097765278826,holdout,0,Low,0.10632772390247369
U1214,2008-10-01 07:28:00,0,test,0.11358309582159458,holdout,0,Low,0.11477202248481794
U1215,2008-10-01 08:15:00,0,test,0.31231265882827214,holdout,0,Medium,0.31150310215545385
U1216,2008-10-01 09:15:00,0,test,0.12028244791920563,holdout,0,Low,0.11965355369920797
U1217,2008-10-01 09:16:00,0,test,0.10082743607676647,holdout,0,Low,0.10186025930347083
U1218,2008-10-01 14:22:00,0,test,0.39293794388666314,holdout,1,High,0.3926080600837531
U1219,2008-10-01 15:16:00,0,test,0.3082410598570931,holdout,0,Medium,0.30878092383974226
U1220,2008-10-01 16:43:00,0,test,0.256643466212321,holdout,0,Medium,0.26130220192567105
U1221,2008-10-01 19:57:00,0,test,0.6477687867000976,holdout,1,High,0.648297562483357
U1222,2008-10-01 21:15:00,0,test,0.5407998160028005,holdout,1,High,0.5366109418701906
U1223,2008-10-01 21:50:00,0,test,0.1338585211442377,holdout,0,Low,0.13547575889684957
U1224,2008-10-01 22:47:00,0,test,0.2572677764281464,holdout,0,Medium,0.2600174879209137
U1225,2008-10-01 23:34:00,0,test,0.3817037248031957,holdout,1,High,0.3817274240977653
U1226,2008-10-02 00:21:00,0,test,0.42289014238991074,holdout,1,High,0.4283807960189973
U1227,2008-10-02 00:22:00,0,test,0.20919930364505623,holdout,0,Medium,0.21203386401251534
U1228,2008-10-02 03:17:00,1,test,0.5626763256219354,holdout,1,High,0.5598873730585234
U1229,2008-10-02 03:27:00,0,test,0.5672871223436255,holdout,1,High,0.5656862995685722
U1230,2008-10-02 04:11:00,0,test,0.6162646379525912,holdout,1,High,0.6186932981274759
U1231,2008-10-02 04:23:00,0,test,0.5615579074496656,holdout,1,High,0.5767129446388172
U1232,2008-10-02 04:24:00,0,test,0.16423931612631945,holdout,0,Low,0.1679515921755208
U1233,2008-10-02 06:49:00,0,test,0.3005870781785249,holdout,0,Medium,0.3038579949560039
U1234,2008-10-02 07:35:00,0,test,0.559726095664856,holdout,1,High,0.5601995090251474
U1235,2008-10-02 07:58:00,0,test,0.17757748968011602,holdout,0,Medium,0.17738282333719438
U1236,2008-10-02 08:24:00,0,test,0.5880553115074348,holdout,1,High,0.5868036435270717
U1237,2008-10-02 08:52:00,0,test,0.18695432724903577,holdout,0,Medium,0.18721499081690413
U1238,2008-10-02 08:57:00,0,test,0.23478103953655025,holdout,0,Medium,0.23374631300968876
U1239,2008-10-02 09:10:00,1,test,0.6800660165409175,holdout,1,High,0.6814144067306414
U1240,2008-10-02 09:42:00,0,test,0.3039023819678115,holdout,0,Medium,0.3042785367466892
U1241,2008-10-02 10:03:00,0,test,0.8092090495579736,holdout,1,High,0.807761968214864
U1242,2008-10-02 14:07:00,1,test,0.6217562205955526,holdout,1,High,0.6236510442900011
U1243,2008-10-02 14:10:00,1,test,0.19963361928888093,holdout,0,Medium,0.1988570960611103
U1244,2008-10-02 14:54:00,0,test,0.2846078880665854,holdout,0,Medium,0.2860989018413494
U1245,2008-10-02 15:10:00,0,test,0.28039781787125356,holdout,0,Medium,0.27957605226609256
U1246,2008-10-02 15:44:00,0,test,0.2729234990113266,holdout,0,Medium,0.2802758653693741
U1247,2008-10-02 15:58:00,0,test,0.5624712995147844,holdout,1,High,0.5612616520654199
U1248,2008-10-02 16:32:00,0,test,0.39988813254585837,holdout,1,High,0.4008627072238878
U1249,2008-10-02 16:58:00,0,test,0.5609495940854187,holdout,1,High,0.5626964676208378
U1250,2008-10-02 17:00:00,0,test,0.7381406033689923,holdout,1,High,0.7383794444595768
U1251,2008-10-02 17:19:00,0,test,0.41657941221913813,holdout,1,High,0.4172586128801758
U1252,2008-10-02 19:21:00,0,test,0.6807066565654291,holdout,1,High,0.6833572667269702
U1253,2008-10-02 19:25:00,0,test,0.7467567208528538,holdout,1,High,0.7481876667824703
U1254,2008-10-02 20:54:00,0,test,0.2590294097020782,holdout,0,Medium,0.25657192293434655
U1255,2008-10-02 21:32:00,1,test,0.3640823727765802,holdout,1,High,0.3642104786126011
U1256,2008-10-02 21:33:00,0,test,0.4319713033946096,holdout,1,High,0.4301869831426118
U1257,2008-10-02 22:23:00,0,test,0.6247967131255533,holdout,1,High,0.6260712371460059
U1258,2008-10-02 22:33:00,0,test,0.3633850627647945,holdout,1,High,0.36119936140171865
U1260,2008-10-02 23:32:00,0,test,0.1564718538245096,holdout,0,Low,0.15721923179003278
U1259,2008-10-02 23:32:00,0,test,0.1356048165261408,holdout,0,Low,0.13533552639185673
U1261,2008-10-03 00:24:00,0,test,0.1677083278854577,holdout,0,Low,0.167045221248314
U1262,2008-10-03 00:55:00,0,test,0.33500253841410904,holdout,0,Medium,0.33805048353879597
U1263,2008-10-03 02:41:00,0,test,0.7380428055462892,holdout,1,High,0.7352444231071743
U1264,2008-10-03 03:52:00,0,test,0.7571149708383589,holdout,1,High,0.7572506914380343
U1265,2008-10-03 03:56:00,0,test,0.25906844473191093,holdout,0,Medium,0.2589830959415219
U1266,2008-10-03 04:49:00,0,test,0.4218133507096605,holdout,1,High,0.4227673740477732
U1267,2008-10-03 05:01:00,0,test,0.47663379909131215,holdout,1,High,0.476525769428377
U1268,2008-10-03 05:45:00,0,test,0.3150023950207624,holdout,0,Medium,0.315835650301104
U1269,2008-10-03 06:15:00,0,test,0.13362139637130627,holdout,0,Low,0.13579393464970527
U1270,2008-10-03 08:35:00,0,test,0.27221159807047274,holdout,0,Medium,0.2743040155031594
U1271,2008-10-03 09:30:00,0,test,0.06470553777779543,holdout,0,Low,0.06517520016039029
U1272,2008-10-03 11:40:00,0,test,0.3844629854897085,holdout,1,High,0.38288038584478506
U1273,2008-10-03 12:31:00,0,test,0.23413363571583765,holdout,0,Medium,0.23412941883634308
U1274,2008-10-03 18:45:00,0,test,0.6909524719040594,holdout,1,High,0.688184596047904
U1275,2008-10-03 19:23:00,0,test,0.3349423306124316,holdout,0,Medium,0.3335754382139086
U1276,2008-10-03 19:23:00,0,test,0.7293241588278095,holdout,1,High,0.7284623115831336
U1277,2008-10-03 20:11:00,0,test,0.7121723671573322,holdout,1,High,0.7099270286310908
U1278,2008-10-03 20:26:00,0,test,0.5422958158731865,holdout,1,High,0.541467614984698
U1279,2008-10-03 20:35:00,0,test,0.43753703465913724,holdout,1,High,0.4404581090745853
U1280,2008-10-03 20:46:00,0,test,0.0967544757191767,holdout,0,Low,0.10047569123936355
U1281,2008-10-03 21:15:00,0,test,0.23019745274630143,holdout,0,Medium,0.23022436355785347
U1282,2008-10-03 21:52:00,0,test,0.4447671174960994,holdout,1,High,0.4453935437065683
U1283,2008-10-03 22:08:00,0,test,0.29832871686058565,holdout,0,Medium,0.29767640599572764
U1284,2008-10-03 22:53:00,0,test,0.5749553529281055,holdout,1,High,0.5754657465496411
U1285,2008-10-03 23:46:00,0,test,0.09087421100696695,holdout,0,Low,0.09125506392710699
U1286,2008-10-04 00:58:00,0,test,0.694283681230895,holdout,1,High,0.6939807811112082
U1287,2008-10-04 01:49:00,0,test,0.22679172783145343,holdout,0,Medium,0.22735175906373384
U1288,2008-10-04 02:36:00,0,test,0.25624970636629896,holdout,0,Medium,0.2556774491118249
U1289,2008-10-04 03:53:00,0,test,0.2957447197344748,holdout,0,Medium,0.29598679727769023
U1290,2008-10-04 04:12:00,0,test,0.08000152769703424,holdout,0,Low,0.08097684981192212
U1291,2008-10-04 04:45:00,0,test,0.28166692262753645,holdout,0,Medium,0.27937616270091364
U1292,2008-10-04 09:29:00,0,test,0.09111817143175036,holdout,0,Low,0.08973570503413075
U1293,2008-10-04 15:16:00,0,test,0.584651311368942,holdout,1,High,0.5891603655302636
U1294,2008-10-04 16:58:00,0,test,0.4554517690479488,holdout,1,High,0.45971207783493734
U1295,2008-10-04 18:15:00,0,test,0.2430396545602447,holdout,0,Medium,0.24348775783658178
U1296,2008-10-04 18:25:00,0,test,0.21498121647737986,holdout,0,Medium,0.21770385190468725
U1297,2008-10-04 18:59:00,0,test,0.3840456185472677,holdout,1,High,0.38204464338886346
U1298,2008-10-04 19:12:00,0,test,0.1976704724809716,holdout,0,Medium,0.1979352471159539
U1299,2008-10-04 19:47:00,0,test,0.24614271280169867,holdout,0,Medium,0.24884257572003685
U1300,2008-10-04 19:54:00,0,test,0.2734709302512919,holdout,0,Medium,0.27568517328023107
U1301,2008-10-04 20:39:00,0,test,0.2238350210726845,holdout,0,Medium,0.2251210699047011
U1302,2008-10-04 22:06:00,0,test,0.2480886567214184,holdout,0,Medium,0.24991230147859111
U1303,2008-10-04 23:18:00,1,test,0.07223026511087308,holdout,0,Low,0.0733576489914672
U1304,2008-10-05 00:33:00,1,test,0.35318522576099287,holdout,1,High,0.3566986069525196
U1305,2008-10-05 00:33:00,0,test,0.5463327853313117,holdout,1,High,0.5474323390734267
U1306,2008-10-05 01:35:00,0,test,0.2819755742917369,holdout,0,Medium,0.2826902482751856
U1307,2008-10-05 04:01:00,0,test,0.24612851564516516,holdout,0,Medium,0.2480527910398131
U1308,2008-10-05 04:20:00,0,test,5.015752968788242e-05,holdout,0,Low,5.158550666243648e-05
U1309,2008-10-05 04:48:00,0,test,0.03822188239205501,holdout,0,Low,0.03878961508881376
U1310,2008-10-05 05:31:00,0,test,0.27336803035863444,holdout,0,Medium,0.27500566429230944
U1311,2008-10-05 05:53:00,0,test,0.1731767036698556,holdout,0,Medium,0.1748534429118622
U1312,2008-10-05 06:15:00,0,test,0.2900238698416616,holdout,0,Medium,0.2916371792770324
U1313,2008-10-05 08:02:00,0,test,0.128406383801567,holdout,0,Low,0.12764209468659365
U1314,2008-10-05 08:40:00,0,test,0.10037359943667949,holdout,0,Low,0.10313713971851961
U1315,2008-10-05 09:04:00,0,test,3.514715213880423e-05,holdout,0,Low,3.619217382509552e-05
U1316,2008-10-05 09:47:00,0,test,0.24854345232063188,holdout,0,Medium,0.2503560276236669
U1317,2008-10-05 10:00:00,0,test,0.23895563255575475,holdout,0,Medium,0.23951767022942044
U1318,2008-10-05 10:43:00,0,test,0.18184598304706087,holdout,0,Medium,0.18394382085783978
U1319,2008-10-05 11:05:00,0,test,0.13432047834106042,holdout,0,Low,0.13749480520872842
U1320,2008-10-05 11:30:00,0,test,0.00010923288391176817,holdout,0,Low,0.00011144615345573247
U1321,2008-10-05 12:03:00,0,test,0.4095480674591706,holdout,1,High,0.4112055132471467
U1322,2008-10-05 12:17:00,0,test,0.4564337706658131,holdout,1,High,0.455957690579285
U1323,2008-10-05 13:49:00,0,test,0.29977786682779944,holdout,0,Medium,0.30147978144133586
U1324,2008-10-05 14:34:00,0,test,0.11446860242433665,holdout,0,Low,0.11554103718631802
U1325,2008-10-05 15:30:00,1,test,0.2552988381323626,holdout,0,Medium,0.25549935203410357
U1326,2008-10-05 15:35:00,1,test,0.47923631702006797,holdout,1,High,0.481150450057135
U1327,2008-10-05 16:15:00,0,test,0.22662161181974064,holdout,0,Medium,0.22786470882037693
U1328,2008-10-05 16:37:00,1,test,0.27812793276621867,holdout,0,Medium,0.2793861172926152
U1329,2008-10-05 16:49:00,1,test,0.44946141596514616,holdout,1,High,0.4477322442520858
U1330,2008-10-05 18:46:00,1,test,0.12352312683999599,holdout,0,Low,0.12579693711610668
U1331,2008-10-05 18:59:00,0,test,0.31611232961662616,holdout,0,Medium,0.316674249718183
U1332,2008-10-05 19:45:00,0,test,3.0035394584502747e-05,holdout,0,Low,3.086876905923408e-05
U1333,2008-10-05 20:12:00,0,test,0.08962094459812908,holdout,0,Low,0.09070108675517577
U1334,2008-10-05 20:30:00,0,test,0.2282268580194749,holdout,0,Medium,0.2308910743908013
U1335,2008-10-05 22:13:00,0,test,0.25499243719393816,holdout,0,Medium,0.2568254064115701
U1336,2008-10-06 00:41:00,0,test,0.09699387533081445,holdout,0,Low,0.14020669066453523
U1337,2008-10-06 01:25:00,0,test,0.33306372548667207,holdout,0,Medium,0.18727206297737223
U1338,2008-10-06 01:27:00,0,test,0.11462994518789624,holdout,0,Low,0.11622472961132263
U1339,2008-10-06 01:30:00,0,test,0.10297910744079154,holdout,0,Low,0.08865660386025581
U1340,2008-10-06 02:44:00,0,test,0.3459126974752331,holdout,1,High,0.35178963557102305
U1341,2008-10-06 02:49:00,0,test,0.36213136817367353,holdout,1,High,0.4495991658826012
U1342,2008-10-06 03:31:00,0,test,0.12194274888963672,holdout,0,Low,0.24664329726057257
U1343,2008-10-06 03:50:00,1,test,0.1838289101398131,holdout,0,Medium,0.2659189873321144
U1344,2008-10-06 03:57:00,1,test,0.13521385990183138,holdout,0,Low,0.22913956314555087
U1345,2008-10-06 04:26:00,0,test,0.6466865765802629,holdout,1,High,0.6429768291160595
U1346,2008-10-06 05:21:00,0,test,0.2893793451933604,holdout,0,Medium,0.2849281817740132
U1347,2008-10-06 05:24:00,0,test,0.4810133182038018,holdout,1,High,0.5741012618928802
U1348,2008-10-06 06:11:00,0,test,0.16787146424101912,holdout,0,Low,0.22827561765472673
U1349,2008-10-06 06:26:00,0,test,0.3349016512707728,holdout,0,Medium,0.31290457309827147
U1350,2008-10-06 06:49:00,0,test,0.08440583640438146,holdout,0,Low,0.092704267135837
U1351,2008-10-06 07:12:00,0,test,0.23316088960186437,holdout,0,Medium,0.29698346280704707
U1352,2008-10-06 07:17:00,0,test,0.33094554961294936,holdout,0,Medium,0.24730636320220023
U1353,2008-10-06 07:35:00,0,test,0.13692766475104215,holdout,0,Low,0.2255575277679801
U1354,2008-10-06 07:38:00,0,test,0.1724021612358815,holdout,0,Medium,0.1940214283823057
U1355,2008-10-06 08:24:00,0,test,0.0937242714362238,holdout,0,Low,0.18054510242955538
U1356,2008-10-06 08:57:00,0,test,0.1815765610754403,holdout,0,Medium,0.24734081158147553
U1357,2008-10-06 09:11:00,0,test,0.3805227792191823,holdout,1,High,0.4421036393222158
U1358,2008-10-06 09:57:00,0,test,0.2067840160052318,holdout,0,Medium,0.31835837029821995
U1359,2008-10-06 10:07:00,0,test,0.4427783722558011,holdout,1,High,0.5897965044383029
U1360,2008-10-06 11:51:00,0,test,0.2579950472917106,holdout,0,Medium,0.40997827938977277
U1361,2008-10-06 12:39:00,0,test,0.16304454702036952,holdout,0,Low,0.29818918695446167
U1362,2008-10-06 12:42:00,0,test,0.2619576726676638,holdout,0,Medium,0.36833757791808297
U1363,2008-10-06 13:08:00,0,test,0.1408066717513369,holdout,0,Low,0.1099899695506294
U1364,2008-10-06 13:38:00,1,test,0.451734790658039,holdout,1,High,0.618932936591045
U1365,2008-10-06 13:55:00,1,test,0.23708788266087263,holdout,0,Medium,0.4907174751464199
U1366,2008-10-06 15:00:00,1,test,0.190826716300841,holdout,0,Medium,0.24066413115449253
U1367,2008-10-06 15:01:00,0,test,0.3323477694399802,holdout,0,Medium,0.33754957223242377
U1368,2008-10-06 15:52:00,0,test,0.6219620790708728,holdout,1,High,0.4450839009928217
U1369,2008-10-06 16:42:00,0,test,0.41639515450376885,holdout,1,High,0.3325185120888081
U1370,2008-10-06 16:50:00,0,test,0.15848870555956962,holdout,0,Low,0.30965025909429816
U1372,2008-10-06 17:26:00,0,test,0.13088678572149107,holdout,0,Low,0.17641901305327065
U1371,2008-10-06 17:26:00,0,test,0.023600613401532827,holdout,0,Low,0.05796332725096824
U1373,2008-10-06 17:35:00,0,test,0.09889155784001175,holdout,0,Low,0.12307828098804448
U1374,2008-10-06 18:54:00,0,test,0.27852140352042787,holdout,0,Medium,0.3420692354502982
U1375,2008-10-06 18:55:00,0,test,7.681686555932386e-05,holdout,0,Low,0.00022813474541655607
U1376,2008-10-06 19:42:00,0,test,0.10974651542626965,holdout,0,Low,0.28478219436026125
U1377,2008-10-06 20:02:00,0,test,0.21015034735014607,holdout,0,Medium,0.2526042556648294
U1378,2008-10-06 20:36:00,0,test,0.14775570691611128,holdout,0,Low,0.1764038537797797
U1379,2008-10-06 20:47:00,0,test,0.1506977641683951,holdout,0,Low,0.21213230024155114
U1380,2008-10-06 21:46:00,0,test,0.19513001845767064,holdout,0,Medium,0.2615482328647062
U1381,2008-10-06 21:48:00,0,test,0.029925689261634334,holdout,0,Low,0.05573940343662167
U1382,2008-10-06 22:37:00,0,test,0.23889660539582427,holdout,0,Medium,0.16023373312420597
U1383,2008-10-06 23:03:00,0,test,0.13269201737707065,holdout,0,Low,0.3011543568967893
U1384,2008-10-07 01:46:00,0,test,0.16682673580594515,holdout,0,Low,0.16083516111619828
U1385,2008-10-07 03:29:00,0,test,0.051729030702188254,holdout,0,Low,0.09472558686505571
U1386,2008-10-07 03:39:00,0,test,0.21695357418032274,holdout,0,Medium,0.1937925051219684
U1387,2008-10-07 07:32:00,0,test,0.2496332415084548,holdout,0,Medium,0.26695060941512433
U1388,2008-10-07 07:41:00,0,test,0.15509812775643583,holdout,0,Low,0.19394721981405175
U1389,2008-10-07 08:25:00,0,test,0.2176570573952272,holdout,0,Medium,0.28055854337825165
U1390,2008-10-07 08:26:00,0,test,0.5897886237257592,holdout,1,High,0.552491123800337
U1391,2008-10-07 09:11:00,0,test,0.21261209609867898,holdout,0,Medium,0.2489562330018286
U1392,2008-10-07 09:20:00,0,test,0.05956244897269002,holdout,0,Low,0.10318441473686119
U1393,2008-10-07 09:59:00,0,test,0.26878054004986845,holdout,0,Medium,0.2744309186422189
U1394,2008-10-07 10:04:00,0,test,0.14682631707648255,holdout,0,Low,0.10140096614014885
U1395,2008-10-07 10:10:00,0,test,0.4030442233257735,holdout,1,High,0.4628159009432991
U1396,2008-10-07 10:51:00,0,test,0.10684428969299732,holdout,0,Low,0.14928208360710823
U1397,2008-10-07 11:15:00,0,test,0.2606961231278827,holdout,0,Medium,0.33057591750707493
U1398,2008-10-07 11:16:00,0,test,0.5244478248527609,holdout,1,High,0.25769322572097786
U1399,2008-10-07 11:36:00,0,test,0.47609805989417425,holdout,1,High,0.46503188977005216
U1400,2008-10-07 12:40:00,0,test,0.3092792129208862,holdout,0,Medium,0.27607477143816983
U1401,2008-10-07 13:10:00,1,test,0.26400868518505255,holdout,0,Medium,0.3987759004649944
U1402,2008-10-07 13:48:00,0,test,0.4575984792656453,holdout,1,High,0.4999993779853642
U1403,2008-10-07 14:35:00,0,test,0.1217519006797321,holdout,0,Low,0.22611901540957863
U1404,2008-10-07 16:32:00,0,test,0.6856431665389036,holdout,1,High,0.7020603150133503
U1405,2008-10-07 17:06:00,0,test,0.11154118842321911,holdout,0,Low,0.07049986683363471
U1406,2008-10-07 17:28:00,0,test,0.06412438982655784,holdout,0,Low,0.08752603108670678
U1407,2008-10-07 18:39:00,0,test,0.23734701674240885,holdout,0,Medium,0.2607859594406826
U1408,2008-10-07 19:24:00,0,test,0.1538803959055537,holdout,0,Low,0.26036381367360434
U1409,2008-10-07 20:19:00,0,test,3.755794993515837e-05,holdout,0,Low,0.0001844792715384116
U1410,2008-10-07 20:39:00,0,test,0.1543177251740218,holdout,0,Low,0.2229140555204867
U1411,2008-10-07 20:48:00,0,test,0.26237156548867,holdout,0,Medium,0.3663653870732272
U1412,2008-10-08 04:47:00,0,test,0.18400771968873267,holdout,0,Medium,0.2288310924186088
U1413,2008-10-08 05:35:00,0,test,0.2028185531781798,holdout,0,Medium,0.2367172657162454
U1414,2008-10-08 05:38:00,0,test,0.25842358784636105,holdout,0,Medium,0.20985017273582507
U1415,2008-10-08 06:25:00,0,test,0.2229712741644604,holdout,0,Medium,0.3204953445048957
U1416,2008-10-08 07:10:00,0,test,0.08492904779968417,holdout,0,Low,0.12279931930226187
U1417,2008-10-08 07:13:00,0,test,0.08116453886317831,holdout,0,Low,0.11881567514403459
U1418,2008-10-08 07:16:00,0,test,0.10268338121686414,holdout,0,Low,0.1753782490480491
U1419,2008-10-08 09:01:00,0,test,0.19988666862284266,holdout,0,Medium,0.22517412470322304
U1420,2008-10-08 09:06:00,0,test,0.06582839045137778,holdout,0,Low,0.1411420413356353
U1421,2008-10-08 10:37:00,0,test,0.2723841817512233,holdout,0,Medium,0.32332537105318965
U1422,2008-10-08 12:11:00,0,test,0.19465107823051167,holdout,0,Medium,0.2343910227527293
U1423,2008-10-08 13:35:00,0,test,0.17699320608687208,holdout,0,Medium,0.2823965668005666
U1424,2008-10-08 13:38:00,0,test,0.3401541528551207,holdout,1,High,0.48905833267177196
U1425,2008-10-08 14:48:00,0,test,0.3236095708411095,holdout,0,Medium,0.4467109423205492
U1426,2008-10-08 15:37:00,0,test,0.0882514210088058,holdout,0,Low,0.20720299724013033
U1427,2008-10-08 16:26:00,0,test,0.3281143050047122,holdout,0,Medium,0.3907460315613694
U1428,2008-10-08 17:14:00,0,test,0.11268064723325046,holdout,0,Low,0.1373167113347026
U1429,2008-10-08 17:31:00,0,test,0.3005326548521358,holdout,0,Medium,0.3663650698278565
U1430,2008-10-08 17:41:00,0,test,0.11010882486963579,holdout,0,Low,0.1568189548321112
U1431,2008-10-08 18:22:00,0,test,0.07094964278501464,holdout,0,Low,0.10872903872740779
U1432,2008-10-08 20:27:00,0,test,0.4692439005435587,holdout,1,High,0.4727966785901534
U1433,2008-10-08 21:19:00,0,test,0.11327990376658421,holdout,0,Low,0.17787552467381432
U1434,2008-10-08 21:45:00,0,test,0.040948460175291426,holdout,0,Low,0.0599877851219129
U1435,2008-10-08 22:08:00,0,test,0.028138427623051614,holdout,0,Low,0.16275500966134526
U1436,2008-10-08 23:13:00,0,test,0.25923349132820095,holdout,0,Medium,0.21862864838137408
U1437,2008-10-08 23:50:00,0,test,0.4110944116975974,holdout,1,High,0.40291403780661145
U1438,2008-10-09 00:23:00,0,test,0.07314130578899664,holdout,0,Low,0.1342199510832607
U1439,2008-10-09 04:34:00,1,test,0.1855023796766079,holdout,0,Medium,0.1908664142831394
U1440,2008-10-09 06:06:00,0,test,0.11416456511913185,holdout,0,Low,0.13296892355213155
U1441,2008-10-09 07:38:00,0,test,0.14547650249049524,holdout,0,Low,0.2109506761280549
U1442,2008-10-09 14:15:00,0,test,0.16582827323979646,holdout,0,Low,0.17824001331439074
U1443,2008-10-09 15:04:00,0,test,0.1428314685309142,holdout,0,Low,0.13540994711870796
U1444,2008-10-09 15:55:00,1,test,0.11039075949174235,holdout,0,Low,0.16553728630220294
U1445,2008-10-09 15:56:00,0,test,0.22096530862086,holdout,0,Medium,0.2943268397890113
U1446,2008-10-10 10:05:00,0,test,0.11808588207728939,holdout,0,Low,0.2527107080723898
U1447,2008-10-10 10:46:00,0,test,0.3034338538633068,holdout,0,Medium,0.29454588216539396
U1448,2008-10-10 10:53:00,0,test,0.5862200917401339,holdout,1,High,0.5252566265239856
U1449,2008-10-10 12:30:00,0,test,0.2923860901577427,holdout,0,Medium,0.35900571832370765
U1450,2008-10-10 15:33:00,0,test,0.15185539806023016,holdout,0,Low,0.3852372416860604
U1451,2008-10-10 15:50:00,0,test,0.1578005224123852,holdout,0,Low,0.24573974935333875
U1452,2008-10-10 20:02:00,0,test,0.12853322296736122,holdout,0,Low,0.18178473309467397
U1453,2008-10-10 21:03:00,0,test,0.05513130596698314,holdout,0,Low,0.13238750360619314
U1454,2008-10-10 21:07:00,0,test,0.067900041164672,holdout,0,Low,0.07046881451821206
U1455,2008-10-10 21:16:00,0,test,0.051844282179668265,holdout,0,Low,0.06063623800371723
U1456,2008-10-11 02:55:00,0,test,0.06803266526176141,holdout,0,Low,0.14260309093118356
U1457,2008-10-11 06:56:00,0,test,0.3916958885393654,holdout,1,High,0.41116853438558226
U1458,2008-10-11 07:38:00,0,test,0.1297195234398649,holdout,0,Low,0.25277652133160733
U1459,2008-10-11 07:39:00,0,test,0.6546055297007141,holdout,1,High,0.27928663274961113
U1460,2008-10-11 07:42:00,0,test,4.852185943707982e-05,holdout,0,Low,0.00015065810448669736
U1461,2008-10-11 08:27:00,0,test,0.2829464234898416,holdout,0,Medium,0.42338312266678135
U1462,2008-10-11 14:43:00,0,test,2.3723534975226563e-05,holdout,0,Low,3.88438468040248e-05
U1463,2008-10-11 15:33:00,0,test,0.04333642427259938,holdout,0,Low,0.05692872437561284
U1464,2008-10-11 16:25:00,0,test,0.039306679885042474,holdout,0,Low,0.04873522647165756
U1465,2008-10-11 23:16:00,0,test,0.06500853105680639,holdout,0,Low,0.10266808501054325
U1466,2008-10-11 23:58:00,0,test,0.07017474619121955,holdout,0,Low,0.08674266537382419
U1467,2008-10-12 00:57:00,0,test,0.02355789025089533,holdout,0,Low,0.03050688388219142
U1468,2008-10-12 01:50:00,0,test,0.49102320476574224,holdout,1,High,0.49584870892081695
U1469,2008-10-12 02:59:00,0,test,0.11487513011972939,holdout,0,Low,0.10320568943325686
U1470,2008-10-12 03:21:00,0,test,0.5121815299944542,holdout,1,High,0.5597852450553361
U1471,2008-10-12 03:28:00,0,test,0.3378823390898834,holdout,1,High,0.4332858643245343
U1472,2008-10-12 08:19:00,0,test,0.08619484331910217,holdout,0,Low,0.06899617750150175
U1473,2008-10-12 18:47:00,0,test,0.106936111289881,holdout,0,Low,0.1552524920234508
U1474,2008-10-13 03:34:00,0,test,0.07130150789331699,holdout,0,Low,0.08945026864193793
U1475,2008-10-13 03:53:00,0,test,0.39619822416488576,holdout,1,High,0.2958510663153604
U1476,2008-10-13 11:27:00,0,test,0.2922647147523379,holdout,0,Medium,0.3568956186049884
U1477,2008-10-13 12:18:00,0,test,0.16908386162412528,holdout,0,Medium,0.17952469133672316
U1478,2008-10-13 14:06:00,0,test,0.029177811001136207,holdout,0,Low,0.14115411278505724
U1479,2008-10-13 14:29:00,0,test,0.16632435659922826,holdout,0,Low,0.21894391940117094
U1480,2008-10-13 14:30:00,0,test,0.07109504240290837,holdout,0,Low,0.15042659957948715
U1481,2008-10-13 14:55:00,0,test,0.09912431720568143,holdout,0,Low,0.10637885334147432
U1482,2008-10-13 15:42:00,0,test,0.058950543474586024,holdout,0,Low,0.09775919706703864
U1483,2008-10-13 15:42:00,0,test,0.20281222302901147,holdout,0,Medium,0.19573975302443253
U1484,2008-10-13 16:13:00,0,test,0.05561761834484035,holdout,0,Low,0.12224129136594913
U1485,2008-10-13 19:17:00,0,test,0.15396962329616504,holdout,0,Low,0.1889443095812371
U1486,2008-10-13 19:36:00,0,test,0.3142258803929042,holdout,0,Medium,0.23143641739887158
U1487,2008-10-13 19:40:00,0,test,0.06787360536523238,holdout,0,Low,0.07618420095910983
U1488,2008-10-13 20:10:00,0,test,0.1206109016094813,holdout,0,Low,0.21344333476043828
U1489,2008-10-13 20:30:00,0,test,0.14666482988950652,holdout,0,Low,0.15383488845465407
U1490,2008-10-13 20:53:00,0,test,0.6125552559335902,holdout,1,High,0.44553112718989896
U1491,2008-10-13 21:20:00,0,test,0.12263967372035232,holdout,0,Low,0.1376664539550381
U1492,2008-10-13 21:47:00,0,test,0.16292377046901732,holdout,0,Low,0.19450844522471178
U1493,2008-10-13 21:57:00,0,test,0.09951824400147738,holdout,0,Low,0.2937524284704058
U1494,2008-10-13 22:48:00,0,test,0.19426762643287587,holdout,0,Medium,0.25116297257254033
U1495,2008-10-13 22:54:00,0,test,0.13702469585623686,holdout,0,Low,0.12621821682650453
U1496,2008-10-14 00:35:00,0,test,0.12196707063103415,holdout,0,Low,0.14073958452311164
U1497,2008-10-14 03:21:00,0,test,0.11726634573883966,holdout,0,Low,0.1879524623437705
U1498,2008-10-14 03:28:00,0,test,0.132269683805718,holdout,0,Low,0.19456097047243126
U1499,2008-10-14 03:35:00,0,test,0.20298669644145695,holdout,0,Medium,0.14332949828608205
U1500,2008-10-14 13:13:00,0,test,0.026680629811027326,holdout,0,Low,0.12801724999639372
U1501,2008-10-14 13:16:00,0,test,0.2506515135790076,holdout,0,Medium,0.5309524096230691
U1502,2008-10-14 14:07:00,0,test,0.10226130231802252,holdout,0,Low,0.42138010212395444
U1503,2008-10-14 14:15:00,0,test,0.09808145160321212,holdout,0,Low,0.12318180204088716
U1504,2008-10-14 14:43:00,0,test,0.26232209281104074,holdout,0,Medium,0.36061800364736835
U1505,2008-10-14 17:36:00,0,test,0.1977886771099087,holdout,0,Medium,0.20554708141867148
U1506,2008-10-14 19:15:00,0,test,0.3757855305281141,holdout,1,High,0.3637039210537289
U1507,2008-10-14 20:01:00,0,test,0.24408288516302298,holdout,0,Medium,0.4783189162839922
U1508,2008-10-14 20:30:00,0,test,0.29200577474320183,holdout,0,Medium,0.48402405364327694
U1509,2008-10-14 20:48:00,0,test,0.09841981349245034,holdout,0,Low,0.17076145960931666
U1510,2008-10-14 21:36:00,0,test,0.37838300211210935,holdout,1,High,0.3409513612467973
U1511,2008-10-14 23:07:00,0,test,0.06913533118935841,holdout,0,Low,0.12496197410034948
U1512,2008-10-15 00:03:00,0,test,0.14641251645867773,holdout,0,Low,0.18478939354332033
U1513,2008-10-15 00:27:00,0,test,0.06546333163202403,holdout,0,Low,0.15863730995995867
U1514,2008-10-15 00:47:00,0,test,0.29322108925354057,holdout,0,Medium,0.540097401229342
U1516,2008-10-15 01:52:00,0,test,0.25030656302474524,holdout,0,Medium,0.291200156819728
U1517,2008-10-15 01:52:00,0,test,0.08860774941042143,holdout,0,Low,0.1940670615136964
U1515,2008-10-15 01:52:00,0,test,0.2692086017293682,holdout,0,Medium,0.2296947930497446
U1518,2008-10-15 02:40:00,0,test,0.32904604679480265,holdout,0,Medium,0.36366025265017193
U1519,2008-10-15 02:40:00,0,test,0.13293861526694714,holdout,0,Low,0.567049974473821
U1520,2008-10-15 02:42:00,1,test,0.5145180219588381,holdout,1,High,0.4268627595598094
U1521,2008-10-15 03:24:00,0,test,0.35525828734449166,holdout,1,High,0.3182784164467694
U1522,2008-10-15 04:08:00,0,test,0.12208570299533282,holdout,0,Low,0.33728029336178883
U1523,2008-10-15 05:13:00,0,test,0.19165859404436805,holdout,0,Medium,0.32352064624983234
U1524,2008-10-15 05:16:00,0,test,0.08912491853225761,holdout,0,Low,0.11434049233222329
U1525,2008-10-15 06:49:00,0,test,0.17101999024741454,holdout,0,Medium,0.1933681475680819
U1526,2008-10-15 07:36:00,0,test,0.12539270897062071,holdout,0,Low,0.1209241101195523
U1527,2008-10-15 07:55:00,0,test,0.13940603620600417,holdout,0,Low,0.11228922372497874
U1528,2008-10-15 08:21:00,0,test,0.06621766030972004,holdout,0,Low,0.059706769983851535
U1529,2008-10-15 09:11:00,0,test,0.13844936379799827,holdout,0,Low,0.24225945047896413
U1530,2008-10-15 10:00:00,0,test,0.03367923505092682,holdout,0,Low,0.07724173475983342
U1531,2008-10-15 12:53:00,0,test,0.10109282857614255,holdout,0,Low,0.2082891389137401
U1532,2008-10-15 13:14:00,0,test,0.09268784463978792,holdout,0,Low,0.11944008335622561
U1533,2008-10-15 13:16:00,0,test,0.18545426356944641,holdout,0,Medium,0.2920129651742604
U1534,2008-10-15 14:08:00,0,test,0.18343574686465283,holdout,0,Medium,0.23577030626082
U1535,2008-10-15 15:11:00,0,test,0.3115064317942286,holdout,0,Medium,0.30326219392316933
U1536,2008-10-15 16:24:00,0,test,0.10682258017230162,holdout,0,Low,0.1639640517747287
U1537,2008-10-15 17:19:00,0,test,0.17692248876520786,holdout,0,Medium,0.3586433695215187
U1538,2008-10-15 18:16:00,0,test,0.08016377485406832,holdout,0,Low,0.059537081700245076
U1539,2008-10-15 19:15:00,0,test,0.06700451717736833,holdout,0,Low,0.1902480225669499
U1540,2008-10-15 19:24:00,0,test,0.35329725505170845,holdout,1,High,0.15176477200754235
U1541,2008-10-15 21:44:00,0,test,0.23655240876382963,holdout,0,Medium,0.27835624214894056
U1542,2008-10-15 22:45:00,0,test,0.17041769234565793,holdout,0,Medium,0.4776484231867316
U1543,2008-10-15 22:54:00,0,test,0.21304499718620434,holdout,0,Medium,0.3307192603931984
U1544,2008-10-15 23:00:00,0,test,0.09024241476301986,holdout,0,Low,0.26726319193610903
U1545,2008-10-15 23:45:00,0,test,0.14029003924109182,holdout,0,Low,0.3217946306579799
U1546,2008-10-16 02:16:00,0,test,0.31165906942300353,holdout,0,Medium,0.28816084018029114
U1547,2008-10-16 02:16:00,0,test,0.35357801237712894,holdout,1,High,0.3104555921012568
U1548,2008-10-16 02:17:00,0,test,0.10143072454938566,holdout,0,Low,0.13991090822869717
U1549,2008-10-16 02:22:00,0,test,0.3186486018450397,holdout,0,Medium,0.2304415512925587
U1550,2008-10-16 02:55:00,0,test,0.29941129120745213,holdout,0,Medium,0.45155854271464396
U1551,2008-10-16 03:56:00,0,test,0.12422705494053314,holdout,0,Low,0.16232650233587478
U1553,2008-10-16 04:02:00,0,test,0.1492090845289154,holdout,0,Low,0.28819441603978374
U1552,2008-10-16 04:02:00,0,test,0.11797173278231819,holdout,0,Low,0.16894534573523123
U1554,2008-10-16 04:04:00,0,test,0.08113491159202664,holdout,0,Low,0.18675632730607247
U1555,2008-10-16 04:47:00,0,test,0.13553280516186259,holdout,0,Low,0.38788318714055336
U1556,2008-10-16 04:50:00,0,test,0.4374935910895314,holdout,1,High,0.5173527799950198
U1557,2008-10-16 04:54:00,0,test,0.18071465461950714,holdout,0,Medium,0.27046103115561754
U1558,2008-10-16 05:08:00,0,test,0.18465868180883468,holdout,0,Medium,0.4752295614584263
U1559,2008-10-16 05:13:00,0,test,0.07573900029134058,holdout,0,Low,0.1047230149044972
U1560,2008-10-16 05:44:00,0,test,0.05831006016516688,holdout,0,Low,0.1232624702905192
U1561,2008-10-16 05:58:00,0,test,0.12647275831023586,holdout,0,Low,0.056955314516417714
U1562,2008-10-16 15:02:00,0,test,0.5309470462729201,holdout,1,High,0.4329602691394268
U1563,2008-10-16 15:13:00,0,test,0.40544662568293305,holdout,1,High,0.3635707551230577
U1564,2008-10-16 20:49:00,0,test,0.13748079503588073,holdout,0,Low,0.24578440743649949
U1565,2008-10-17 05:26:00,0,test,0.5751714317001265,holdout,1,High,0.4192963136104257
U1566,2008-10-17 06:01:00,0,test,0.24172504122965124,holdout,0,Medium,0.2909165350374208
U1567,2008-10-17 06:07:00,0,test,0.1777024435417918,holdout,0,Medium,0.26956739399896007
