unit_id,timestamp,date,week_start,month,day_name,hour,shift,status,fail_flag,missing_sensor_count,predicted_fail_prob,risk_level,anomaly_score,is_anomaly,ooc_sensor_count,sensor_059,sensor_103,sensor_033,sensor_130,sensor_247,sensor_519,sensor_477,sensor_129,sensor_205,sensor_152
U0001,2008-07-19 11:55:00,2008-07-19,2008-07-14,2008-07,Saturday,11,Morning (08-16),Pass,0,44,0.1013,Medium,0.4241,No,0,-1.7264,-0.0042,9.5126,0.7243,,,5.8142,-0.0473,8.64,0.4734
U0002,2008-07-19 12:32:00,2008-07-19,2008-07-14,2008-07,Saturday,12,Morning (08-16),Pass,0,36,0.0757,Low,0.4084,No,0,0.8073,-0.0045,9.7997,0.8122,,,5.8042,-0.0946,8.96,0.5666
U0003,2008-07-19 13:17:00,2008-07-19,2008-07-14,2008-07,Saturday,13,Morning (08-16),Fail,1,20,0.1355,Medium,0.4281,No,1,23.8245,-0.0026,8.659,0.8194,0.1729,36.9067,9.1221,-0.1892,13.3,0.4909
U0004,2008-07-19 14:43:00,2008-07-19,2008-07-14,2008-07,Saturday,14,Morning (08-16),Pass,0,20,0.1489,Medium,0.4201,No,0,24.3791,-0.0059,8.6789,0.7244,0.0191,4.12,6.4746,0.2838,9.56,1.3029
U0005,2008-07-19 15:22:00,2008-07-19,2008-07-14,2008-07,Saturday,15,Morning (08-16),Pass,0,40,0.1411,Medium,0.4269,No,0,-12.2945,-0.0045,8.7677,0.778,,,6.1979,-0.5677,9.09,0.4434
U0006,2008-07-19 17:53:00,2008-07-19,2008-07-14,2008-07,Saturday,17,Evening (16-24),Pass,0,24,0.1195,Medium,0.4222,No,0,28.2955,-0.0052,9.6484,0.8122,0.0217,4.6687,8.5143,-0.0946,12.32,0.5564
U0007,2008-07-19 19:44:00,2008-07-19,2008-07-14,2008-07,Saturday,19,Evening (16-24),Pass,0,40,0.1164,Medium,0.4056,No,0,2.1109,-0.0042,9.1502,0.7589,,,8.8016,-0.4731,13.41,0.4136
U0008,2008-07-19 19:45:00,2008-07-19,2008-07-14,2008-07,Saturday,19,Evening (16-24),Pass,0,24,0.1864,High,0.422,No,0,29.1309,-0.0057,8.7289,0.7863,0.0643,13.823,11.8759,0.7096,17.14,1.3097
U0009,2008-07-19 20:24:00,2008-07-19,2008-07-14,2008-07,Saturday,20,Evening (16-24),Pass,0,24,0.2213,High,0.4431,Yes,0,26.9791,-0.0048,9.6234,0.7863,0.0306,6.5964,4.9673,0.7096,7.18,1.3892
U0010,2008-07-19 21:35:00,2008-07-19,2008-07-14,2008-07,Saturday,21,Evening (16-24),Pass,0,24,0.1176,Medium,0.4337,Yes,0,28.3118,-0.0073,8.7289,0.7863,0.0368,7.9931,16.9701,0.7096,24.97,1.2564
U0011,2008-07-19 21:57:00,2008-07-19,2008-07-14,2008-07,Saturday,21,Evening (16-24),Fail,1,20,0.1321,Medium,0.4642,Yes,1,27.8373,-0.0056,8.659,0.778,0.058,12.5838,8.8454,-0.5677,12.79,0.4291
U0012,2008-07-19 22:52:00,2008-07-19,2008-07-14,2008-07,Saturday,22,Evening (16-24),Fail,1,24,0.1396,Medium,0.4224,No,0,25.0836,-0.0059,9.6234,0.8038,0.0458,9.6888,8.3929,-0.5677,12.1,0.4533
U0013,2008-07-20 03:35:00,2008-07-20,2008-07-14,2008-07,Sunday,3,Night (00-08),Pass,0,28,0.1144,Medium,0.4149,No,0,22.6227,-0.0075,8.6789,0.7589,0.0317,6.8582,4.5258,-0.4731,6.45,0.5815
U0014,2008-07-21 08:21:00,2008-07-21,2008-07-21,2008-07,Monday,8,Morning (08-16),Pass,0,32,0.078,Low,0.4204,No,0,-1.1927,-0.0047,8.7977,0.7661,,,4.3639,0.0,6.34,0.3514
U0015,2008-07-21 11:53:00,2008-07-21,2008-07-21,2008-07,Monday,11,Morning (08-16),Fail,1,28,0.2218,High,0.4715,Yes,1,17.6382,-0.0041,9.2007,0.7661,0.1785,39.1058,5.096,0.0,7.65,0.8038
U0016,2008-07-22 00:03:00,2008-07-22,2008-07-21,2008-07,Tuesday,0,Night (00-08),Pass,0,28,0.258,High,0.456,Yes,2,20.4209,-0.0031,9.2007,0.7446,0.0706,15.0519,8.0698,-0.0473,12.13,0.6427
U0017,2008-07-22 02:59:00,2008-07-22,2008-07-21,2008-07,Tuesday,2,Night (00-08),Pass,0,24,0.0931,Low,0.4127,No,0,-8.1182,-0.0071,9.1283,0.7446,,,4.1477,-0.0473,6.23,0.3917
U0018,2008-07-22 08:41:00,2008-07-22,2008-07-21,2008-07,Tuesday,8,Morning (08-16),Pass,0,40,0.0912,Low,0.4123,No,0,-5.5327,-0.0066,8.5762,0.7446,,,4.2575,-0.0473,6.54,0.455
U0019,2008-07-22 11:47:00,2008-07-22,2008-07-21,2008-07,Tuesday,11,Morning (08-16),Pass,0,28,0.0549,Low,0.4009,No,0,0.4836,-0.0052,8.6397,0.7785,,,3.9691,-0.4258,5.95,0.4062
U0020,2008-07-22 14:00:00,2008-07-22,2008-07-21,2008-07,Tuesday,14,Morning (08-16),Pass,0,28,0.1632,High,0.4102,No,1,22.4736,-0.0016,8.6789,0.7785,0.0283,6.0454,18.3408,-0.4258,27.08,0.3257
U0021,2008-07-22 15:30:00,2008-07-22,2008-07-21,2008-07,Tuesday,15,Morning (08-16),Pass,0,48,0.1266,Medium,0.4017,No,0,3.97,-0.0051,8.6572,0.7785,,,6.5183,-0.4258,9.29,0.4476
U0022,2008-07-23 05:15:00,2008-07-23,2008-07-21,2008-07,Wednesday,5,Night (00-08),Pass,0,28,0.0803,Low,0.4067,No,0,0.12,-0.0092,8.6397,0.7785,,,5.817,-0.4258,8.33,0.3507
U0023,2008-07-23 19:22:00,2008-07-23,2008-07-21,2008-07,Wednesday,19,Evening (16-24),Pass,0,24,0.1097,Medium,0.4046,No,0,-3.6564,-0.0072,8.6397,0.7777,,,4.4621,0.0473,6.93,0.2777
U0024,2008-07-25 15:23:00,2008-07-25,2008-07-21,2008-07,Friday,15,Morning (08-16),Fail,1,28,0.1938,High,0.4532,Yes,2,18.3936,-0.0108,9.2007,0.8093,0.2587,55.1651,4.2732,-0.4731,6.28,2.0334
U0025,2008-07-27 04:18:00,2008-07-27,2008-07-21,2008-07,Sunday,4,Night (00-08),Pass,0,28,0.171,High,0.4519,Yes,1,15.3536,-0.0076,8.7487,0.8743,0.0225,4.8108,4.0729,0.0946,6.14,0.5142
U0026,2008-07-27 09:37:00,2008-07-27,2008-07-21,2008-07,Sunday,9,Morning (08-16),Pass,0,28,0.1275,Medium,0.4493,Yes,1,2.9964,-0.0071,8.6942,0.7839,,,6.8058,-0.615,10.08,0.3428
U0027,2008-07-27 11:10:00,2008-07-27,2008-07-21,2008-07,Sunday,11,Morning (08-16),Pass,0,44,0.1352,Medium,0.4051,No,0,-6.9155,-0.0062,9.7997,0.7839,,,2.1242,-0.615,3.24,0.388
U0028,2008-07-27 15:46:00,2008-07-27,2008-07-21,2008-07,Sunday,15,Morning (08-16),Pass,0,20,0.1691,High,0.4327,Yes,0,17.3873,-0.0078,8.9336,0.6287,0.0332,6.9757,5.7628,-0.0473,8.26,3.4114
U0029,2008-07-27 16:06:00,2008-07-27,2008-07-21,2008-07,Sunday,16,Evening (16-24),Pass,0,20,0.1511,Medium,0.4068,No,0,13.1136,-0.0087,8.8388,0.7839,0.0597,12.6112,5.8357,-0.615,8.32,0.4089
U0030,2008-07-27 16:49:00,2008-07-27,2008-07-21,2008-07,Sunday,16,Evening (16-24),Pass,0,20,0.1664,High,0.4004,No,0,14.7073,-0.0112,8.7588,0.8139,0.0635,13.4497,6.1651,-0.0473,9.1,0.9961
U0031,2008-07-27 20:24:00,2008-07-27,2008-07-21,2008-07,Sunday,20,Evening (16-24),Pass,0,28,0.1514,Medium,0.4147,No,2,29.5109,-0.0098,23.3453,0.6287,0.0292,6.3198,4.0444,-0.0473,5.88,0.3989
U0032,2008-07-27 22:28:00,2008-07-27,2008-07-21,2008-07,Sunday,22,Evening (16-24),Pass,0,20,0.1056,Medium,0.4111,No,1,13.1482,-0.0093,8.8033,0.7839,0.1551,32.9064,4.6964,-0.615,6.98,0.446
U0033,2008-07-27 22:28:00,2008-07-27,2008-07-21,2008-07,Sunday,22,Evening (16-24),Pass,0,28,0.1269,Medium,0.4017,No,0,-3.3864,-0.0087,9.1283,0.8884,,,5.3197,0.0946,8.04,1.4992
U0034,2008-07-27 23:14:00,2008-07-27,2008-07-21,2008-07,Sunday,23,Evening (16-24),Pass,0,35,0.1268,Medium,0.4468,Yes,1,4.4036,-0.0084,8.8249,0.8884,,,4.6098,0.0946,6.8,2.8455
U0035,2008-07-28 03:31:00,2008-07-28,2008-07-28,2008-07,Monday,3,Night (00-08),Pass,0,20,0.2833,High,0.4128,No,0,17.5473,-0.0093,8.9336,0.8139,0.0974,20.9069,4.4298,-0.0473,6.38,1.2511
U0036,2008-07-28 03:48:00,2008-07-28,2008-07-28,2008-07,Monday,3,Night (00-08),Pass,0,28,0.1193,Medium,0.4092,No,0,-10.1245,-0.006,10.0686,0.8884,,,4.3614,0.0946,6.59,0.2675
U0037,2008-07-28 04:37:00,2008-07-28,2008-07-28,2008-07,Monday,4,Night (00-08),Pass,0,28,0.2502,High,0.4784,Yes,1,13.9782,-0.0091,8.7588,0.8139,0.0231,4.9154,6.0235,-0.0473,8.67,4.0045
U0038,2008-07-28 05:36:00,2008-07-28,2008-07-28,2008-07,Monday,5,Night (00-08),Pass,0,20,0.1639,High,0.4016,No,0,13.4891,-0.0087,8.7588,0.8139,0.0306,6.4745,6.9725,-0.0473,10.38,4.2234
U0039,2008-07-28 06:45:00,2008-07-28,2008-07-28,2008-07,Monday,6,Night (00-08),Fail,1,28,0.1908,High,0.431,No,1,24.9027,-0.0033,8.659,0.8139,0.0267,5.7587,6.9238,-0.0473,9.93,1.0515
U0040,2008-07-28 08:36:00,2008-07-28,2008-07-28,2008-07,Monday,8,Morning (08-16),Pass,0,32,0.1239,Medium,0.4021,No,1,23.4736,-0.0093,23.3453,0.8142,0.0268,5.8423,2.6882,-1.108,3.92,0.6573
U0041,2008-07-28 15:11:00,2008-07-28,2008-07-28,2008-07,Monday,15,Morning (08-16),Fail,1,20,0.2149,High,0.4292,No,0,15.1509,-0.0085,9.1585,0.8139,0.07,14.7676,5.1087,-0.0473,7.37,5.2486
U0042,2008-07-28 23:57:00,2008-07-28,2008-07-28,2008-07,Monday,23,Evening (16-24),Pass,0,32,0.0725,Low,0.3842,No,0,-2.6636,-0.0077,8.6074,0.8884,,,3.9721,0.0946,6.0,0.361
U0043,2008-07-29 04:08:00,2008-07-29,2008-07-28,2008-07,Tuesday,4,Night (00-08),Pass,0,24,0.1111,Medium,0.4054,No,0,-2.4636,-0.0082,9.1502,0.8884,,,3.3684,0.0946,5.09,0.3301
U0044,2008-07-29 05:16:00,2008-07-29,2008-07-28,2008-07,Tuesday,5,Night (00-08),Pass,0,28,0.1372,Medium,0.4296,No,0,19.3136,-0.0088,10.6376,0.8034,0.0346,7.4722,7.128,-1.204,10.13,0.5256
U0045,2008-07-29 06:19:00,2008-07-29,2008-07-28,2008-07,Tuesday,6,Night (00-08),Pass,0,28,0.2785,High,0.4565,Yes,0,8.3045,-0.0068,9.1585,0.7692,0.0375,8.038,4.665,-0.4258,7.09,0.3377
U0046,2008-07-29 08:23:00,2008-07-29,2008-07-28,2008-07,Tuesday,8,Morning (08-16),Fail,1,20,0.1261,Medium,0.4029,No,1,5.03,-0.0056,10.6376,0.7692,0.2139,45.2088,13.4098,-0.4258,20.78,0.3856
U0047,2008-07-29 11:47:00,2008-07-29,2008-07-28,2008-07,Tuesday,11,Morning (08-16),Pass,0,28,0.2908,High,0.4565,Yes,1,12.0945,-0.0071,8.7487,0.7484,0.1467,31.7398,5.2191,0.0946,7.93,0.4858
U0048,2008-07-29 15:41:00,2008-07-29,2008-07-28,2008-07,Tuesday,15,Morning (08-16),Pass,0,28,0.2641,High,0.4325,Yes,0,23.1373,-0.008,9.2007,0.7484,0.0221,4.7575,9.4939,0.0946,13.94,2.1687
U0049,2008-07-29 15:49:00,2008-07-29,2008-07-28,2008-07,Tuesday,15,Morning (08-16),Fail,1,20,0.0786,Low,0.4266,No,1,25.0382,-0.0091,23.3453,0.8142,0.1918,41.9486,13.2681,-1.108,19.73,0.7397
U0050,2008-07-29 17:05:00,2008-07-29,2008-07-28,2008-07,Tuesday,17,Evening (16-24),Fail,1,28,0.1743,High,0.3818,No,0,23.3109,-0.0078,8.7495,0.7692,0.0421,9.0516,4.9295,-0.4258,7.37,0.5254
U0051,2008-07-29 18:08:00,2008-07-29,2008-07-28,2008-07,Tuesday,18,Evening (16-24),Fail,1,44,0.1228,Medium,0.3958,No,1,23.9555,-0.0094,23.3453,0.7692,0.0244,5.2585,4.3641,-0.4258,6.49,0.3621
U0052,2008-07-29 21:07:00,2008-07-29,2008-07-28,2008-07,Tuesday,21,Evening (16-24),Pass,0,20,0.149,Medium,0.4667,Yes,1,21.39,-0.007,8.7487,0.7304,0.0354,7.6097,3.0761,-0.1419,4.5,0.4435
U0053,2008-07-29 23:14:00,2008-07-29,2008-07-28,2008-07,Tuesday,23,Evening (16-24),Pass,0,28,0.153,High,0.4167,No,3,1.5882,-0.0075,10.6376,0.7304,0.2956,64.9501,2.8513,-0.1419,4.34,0.3739
U0054,2008-07-29 23:19:00,2008-07-29,2008-07-28,2008-07,Tuesday,23,Evening (16-24),Pass,0,47,0.0915,Low,0.3907,No,0,0.6782,-0.0078,8.8249,0.7484,,,4.7511,0.0946,7.24,0.4566
U0055,2008-07-30 06:30:00,2008-07-30,2008-07-28,2008-07,Wednesday,6,Night (00-08),Pass,0,20,0.1855,High,0.4553,Yes,1,20.0455,-0.007,9.1784,0.7484,0.1959,42.7117,6.4725,0.0946,9.6,4.5487
U0056,2008-07-30 07:08:00,2008-07-30,2008-07-28,2008-07,Wednesday,7,Night (00-08),Pass,0,28,0.2222,High,0.4056,No,0,21.8964,-0.0087,9.1784,0.7484,0.0583,12.3373,9.6853,0.0946,14.76,0.4471
U0057,2008-07-30 12:02:00,2008-07-30,2008-07-28,2008-07,Wednesday,12,Morning (08-16),Pass,0,20,0.1391,Medium,0.3839,No,0,22.8809,-0.0037,8.7599,0.7145,0.0503,10.6428,5.2902,0.0473,7.69,0.3681
U0058,2008-07-30 12:29:00,2008-07-30,2008-07-28,2008-07,Wednesday,12,Morning (08-16),Fail,1,20,0.1753,High,0.4933,Yes,2,2.5209,-0.0055,8.7487,0.7304,0.0267,5.7689,4.3093,-0.1419,6.76,0.704
U0059,2008-07-30 21:16:00,2008-07-30,2008-07-28,2008-07,Wednesday,21,Evening (16-24),Fail,1,20,0.1289,Medium,0.441,Yes,0,15.9527,-0.0101,9.1784,0.7382,0.0297,6.3504,3.614,-0.615,5.36,4.5412
U0060,2008-07-31 13:57:00,2008-07-31,2008-07-28,2008-07,Thursday,13,Morning (08-16),Pass,0,36,0.11,Medium,0.3831,No,0,-1.6545,-0.0066,9.7997,0.8482,,,6.5713,0.1892,9.88,0.3814
U0061,2008-07-31 15:36:00,2008-07-31,2008-07-28,2008-07,Thursday,15,Morning (08-16),Pass,0,20,0.2114,High,0.387,No,0,6.7391,-0.0038,10.6376,0.8485,0.0385,8.1696,6.9887,0.0,10.91,0.5429
U0062,2008-07-31 17:07:00,2008-07-31,2008-07-28,2008-07,Thursday,17,Evening (16-24),Pass,0,20,0.2241,High,0.4766,Yes,2,13.8118,-0.0033,8.7588,0.8434,0.1661,35.3366,4.9417,0.0473,6.67,0.4134
U0063,2008-07-31 20:18:00,2008-07-31,2008-07-28,2008-07,Thursday,20,Evening (16-24),Fail,1,20,0.1007,Medium,0.4154,No,0,18.3209,-0.0057,8.7599,0.8434,0.0818,17.2276,2.2849,0.0473,3.25,0.4882
U0064,2008-08-01 02:02:00,2008-08-01,2008-07-28,2008-08,Friday,2,Night (00-08),Pass,0,20,0.1293,Medium,0.4079,No,0,16.4582,-0.0057,9.2405,0.8088,0.0165,3.5682,4.9435,0.3311,7.31,0.3262
U0065,2008-08-01 05:52:00,2008-08-01,2008-07-28,2008-08,Friday,5,Night (00-08),Fail,1,24,0.0677,Low,0.4315,No,0,9.05,-0.0057,8.7495,0.7332,0.1343,29.547,6.364,0.0,9.21,0.4198
U0066,2008-08-01 10:20:00,2008-08-01,2008-07-28,2008-08,Friday,10,Morning (08-16),Pass,0,32,0.1196,Medium,0.3965,No,0,18.8309,-0.0064,8.7495,0.7608,0.0221,4.7792,3.4336,0.0,4.92,0.8201
U0067,2008-08-01 10:26:00,2008-08-01,2008-07-28,2008-08,Friday,10,Morning (08-16),Pass,0,20,0.1181,Medium,0.4135,No,0,18.2809,-0.0053,8.6324,0.7608,0.0275,5.8481,4.5369,0.0,6.52,0.454
U0068,2008-08-01 11:28:00,2008-08-01,2008-07-28,2008-08,Friday,11,Morning (08-16),Pass,0,24,0.1318,Medium,0.4087,No,0,19.8,-0.0074,9.2658,0.7608,0.0457,9.8296,7.0096,0.0,10.58,0.4519
U0069,2008-08-01 12:29:00,2008-08-01,2008-07-28,2008-08,Friday,12,Morning (08-16),Pass,0,20,0.1858,High,0.4148,No,1,11.6818,-0.007,8.8033,0.7608,0.0251,5.3732,6.6665,0.0,9.14,1.075
U0070,2008-08-01 14:07:00,2008-08-01,2008-07-28,2008-08,Friday,14,Morning (08-16),Pass,0,20,0.1761,High,0.3947,No,0,22.4345,-0.0054,8.7599,0.7608,0.0947,20.7724,6.0666,0.0,8.88,0.8146
U0071,2008-08-01 15:10:00,2008-08-01,2008-07-28,2008-08,Friday,15,Morning (08-16),Pass,0,20,0.1294,Medium,0.4263,No,0,17.1627,-0.007,9.6272,0.7608,0.0489,10.5773,6.3071,0.0,9.25,0.8034
U0072,2008-08-02 03:39:00,2008-08-02,2008-07-28,2008-08,Saturday,3,Night (00-08),Pass,0,24,0.1509,Medium,0.3986,No,0,25.4573,-0.0046,8.7599,0.7025,0.0439,9.4224,12.1942,-0.3311,17.77,0.4479
U0073,2008-08-03 13:09:00,2008-08-03,2008-07-28,2008-08,Sunday,13,Morning (08-16),Pass,0,28,0.1047,Medium,0.4551,Yes,2,20.5509,-0.0031,8.7487,0.7509,0.0545,11.3996,4.0288,0.0473,5.76,0.5063
U0074,2008-08-03 14:06:00,2008-08-03,2008-07-28,2008-08,Sunday,14,Morning (08-16),Pass,0,20,0.1626,High,0.3993,No,0,18.6827,-0.0078,8.8388,0.7025,0.0398,8.5537,7.4078,-0.3311,11.21,0.392
U0075,2008-08-03 14:25:00,2008-08-03,2008-07-28,2008-08,Sunday,14,Morning (08-16),Pass,0,44,0.198,High,0.4136,No,0,25.4427,-0.0055,9.094,0.8376,0.2188,48.1025,6.2376,0.8042,9.34,0.3626
U0076,2008-08-03 15:03:00,2008-08-03,2008-07-28,2008-08,Sunday,15,Morning (08-16),Pass,0,20,0.1132,Medium,0.4136,No,0,17.6373,-0.0063,8.7588,0.7509,0.1725,37.8594,5.0493,0.0473,7.48,0.4602
U0077,2008-08-03 15:27:00,2008-08-03,2008-07-28,2008-08,Sunday,15,Morning (08-16),Pass,0,28,0.1631,High,0.4288,No,0,24.3509,-0.005,9.094,0.8376,0.1739,36.8888,5.3992,0.8042,7.97,1.0185
U0078,2008-08-03 16:00:00,2008-08-03,2008-07-28,2008-08,Sunday,16,Evening (16-24),Pass,0,20,0.1914,High,0.4143,No,0,12.0627,-0.0071,9.1784,0.8376,0.0445,9.6194,5.309,0.8042,7.48,1.1306
U0079,2008-08-03 17:00:00,2008-08-03,2008-07-28,2008-08,Sunday,17,Evening (16-24),Pass,0,20,0.2332,High,0.4129,No,0,9.5227,-0.0053,9.1585,0.7509,0.1574,34.0222,6.3951,0.0473,8.87,0.3272
U0080,2008-08-03 17:58:00,2008-08-03,2008-07-28,2008-08,Sunday,17,Evening (16-24),Pass,0,28,0.0891,Low,0.4146,No,0,22.9245,-0.0061,8.7495,0.7025,0.0958,20.7457,6.6984,-0.3311,10.01,0.8696
U0081,2008-08-03 20:23:00,2008-08-03,2008-07-28,2008-08,Sunday,20,Evening (16-24),Pass,0,20,0.1113,Medium,0.4152,No,0,9.3336,-0.0092,9.1784,0.8376,0.1755,38.3683,8.5107,0.8042,12.04,0.3444
U0082,2008-08-03 22:52:00,2008-08-03,2008-07-28,2008-08,Sunday,22,Evening (16-24),Pass,0,20,0.1945,High,0.4406,Yes,0,12.5391,-0.0071,10.6376,0.7489,0.0607,12.8495,9.0303,-0.4731,12.97,1.3942
U0083,2008-08-04 00:39:00,2008-08-04,2008-08-04,2008-08,Monday,0,Night (00-08),Fail,1,20,0.205,High,0.3989,No,0,12.4309,-0.0063,9.2658,0.7332,0.1832,40.704,10.2688,0.0,15.98,0.8039
U0084,2008-08-04 03:45:00,2008-08-04,2008-08-04,2008-08,Monday,3,Night (00-08),Pass,0,28,0.1189,Medium,0.4158,No,0,28.6355,-0.0053,8.6667,0.7489,0.0649,13.758,2.6817,-0.4731,3.96,1.2515
U0085,2008-08-04 03:49:00,2008-08-04,2008-08-04,2008-08,Monday,3,Night (00-08),Pass,0,28,0.1439,Medium,0.4615,Yes,0,8.6927,-0.006,9.1784,0.7509,0.0442,9.5049,3.0731,0.0473,4.34,0.2087
U0086,2008-08-04 13:19:00,2008-08-04,2008-08-04,2008-08,Monday,13,Morning (08-16),Pass,0,32,0.0645,Low,0.431,No,0,-5.3055,-0.0054,8.9336,0.7489,,,3.6862,-0.4731,5.36,0.8935
U0087,2008-08-04 14:04:00,2008-08-04,2008-08-04,2008-08,Monday,14,Morning (08-16),Pass,0,28,0.0825,Low,0.4197,No,0,-8.7491,-0.0066,8.755,0.7489,,,5.0449,-0.4731,7.46,0.3131
U0088,2008-08-04 14:31:00,2008-08-04,2008-08-04,2008-08,Monday,14,Morning (08-16),Pass,0,24,0.0773,Low,0.4085,No,0,26.6582,-0.004,8.7947,0.771,0.1351,28.9487,4.8666,0.0,6.94,1.0527
U0089,2008-08-04 15:29:00,2008-08-04,2008-08-04,2008-08,Monday,15,Morning (08-16),Pass,0,32,0.1173,Medium,0.4295,No,3,28.7064,-0.0047,8.7947,0.771,0.3297,76.0012,3.7282,0.0,5.34,1.0689
U0090,2008-08-04 16:15:00,2008-08-04,2008-08-04,2008-08,Monday,16,Evening (16-24),Pass,0,87,0.0776,Low,0.4142,No,0,-8.2255,-0.0053,8.8249,,,,5.2293,,7.58,0.8855
U0091,2008-08-04 16:31:00,2008-08-04,2008-08-04,2008-08,Monday,16,Evening (16-24),Pass,0,28,0.123,Medium,0.403,No,0,28.1191,-0.0049,9.3851,0.771,0.1551,32.9193,3.5796,0.0,5.06,1.0301
U0092,2008-08-04 17:11:00,2008-08-04,2008-08-04,2008-08,Monday,17,Evening (16-24),Pass,0,24,0.0974,Low,0.4513,Yes,1,8.6673,-0.0071,8.6942,0.7025,,,3.5482,-0.3311,5.2,0.8702
U0093,2008-08-04 17:46:00,2008-08-04,2008-08-04,2008-08,Monday,17,Evening (16-24),Pass,0,28,0.1164,Medium,0.4054,No,0,3.8509,-0.0061,9.1502,0.7509,,,3.3876,0.0473,5.05,0.4489
U0094,2008-08-04 18:24:00,2008-08-04,2008-08-04,2008-08,Monday,18,Evening (16-24),Pass,0,96,0.1469,Medium,0.4528,Yes,1,-15.1964,-0.0063,8.8388,,,,2.1475,,3.35,0.8286
U0095,2008-08-04 19:58:00,2008-08-04,2008-08-04,2008-08,Monday,19,Evening (16-24),Pass,0,68,0.1006,Medium,0.4274,No,0,-6.4836,-0.0054,8.6942,0.786,,,4.0269,0.7569,5.94,0.408
U0096,2008-08-04 20:32:00,2008-08-04,2008-08-04,2008-08,Monday,20,Evening (16-24),Pass,0,96,0.158,High,0.4299,No,0,-11.2182,-0.0058,9.7997,,,,4.1015,,6.06,0.7349
U0097,2008-08-04 20:58:00,2008-08-04,2008-08-04,2008-08,Monday,20,Evening (16-24),Fail,1,20,0.1456,Medium,0.4697,Yes,1,11.5591,-0.0052,8.7588,0.7509,0.0461,9.838,13.3252,0.0473,19.65,0.4659
U0098,2008-08-04 21:43:00,2008-08-04,2008-08-04,2008-08,Monday,21,Evening (16-24),Pass,0,36,0.1055,Medium,0.401,No,2,28.4227,-0.005,8.7947,0.7388,0.2973,64.1552,6.5265,0.0473,9.77,0.578
U0099,2008-08-04 22:51:00,2008-08-04,2008-08-04,2008-08,Monday,22,Evening (16-24),Pass,0,48,0.0974,Low,0.4108,No,0,24.4727,-0.005,9.3851,0.7388,0.0987,21.1593,4.8236,0.0473,7.35,0.6039
U0100,2008-08-04 23:33:00,2008-08-04,2008-08-04,2008-08,Monday,23,Evening (16-24),Pass,0,28,0.1869,High,0.4639,Yes,5,5.1345,-0.006,9.2007,0.771,0.4075,92.0761,3.1492,0.0,4.75,0.3485
U0101,2008-08-05 00:04:00,2008-08-05,2008-08-04,2008-08,Tuesday,0,Night (00-08),Pass,0,36,0.0696,Low,0.4135,No,0,24.8064,-0.0062,8.7947,0.7388,0.0545,11.8498,7.1654,0.0473,10.74,0.5181
U0102,2008-08-05 01:12:00,2008-08-05,2008-08-04,2008-08,Tuesday,1,Night (00-08),Pass,0,40,0.0807,Low,0.4077,No,0,27.6182,-0.0037,9.3851,0.7454,0.0418,9.0197,6.3688,0.1419,9.05,1.0108
U0103,2008-08-05 02:15:00,2008-08-05,2008-08-04,2008-08,Tuesday,2,Night (00-08),Pass,0,28,0.1529,High,0.4274,No,0,20.5864,-0.0069,10.9634,0.7454,0.1698,36.4807,4.7979,0.1419,6.97,0.9699
U0104,2008-08-05 02:36:00,2008-08-05,2008-08-04,2008-08,Tuesday,2,Night (00-08),Pass,0,36,0.0777,Low,0.4013,No,0,27.6655,-0.0051,9.3851,0.7388,0.0463,10.0733,3.9899,0.0473,5.63,0.5897
U0105,2008-08-05 02:45:00,2008-08-05,2008-08-04,2008-08,Tuesday,2,Night (00-08),Pass,0,28,0.0848,Low,0.4159,No,0,29.0264,-0.0056,9.094,0.786,0.0623,13.5649,6.8027,0.7569,9.99,0.2618
U0106,2008-08-05 03:17:00,2008-08-05,2008-08-04,2008-08,Tuesday,3,Night (00-08),Pass,0,28,0.1107,Medium,0.4017,No,0,27.7364,-0.0066,10.9634,0.771,0.0249,5.3696,5.9742,0.0,8.72,0.3543
U0107,2008-08-05 03:36:00,2008-08-05,2008-08-04,2008-08,Tuesday,3,Night (00-08),Pass,0,24,0.1164,Medium,0.4075,No,0,24.8282,-0.0059,9.1638,0.786,0.0252,5.4052,5.0971,0.7569,7.17,0.2641
U0108,2008-08-05 03:54:00,2008-08-05,2008-08-04,2008-08,Tuesday,3,Night (00-08),Pass,0,28,0.0883,Low,0.4132,No,0,24.6118,-0.0064,9.094,0.786,0.0471,10.0997,2.9844,0.7569,4.41,0.2872
U0109,2008-08-05 04:32:00,2008-08-05,2008-08-04,2008-08,Tuesday,4,Night (00-08),Pass,0,24,0.099,Low,0.4303,No,0,27.7155,-0.0075,9.094,0.786,0.199,42.0901,10.2301,0.7569,15.56,0.2697
U0110,2008-08-05 04:35:00,2008-08-05,2008-08-04,2008-08,Tuesday,4,Night (00-08),Pass,0,32,0.1057,Medium,0.4181,No,0,23.7864,-0.0068,9.1638,0.7388,0.1278,27.3449,4.8968,0.0473,6.89,0.2608
U0111,2008-08-05 05:11:00,2008-08-05,2008-08-04,2008-08,Tuesday,5,Night (00-08),Pass,0,20,0.1286,Medium,0.4005,No,0,20.6,-0.0054,8.9336,0.6925,0.0705,15.0909,4.3662,-0.1419,6.55,4.964
U0112,2008-08-05 06:10:00,2008-08-05,2008-08-04,2008-08,Tuesday,6,Night (00-08),Pass,0,32,0.0923,Low,0.4223,No,0,29.7509,-0.005,8.6667,0.7388,0.028,6.0442,9.2718,0.0473,13.83,4.5787
U0113,2008-08-05 06:11:00,2008-08-05,2008-08-04,2008-08,Tuesday,6,Night (00-08),Pass,0,28,0.1856,High,0.3974,No,0,23.9945,-0.0066,9.2658,0.771,0.0273,5.7689,3.61,0.0,5.36,1.0247
U0114,2008-08-05 06:21:00,2008-08-05,2008-08-04,2008-08,Tuesday,6,Night (00-08),Pass,0,28,0.1532,High,0.4096,No,0,16.7909,-0.0055,8.7495,0.6925,0.0459,9.7547,3.5774,-0.1419,5.11,0.3833
U0115,2008-08-05 07:12:00,2008-08-05,2008-08-04,2008-08,Tuesday,7,Night (00-08),Pass,0,36,0.119,Medium,0.4018,No,0,23.7136,-0.0057,10.9634,0.7388,0.121,25.9798,8.0391,0.0473,12.02,0.2235
U0116,2008-08-05 07:12:00,2008-08-05,2008-08-04,2008-08,Tuesday,7,Night (00-08),Fail,1,28,0.215,High,0.4266,No,0,18.5764,-0.004,9.2405,0.771,0.0385,8.3082,13.5349,0.0,19.62,0.9413
U0117,2008-08-05 07:48:00,2008-08-05,2008-08-04,2008-08,Tuesday,7,Night (00-08),Pass,0,28,0.1073,Medium,0.4018,No,0,24.2918,-0.0051,9.1638,0.7388,0.1286,27.2058,4.2267,0.0473,6.14,0.2947
U0118,2008-08-05 08:50:00,2008-08-05,2008-08-04,2008-08,Tuesday,8,Morning (08-16),Pass,0,28,0.1274,Medium,0.4104,No,0,25.5127,-0.0044,9.094,0.6925,0.0641,13.6335,5.1949,-0.1419,7.74,0.4607
U0119,2008-08-05 09:48:00,2008-08-05,2008-08-04,2008-08,Tuesday,9,Morning (08-16),Pass,0,40,0.1157,Medium,0.3931,No,0,26.7064,-0.0062,9.2658,0.771,0.0462,9.8355,7.0574,0.0,10.12,0.377
U0120,2008-08-05 14:17:00,2008-08-05,2008-08-04,2008-08,Tuesday,14,Morning (08-16),Pass,0,20,0.1591,High,0.424,No,0,8.9136,-0.0039,10.6376,0.7681,0.1677,36.3044,7.1799,-0.3311,10.22,0.3267
U0121,2008-08-05 14:45:00,2008-08-05,2008-08-04,2008-08,Tuesday,14,Morning (08-16),Pass,0,24,0.1407,Medium,0.4231,No,2,8.9418,-0.0017,9.6272,0.7193,0.0748,16.0079,4.1464,-0.1419,6.12,0.2312
U0122,2008-08-05 15:45:00,2008-08-05,2008-08-04,2008-08,Tuesday,15,Morning (08-16),Pass,0,20,0.195,High,0.4149,No,0,6.9918,-0.0057,10.0686,0.6925,0.1185,25.1305,5.2587,-0.1419,7.2,0.326
U0123,2008-08-05 20:04:00,2008-08-05,2008-08-04,2008-08,Tuesday,20,Evening (16-24),Pass,0,20,0.0911,Low,0.3892,No,0,16.6036,-0.0062,9.6272,0.6956,0.021,4.4628,4.1499,0.6623,5.97,0.8435
U0124,2008-08-05 21:07:00,2008-08-05,2008-08-04,2008-08,Tuesday,21,Evening (16-24),Pass,0,28,0.1867,High,0.4056,No,1,16.5255,-0.0017,9.2405,0.761,0.1853,39.6042,3.6188,-0.0946,5.16,0.4253
U0125,2008-08-05 21:22:00,2008-08-05,2008-08-04,2008-08,Tuesday,21,Evening (16-24),Pass,0,28,0.1584,High,0.4241,No,0,29.1918,-0.005,8.7947,0.7429,0.1409,30.1063,14.6247,-0.3784,21.82,4.2943
U0126,2008-08-05 23:02:00,2008-08-05,2008-08-04,2008-08,Tuesday,23,Evening (16-24),Pass,0,20,0.1394,Medium,0.4165,No,0,10.08,-0.004,9.0998,0.6956,0.0337,7.3114,9.4293,0.6623,13.94,0.3601
U0127,2008-08-05 23:06:00,2008-08-05,2008-08-04,2008-08,Tuesday,23,Evening (16-24),Pass,0,24,0.125,Medium,0.4222,No,1,3.9055,-0.0068,9.2405,0.786,0.0182,3.8763,6.1617,0.7569,8.66,0.321
U0128,2008-08-05 23:38:00,2008-08-05,2008-08-04,2008-08,Tuesday,23,Evening (16-24),Pass,0,28,0.1625,High,0.4052,No,0,26.6527,-0.0059,8.7947,0.7636,0.0255,5.4427,8.766,0.3311,13.09,0.3355
U0129,2008-08-06 00:04:00,2008-08-06,2008-08-04,2008-08,Wednesday,0,Night (00-08),Pass,0,28,0.1034,Medium,0.3984,No,0,17.6864,-0.0047,8.9336,0.761,0.0353,7.5473,6.5423,-0.0946,9.52,0.3854
U0130,2008-08-06 02:20:00,2008-08-06,2008-08-04,2008-08,Wednesday,2,Night (00-08),Pass,0,20,0.1667,High,0.3997,No,0,15.0182,-0.0059,9.2658,0.761,0.1931,41.8712,4.8764,-0.0946,7.15,1.4245
U0131,2008-08-06 03:22:00,2008-08-06,2008-08-04,2008-08,Wednesday,3,Night (00-08),Pass,0,20,0.0929,Low,0.42,No,1,15.7936,-0.0056,8.7495,0.761,0.2107,44.4765,3.4193,-0.0946,4.92,0.3826
U0132,2008-08-06 05:40:00,2008-08-06,2008-08-04,2008-08,Wednesday,5,Night (00-08),Fail,1,20,0.1337,Medium,0.4108,No,0,6.6636,-0.0067,9.6272,0.771,0.2239,49.2141,13.3705,0.0,19.99,0.9728
U0133,2008-08-06 09:56:00,2008-08-06,2008-08-04,2008-08,Wednesday,9,Morning (08-16),Pass,0,32,0.1444,Medium,0.4047,No,0,10.2109,-0.0045,9.1502,0.6956,0.0191,4.0933,4.8214,0.6623,7.25,0.7696
U0134,2008-08-06 09:57:00,2008-08-06,2008-08-04,2008-08,Wednesday,9,Morning (08-16),Pass,0,84,0.0761,Low,0.4222,No,1,-19.1518,-0.0056,8.8388,,,,3.4781,,5.17,0.7521
U0135,2008-08-06 12:33:00,2008-08-06,2008-08-04,2008-08,Wednesday,12,Morning (08-16),Pass,0,40,0.1186,Medium,0.4058,No,0,22.2164,-0.0041,9.2658,0.7304,0.0224,4.8043,5.7072,-0.0473,8.35,0.8045
U0136,2008-08-06 13:35:00,2008-08-06,2008-08-04,2008-08,Wednesday,13,Morning (08-16),Pass,0,40,0.0941,Low,0.3959,No,0,25.8364,-0.007,9.2658,0.7636,0.1115,24.5079,6.9102,0.3311,10.36,0.2028
U0137,2008-08-06 17:35:00,2008-08-06,2008-08-04,2008-08,Wednesday,17,Evening (16-24),Pass,0,28,0.145,Medium,0.3935,No,0,25.9591,-0.0093,8.6667,0.7636,0.0667,14.1537,8.6352,0.3311,12.6,0.6257
U0138,2008-08-06 18:00:00,2008-08-06,2008-08-04,2008-08,Wednesday,18,Evening (16-24),Pass,0,40,0.088,Low,0.4039,No,0,23.8864,-0.005,9.1638,0.7429,0.058,12.474,3.626,-0.3784,5.27,0.3967
U0139,2008-08-06 18:34:00,2008-08-06,2008-08-04,2008-08,Wednesday,18,Evening (16-24),Pass,0,28,0.1629,High,0.4037,No,0,23.0364,-0.0068,10.9634,0.7636,0.0568,12.0668,5.1101,0.3311,7.44,0.5702
U0140,2008-08-06 19:13:00,2008-08-06,2008-08-04,2008-08,Wednesday,19,Evening (16-24),Pass,0,28,0.1727,High,0.3924,No,0,22.7418,-0.0062,9.1638,0.6956,0.0421,8.9296,5.1423,0.6623,7.47,0.4961
U0141,2008-08-06 19:24:00,2008-08-06,2008-08-04,2008-08,Wednesday,19,Evening (16-24),Pass,0,40,0.0987,Low,0.3953,No,1,-9.2836,-0.0034,9.043,0.7675,,,5.6813,-0.615,8.39,0.3871
U0142,2008-08-06 20:00:00,2008-08-06,2008-08-04,2008-08,Wednesday,20,Evening (16-24),Pass,0,28,0.1191,Medium,0.3881,No,2,-17.9336,-0.0045,9.043,0.7675,,,4.7846,-0.615,7.33,0.2606
U0143,2008-08-06 20:17:00,2008-08-06,2008-08-04,2008-08,Wednesday,20,Evening (16-24),Pass,0,36,0.1357,Medium,0.4013,No,0,23.5609,-0.0053,9.1638,0.779,0.0516,11.0531,4.5403,0.0946,6.55,0.4609
U0144,2008-08-06 21:15:00,2008-08-06,2008-08-04,2008-08,Wednesday,21,Evening (16-24),Pass,0,20,0.1287,Medium,0.4607,Yes,3,-8.3127,-0.0049,8.7487,0.779,0.0397,8.6727,4.1397,0.0946,6.33,0.3807
U0145,2008-08-06 22:27:00,2008-08-06,2008-08-04,2008-08,Wednesday,22,Evening (16-24),Pass,0,20,0.2343,High,0.4549,Yes,2,5.3382,-0.0042,9.1784,0.7304,0.0507,10.8909,6.0748,-0.0473,9.26,1.4114
U0146,2008-08-06 23:40:00,2008-08-06,2008-08-04,2008-08,Wednesday,23,Evening (16-24),Pass,0,36,0.1679,High,0.4018,No,0,23.8745,-0.0046,9.0998,0.6956,0.0853,18.6115,5.5544,0.6623,8.2,0.3474
U0147,2008-08-06 23:45:00,2008-08-06,2008-08-04,2008-08,Wednesday,23,Evening (16-24),Pass,0,28,0.1023,Medium,0.4003,No,0,27.3427,-0.0071,8.6667,0.7636,0.0427,9.2278,6.7229,0.3311,10.31,0.2094
U0148,2008-08-07 00:51:00,2008-08-07,2008-08-04,2008-08,Thursday,0,Night (00-08),Pass,0,24,0.1751,High,0.3982,No,0,17.3018,-0.0057,9.2405,0.7453,0.1614,34.4126,6.5557,0.0946,9.64,0.7921
U0149,2008-08-07 07:30:00,2008-08-07,2008-08-04,2008-08,Thursday,7,Night (00-08),Pass,0,28,0.1062,Medium,0.4079,No,2,26.2655,-0.007,8.7947,0.7678,0.3002,63.7908,7.3145,0.1892,10.85,0.4443
U0150,2008-08-07 08:21:00,2008-08-07,2008-08-04,2008-08,Thursday,8,Morning (08-16),Pass,0,24,0.141,Medium,0.4044,No,2,-21.2055,-0.0073,8.755,0.779,,,5.8753,0.0946,8.7,0.7133
U0151,2008-08-07 08:45:00,2008-08-07,2008-08-04,2008-08,Thursday,8,Morning (08-16),Pass,0,28,0.1105,Medium,0.4004,No,0,-7.5382,-0.0071,9.043,0.7678,,,3.5277,0.1892,5.24,0.5644
U0152,2008-08-07 08:55:00,2008-08-07,2008-08-04,2008-08,Thursday,8,Morning (08-16),Pass,0,52,0.1308,Medium,0.4005,No,0,4.3109,-0.0037,8.8741,0.761,,,4.5025,-0.0946,6.76,0.4971
U0153,2008-08-07 10:12:00,2008-08-07,2008-08-04,2008-08,Thursday,10,Morning (08-16),Pass,0,28,0.1605,High,0.3942,No,0,29.1164,-0.0056,10.9634,0.6956,0.0933,20.3548,7.5726,0.6623,10.88,0.3774
U0154,2008-08-07 11:10:00,2008-08-07,2008-08-04,2008-08,Thursday,11,Morning (08-16),Pass,0,20,0.14,Medium,0.4158,No,2,15.8609,-0.0043,8.7599,0.7453,0.3004,63.8524,2.7354,0.0946,4.03,0.2897
U0155,2008-08-07 11:40:00,2008-08-07,2008-08-04,2008-08,Thursday,11,Morning (08-16),Fail,1,28,0.0893,Low,0.4008,No,0,26.7745,-0.006,8.6667,0.6956,0.1085,23.8527,5.7668,0.6623,8.78,0.8158
U0156,2008-08-08 04:55:00,2008-08-08,2008-08-04,2008-08,Friday,4,Night (00-08),Pass,0,24,0.1513,Medium,0.3913,No,0,-3.2509,-0.0043,8.6309,0.779,,,7.3364,0.0946,10.79,0.8296
U0157,2008-08-08 07:26:00,2008-08-08,2008-08-04,2008-08,Friday,7,Night (00-08),Pass,0,28,0.1174,Medium,0.402,No,0,0.2309,-0.0054,9.1502,0.6956,,,5.9349,0.6623,8.94,3.4012
U0158,2008-08-08 08:44:00,2008-08-08,2008-08-04,2008-08,Friday,8,Morning (08-16),Fail,1,24,0.1153,Medium,0.419,No,0,26.4509,-0.0057,9.1638,0.7304,0.0543,11.4453,3.6881,-0.0473,5.43,1.6223
U0159,2008-08-08 12:37:00,2008-08-08,2008-08-04,2008-08,Friday,12,Morning (08-16),Fail,1,28,0.1093,Medium,0.3862,No,0,-12.1527,-0.0043,8.6309,0.7598,,,5.0961,-0.0946,7.17,0.4411
U0160,2008-08-08 20:21:00,2008-08-08,2008-08-04,2008-08,Friday,20,Evening (16-24),Pass,0,20,0.2945,High,0.399,No,2,-1.5664,-0.0049,9.2436,0.8434,0.1606,33.9811,3.686,0.1419,5.64,0.367
U0161,2008-08-08 21:22:00,2008-08-08,2008-08-04,2008-08,Friday,21,Evening (16-24),Pass,0,20,0.1723,High,0.3931,No,0,14.6455,-0.0056,8.3754,0.83,0.0503,10.4794,6.002,0.7569,9.31,0.9568
U0162,2008-08-08 21:53:00,2008-08-08,2008-08-04,2008-08,Friday,21,Evening (16-24),Pass,0,20,0.3043,High,0.3901,No,1,9.6745,-0.0014,9.0998,0.8434,0.0324,6.9937,5.6653,0.1419,8.33,0.2031
U0163,2008-08-08 22:06:00,2008-08-08,2008-08-04,2008-08,Friday,22,Evening (16-24),Pass,0,20,0.1487,Medium,0.3788,No,0,9.8418,-0.0054,8.3754,0.83,0.0193,4.0831,4.8133,0.7569,7.24,0.4145
U0164,2008-08-08 22:25:00,2008-08-08,2008-08-04,2008-08,Friday,22,Evening (16-24),Pass,0,32,0.1312,Medium,0.469,Yes,0,-5.8682,-0.0065,8.755,0.7429,,,3.9347,-0.3784,5.7,0.7895
U0165,2008-08-09 02:15:00,2008-08-09,2008-08-04,2008-08,Saturday,2,Night (00-08),Pass,0,24,0.14,Medium,0.3843,No,0,-12.1373,-0.0061,9.043,0.83,,,3.406,0.7569,5.1,0.4782
U0166,2008-08-09 02:37:00,2008-08-09,2008-08-04,2008-08,Saturday,2,Night (00-08),Pass,0,36,0.179,High,0.388,No,0,12.8364,-0.0054,8.7599,0.83,0.2355,51.2926,4.4067,0.7569,6.28,0.8593
U0167,2008-08-09 06:05:00,2008-08-09,2008-08-04,2008-08,Saturday,6,Night (00-08),Pass,0,20,0.1778,High,0.3773,No,0,9.4982,-0.0045,8.3754,0.8374,0.1431,31.2462,4.0783,0.2365,6.16,0.3765
U0168,2008-08-09 09:16:00,2008-08-09,2008-08-04,2008-08,Saturday,9,Morning (08-16),Fail,1,24,0.2089,High,0.3869,No,2,2.5827,-0.0061,9.4832,0.8434,0.1309,27.8511,8.3284,0.1419,12.19,0.3703
U0169,2008-08-09 09:22:00,2008-08-09,2008-08-04,2008-08,Saturday,9,Morning (08-16),Pass,0,24,0.174,High,0.378,No,0,15.1073,-0.0065,8.3754,0.8374,0.1219,25.712,6.7649,0.2365,10.05,0.2288
U0170,2008-08-09 11:42:00,2008-08-09,2008-08-04,2008-08,Saturday,11,Morning (08-16),Fail,1,32,0.182,High,0.4124,No,1,4.4282,-0.0066,9.4832,0.8764,0.0264,5.6021,6.9769,0.0,10.2,0.3498
U0171,2008-08-09 17:34:00,2008-08-09,2008-08-04,2008-08,Saturday,17,Evening (16-24),Pass,0,20,0.2709,High,0.3944,No,1,17.7927,-0.0022,9.2405,0.8764,0.2001,43.7713,8.3238,0.0,12.49,0.2917
U0172,2008-08-09 19:03:00,2008-08-09,2008-08-04,2008-08,Saturday,19,Evening (16-24),Pass,0,28,0.1521,High,0.4171,No,0,22.7927,-0.0051,9.0998,0.8764,0.131,28.1945,8.4149,0.0,12.74,0.5089
U0173,2008-08-09 20:04:00,2008-08-09,2008-08-04,2008-08,Saturday,20,Evening (16-24),Pass,0,20,0.1739,High,0.4375,Yes,1,4.6609,-0.0043,8.7487,0.8434,0.0711,15.4374,4.2114,0.1419,6.31,0.2153
U0174,2008-08-09 21:07:00,2008-08-09,2008-08-04,2008-08,Saturday,21,Evening (16-24),Pass,0,40,0.1386,Medium,0.4367,Yes,0,26.0509,-0.0029,8.6667,0.8764,0.2147,47.1225,4.5307,0.0,6.67,0.3427
U0175,2008-08-09 22:15:00,2008-08-09,2008-08-04,2008-08,Saturday,22,Evening (16-24),Pass,0,24,0.1477,Medium,0.4127,No,0,17.1673,-0.0022,9.2405,0.7536,0.0496,10.6962,4.9413,-0.0946,7.45,0.3228
U0176,2008-08-09 22:37:00,2008-08-09,2008-08-04,2008-08,Saturday,22,Evening (16-24),Pass,0,40,0.146,Medium,0.4087,No,1,27.7282,-0.0019,8.6667,0.7536,0.026,5.6322,8.1183,-0.0946,12.22,0.4873
U0177,2008-08-09 23:17:00,2008-08-09,2008-08-04,2008-08,Saturday,23,Evening (16-24),Pass,0,28,0.1332,Medium,0.3968,No,0,-13.1245,-0.0052,8.6309,0.8764,,,2.9643,0.0,4.31,0.5682
U0178,2008-08-09 23:34:00,2008-08-09,2008-08-04,2008-08,Saturday,23,Evening (16-24),Pass,0,36,0.0852,Low,0.4017,No,0,-10.8745,-0.0043,8.8945,0.8434,,,3.8138,0.1419,5.65,1.5292
U0179,2008-08-10 00:09:00,2008-08-10,2008-08-04,2008-08,Sunday,0,Night (00-08),Pass,0,24,0.1093,Medium,0.3981,No,0,-13.3573,-0.0059,8.6309,0.7536,,,2.8962,-0.0946,4.15,0.6049
U0180,2008-08-10 00:46:00,2008-08-10,2008-08-04,2008-08,Sunday,0,Night (00-08),Pass,0,24,0.1152,Medium,0.4229,No,0,-2.2809,-0.0052,9.8481,0.8764,,,4.0304,0.0,5.92,0.5664
U0181,2008-08-10 06:00:00,2008-08-10,2008-08-04,2008-08,Sunday,6,Night (00-08),Fail,1,24,0.1465,Medium,0.3988,No,1,4.9745,-0.0062,9.0998,0.83,0.1286,28.0929,3.4412,0.7569,5.16,1.3119
U0182,2008-08-10 06:41:00,2008-08-10,2008-08-04,2008-08,Sunday,6,Night (00-08),Pass,0,28,0.0795,Low,0.399,No,0,0.3764,-0.0052,8.6309,0.8434,,,2.9581,0.1419,4.32,0.4523
U0183,2008-08-10 07:01:00,2008-08-10,2008-08-04,2008-08,Sunday,7,Night (00-08),Fail,1,20,0.1575,High,0.4137,No,0,27.4136,-0.0048,9.0998,0.8764,0.0343,7.3813,10.0883,0.0,14.84,0.2277
U0184,2008-08-10 11:16:00,2008-08-10,2008-08-04,2008-08,Sunday,11,Morning (08-16),Pass,0,43,0.1965,High,0.4411,Yes,1,-10.1291,-0.0047,8.8249,0.779,,,7.7442,0.0946,11.97,0.3956
U0185,2008-08-10 11:49:00,2008-08-10,2008-08-04,2008-08,Sunday,11,Morning (08-16),Pass,0,28,0.0756,Low,0.4326,Yes,1,-11.4709,-0.0037,9.8481,0.7536,,,3.3268,-0.0946,4.73,0.4487
U0186,2008-08-10 12:22:00,2008-08-10,2008-08-04,2008-08,Sunday,12,Morning (08-16),Pass,0,36,0.0692,Low,0.4123,No,0,3.8964,-0.0054,8.6942,0.7454,,,3.7055,0.1419,5.45,0.4287
U0187,2008-08-10 15:59:00,2008-08-10,2008-08-04,2008-08,Sunday,15,Morning (08-16),Fail,1,20,0.1827,High,0.464,Yes,1,12.8982,-0.0047,9.2007,0.8374,0.0265,5.684,8.285,0.2365,11.84,0.2726
U0188,2008-08-10 19:07:00,2008-08-10,2008-08-04,2008-08,Sunday,19,Evening (16-24),Pass,0,28,0.2031,High,0.3961,No,2,0.4836,-0.0018,8.6324,0.83,0.1903,41.8033,6.411,0.7569,9.44,0.3767
U0189,2008-08-10 20:07:00,2008-08-10,2008-08-04,2008-08,Sunday,20,Evening (16-24),Fail,1,36,0.1978,High,0.3969,No,0,12.3073,-0.0049,9.1502,0.8434,0.0592,12.6467,14.3439,0.1419,20.75,0.7624
U0190,2008-08-10 22:26:00,2008-08-10,2008-08-04,2008-08,Sunday,22,Evening (16-24),Fail,1,28,0.1309,Medium,0.4076,No,1,21.7573,-0.0054,9.094,0.8434,0.0829,18.2085,5.7213,0.1419,8.24,0.1958
U0191,2008-08-11 03:06:00,2008-08-11,2008-08-11,2008-08,Monday,3,Night (00-08),Pass,0,20,0.2142,High,0.4031,No,0,10.0236,-0.0062,8.5155,0.7138,0.0752,15.9645,8.1842,-0.1892,11.65,0.4535
U0192,2008-08-11 04:09:00,2008-08-11,2008-08-11,2008-08,Monday,4,Night (00-08),Pass,0,28,0.1731,High,0.4142,No,0,8.0636,-0.0067,8.872,0.7138,0.0216,4.6622,6.2537,-0.1892,9.01,0.3777
U0193,2008-08-11 05:15:00,2008-08-11,2008-08-11,2008-08,Monday,5,Night (00-08),Pass,0,32,0.2015,High,0.3926,No,2,2.0427,-0.0055,9.2362,0.7138,0.0805,17.4812,8.6072,-0.1892,12.87,0.387
U0194,2008-08-11 11:35:00,2008-08-11,2008-08-11,2008-08,Monday,11,Morning (08-16),Pass,0,24,0.1332,Medium,0.4117,No,0,17.4,-0.0046,8.8287,0.7085,0.0593,12.6951,5.1848,-0.1419,7.23,0.2544
U0195,2008-08-11 12:38:00,2008-08-11,2008-08-11,2008-08,Monday,12,Morning (08-16),Pass,0,20,0.0933,Low,0.3946,No,1,3.28,-0.004,8.6324,0.7138,0.0174,3.7564,3.5925,-0.1892,5.41,0.6514
U0196,2008-08-12 04:23:00,2008-08-12,2008-08-11,2008-08,Tuesday,4,Night (00-08),Pass,0,60,0.141,Medium,0.4453,Yes,1,9.2527,-0.006,8.6942,0.6925,,,2.9261,-0.1419,4.28,0.4892
U0197,2008-08-12 06:16:00,2008-08-12,2008-08-11,2008-08,Tuesday,6,Night (00-08),Pass,0,31,0.1202,Medium,0.4544,Yes,2,-17.3591,-0.0084,8.8249,0.6955,,,6.8912,0.0482,10.43,0.2948
U0198,2008-08-12 10:54:00,2008-08-12,2008-08-11,2008-08,Tuesday,10,Morning (08-16),Pass,0,24,0.1697,High,0.3869,No,0,-9.4964,-0.0032,9.043,0.6955,,,4.1991,0.0482,6.3,0.4512
U0199,2008-08-12 11:29:00,2008-08-12,2008-08-11,2008-08,Tuesday,11,Morning (08-16),Pass,0,44,0.0702,Low,0.4,No,0,-7.9627,-0.0057,8.8945,0.6955,,,3.7271,0.0482,5.68,0.2818
U0200,2008-08-12 12:04:00,2008-08-12,2008-08-11,2008-08,Tuesday,12,Morning (08-16),Pass,0,28,0.1491,Medium,0.4215,No,3,1.1173,-0.0054,9.0998,0.6955,0.0262,5.623,3.9221,0.0482,5.87,0.8403
U0201,2008-08-13 02:48:00,2008-08-13,2008-08-11,2008-08,Wednesday,2,Night (00-08),Pass,0,32,0.1791,High,0.3964,No,0,8.3918,-0.0058,8.5155,0.8487,0.0454,9.7632,4.6918,-0.0946,6.71,0.7132
U0202,2008-08-15 03:26:00,2008-08-15,2008-08-11,2008-08,Friday,3,Night (00-08),Pass,0,48,0.0784,Low,0.3985,No,2,-15.5318,-0.0039,8.8945,0.6489,,,3.3351,0.1892,5.06,0.5128
U0203,2008-08-15 04:14:00,2008-08-15,2008-08-11,2008-08,Friday,4,Night (00-08),Pass,0,32,0.1303,Medium,0.4081,No,0,9.6564,-0.0072,9.219,0.806,0.0701,15.0641,8.3146,0.7096,11.81,0.796
U0204,2008-08-15 05:13:00,2008-08-15,2008-08-11,2008-08,Friday,5,Night (00-08),Pass,0,32,0.1516,High,0.3847,No,0,13.7,-0.0065,8.5218,0.6926,0.087,18.2799,5.5864,0.1892,8.06,0.5075
U0205,2008-08-15 09:38:00,2008-08-15,2008-08-11,2008-08,Friday,9,Morning (08-16),Pass,0,40,0.0757,Low,0.3881,No,0,6.5191,-0.0055,8.828,0.6492,,,6.4151,-0.1892,9.44,1.1333
U0206,2008-08-15 10:14:00,2008-08-15,2008-08-11,2008-08,Friday,10,Morning (08-16),Pass,0,28,0.0826,Low,0.3961,No,0,5.3118,-0.0051,9.2281,0.6492,,,3.7268,-0.1892,5.34,0.3818
U0207,2008-08-15 11:42:00,2008-08-15,2008-08-11,2008-08,Friday,11,Morning (08-16),Pass,0,24,0.0841,Low,0.3974,No,0,7.7745,-0.0047,9.2655,0.6492,0.1628,35.0071,3.4881,-0.1892,5.0,0.4054
U0208,2008-08-15 18:19:00,2008-08-15,2008-08-11,2008-08,Friday,18,Evening (16-24),Pass,0,28,0.2484,High,0.3975,No,0,23.9018,-0.0075,8.8287,0.8123,0.1864,39.3715,8.4806,0.0,12.32,1.0133
U0209,2008-08-15 19:19:00,2008-08-15,2008-08-11,2008-08,Friday,19,Evening (16-24),Pass,0,28,0.1097,Medium,0.4113,No,0,-0.3327,-0.0035,8.8513,0.8115,,,6.2662,0.0946,9.39,0.2353
U0210,2008-08-15 20:00:00,2008-08-15,2008-08-11,2008-08,Friday,20,Evening (16-24),Pass,0,20,0.2477,High,0.3879,No,0,20.7782,-0.0067,8.5218,0.8123,0.0312,6.7199,12.0902,0.0,17.29,1.0737
U0211,2008-08-15 20:03:00,2008-08-15,2008-08-11,2008-08,Friday,20,Evening (16-24),Pass,0,32,0.1283,Medium,0.405,No,0,24.26,-0.0039,8.5218,0.8269,0.0333,7.1623,3.8906,0.3784,5.72,0.9201
U0212,2008-08-15 23:31:00,2008-08-15,2008-08-11,2008-08,Friday,23,Evening (16-24),Pass,0,28,0.0985,Low,0.3896,No,0,6.7073,-0.0053,8.5266,0.8115,,,4.3994,0.0946,6.57,0.2361
U0213,2008-08-16 02:21:00,2008-08-16,2008-08-11,2008-08,Saturday,2,Night (00-08),Pass,0,32,0.241,High,0.3917,No,0,29.7264,-0.0052,9.7484,0.8123,0.0322,6.9152,7.4258,0.0,10.68,1.0172
U0214,2008-08-16 05:47:00,2008-08-16,2008-08-11,2008-08,Saturday,5,Night (00-08),Pass,0,32,0.1652,High,0.3937,No,0,11.4855,-0.0067,8.5155,0.838,0.1383,29.5693,6.3958,0.5677,9.74,0.3214
U0215,2008-08-16 06:52:00,2008-08-16,2008-08-11,2008-08,Saturday,6,Night (00-08),Pass,0,36,0.1765,High,0.381,No,1,28.3127,-0.0037,8.8287,0.838,0.0338,7.3379,4.7052,0.5677,6.68,0.3181
U0216,2008-08-16 07:33:00,2008-08-16,2008-08-11,2008-08,Saturday,7,Night (00-08),Pass,0,28,0.1773,High,0.3909,No,0,13.7255,-0.0056,8.6324,0.838,0.2234,48.5899,3.996,0.5677,5.88,0.6677
U0217,2008-08-16 08:39:00,2008-08-16,2008-08-11,2008-08,Saturday,8,Morning (08-16),Pass,0,20,0.2121,High,0.3949,No,0,18.8673,-0.0066,9.5642,0.838,0.0503,10.6609,7.4999,0.5677,10.89,0.3705
U0218,2008-08-16 08:41:00,2008-08-16,2008-08-11,2008-08,Saturday,8,Morning (08-16),Pass,0,24,0.1343,Medium,0.3921,No,0,5.5782,-0.0048,8.6406,0.838,0.2104,45.3558,4.5757,0.5677,6.65,0.3005
U0219,2008-08-16 09:44:00,2008-08-16,2008-08-11,2008-08,Saturday,9,Morning (08-16),Fail,1,24,0.1734,High,0.3959,No,0,25.5282,-0.0067,9.3998,0.8123,0.0801,17.149,5.6325,0.0,7.93,1.451
U0220,2008-08-16 13:51:00,2008-08-16,2008-08-11,2008-08,Saturday,13,Morning (08-16),Pass,0,24,0.1144,Medium,0.418,No,1,5.9945,-0.0002,8.8513,0.7987,,,3.4933,1.608,5.1,0.6301
U0221,2008-08-16 14:30:00,2008-08-16,2008-08-11,2008-08,Saturday,14,Morning (08-16),Pass,0,24,0.0945,Low,0.3902,No,1,2.7764,-0.0007,8.5266,0.7987,,,7.4219,1.608,10.78,0.7152
U0222,2008-08-16 15:16:00,2008-08-16,2008-08-11,2008-08,Saturday,15,Morning (08-16),Pass,0,24,0.1293,Medium,0.4009,No,0,2.6173,-0.0054,8.8513,0.7987,,,5.9411,1.608,8.69,0.8652
U0223,2008-08-16 15:19:00,2008-08-16,2008-08-11,2008-08,Saturday,15,Morning (08-16),Fail,1,32,0.1378,Medium,0.3906,No,0,20.8336,-0.0048,8.5218,0.838,0.0769,16.3993,8.0386,0.5677,11.39,0.3398
U0224,2008-08-16 23:48:00,2008-08-16,2008-08-11,2008-08,Saturday,23,Evening (16-24),Pass,0,28,0.2692,High,0.3934,No,0,27.3,-0.0059,9.3998,0.823,0.0555,11.7604,8.8334,0.7569,13.03,1.4617
U0225,2008-08-17 00:52:00,2008-08-17,2008-08-11,2008-08,Sunday,0,Night (00-08),Pass,0,20,0.0776,Low,0.3825,No,0,5.4191,-0.0092,8.6406,0.823,0.0377,8.0774,4.3832,0.7569,6.36,0.8998
U0226,2008-08-17 01:53:00,2008-08-17,2008-08-11,2008-08,Sunday,1,Night (00-08),Pass,0,20,0.1406,Medium,0.3859,No,0,5.9136,-0.0087,9.2281,0.823,0.0294,6.3266,3.0996,0.7569,4.49,0.9673
U0227,2008-08-17 03:17:00,2008-08-17,2008-08-11,2008-08,Sunday,3,Night (00-08),Pass,0,32,0.1117,Medium,0.3844,No,0,5.3782,-0.0095,8.6406,0.823,0.1008,21.4328,5.5785,0.7569,8.09,0.931
U0228,2008-08-17 03:18:00,2008-08-17,2008-08-11,2008-08,Sunday,3,Night (00-08),Pass,0,28,0.2333,High,0.4144,No,0,-11.2309,-0.0086,9.2171,0.823,0.1418,30.495,6.9396,0.7569,10.01,0.9475
U0229,2008-08-17 03:46:00,2008-08-17,2008-08-11,2008-08,Sunday,3,Night (00-08),Pass,0,20,0.1817,High,0.3988,No,2,-1.8473,-0.0049,8.7879,0.8187,0.0446,9.4629,8.9647,0.0,13.31,0.915
U0230,2008-08-17 04:19:00,2008-08-17,2008-08-11,2008-08,Sunday,4,Night (00-08),Pass,0,32,0.196,High,0.393,No,0,25.43,-0.0067,8.8287,0.8187,0.0878,18.7544,9.9046,0.0,13.79,0.8858
U0231,2008-08-17 05:21:00,2008-08-17,2008-08-11,2008-08,Sunday,5,Night (00-08),Pass,0,32,0.2428,High,0.3857,No,0,15.4555,-0.0067,8.5155,0.823,0.0447,9.5943,15.763,0.7569,23.54,1.6368
U0232,2008-08-17 12:16:00,2008-08-17,2008-08-11,2008-08,Sunday,12,Morning (08-16),Fail,1,24,0.0758,Low,0.3906,No,0,0.7582,-0.0091,9.219,0.823,0.0413,8.8137,7.0841,0.7569,10.2,0.966
U0233,2008-08-17 13:34:00,2008-08-17,2008-08-11,2008-08,Sunday,13,Morning (08-16),Pass,0,24,0.1382,Medium,0.3996,No,0,-12.0473,-0.0055,8.5177,0.8187,,,10.8564,0.0,16.65,0.491
U0234,2008-08-17 14:21:00,2008-08-17,2008-08-11,2008-08,Sunday,14,Morning (08-16),Pass,0,28,0.136,Medium,0.4059,No,0,-10.2673,-0.0052,8.5177,0.8187,,,9.8766,0.0,15.59,0.9891
U0235,2008-08-17 15:25:00,2008-08-17,2008-08-11,2008-08,Sunday,15,Morning (08-16),Pass,0,24,0.1266,Medium,0.392,No,0,1.1591,-0.0099,9.2171,0.758,0.1884,40.6933,7.1718,-0.2838,10.47,1.4658
U0236,2008-08-17 21:26:00,2008-08-17,2008-08-11,2008-08,Sunday,21,Evening (16-24),Fail,1,44,0.1244,Medium,0.3852,No,0,-11.8245,-0.0083,9.2171,0.758,0.0817,17.7449,4.7533,-0.2838,6.8,0.883
U0237,2008-08-17 22:03:00,2008-08-17,2008-08-11,2008-08,Sunday,22,Evening (16-24),Fail,1,24,0.2411,High,0.3927,No,0,8.4236,-0.0042,8.6013,0.7987,0.0402,8.5531,10.099,1.608,15.02,0.414
U0238,2008-08-17 22:21:00,2008-08-17,2008-08-11,2008-08,Sunday,22,Evening (16-24),Pass,0,24,0.202,High,0.3952,No,0,18.6045,-0.0061,8.6013,0.799,0.024,5.111,20.9542,0.0,30.92,0.6673
U0239,2008-08-17 23:04:00,2008-08-17,2008-08-11,2008-08,Sunday,23,Evening (16-24),Fail,1,36,0.2583,High,0.39,No,0,8.9764,-0.0035,8.6013,0.8123,0.0439,9.383,10.1224,0.0,15.27,0.2873
U0240,2008-08-17 23:20:00,2008-08-17,2008-08-11,2008-08,Sunday,23,Evening (16-24),Pass,0,20,0.1004,Medium,0.3912,No,0,0.7218,-0.0103,9.2171,0.7025,0.0443,9.6229,4.1323,-0.5677,5.95,0.429
U0241,2008-08-17 23:55:00,2008-08-17,2008-08-11,2008-08,Sunday,23,Evening (16-24),Fail,1,20,0.1002,Medium,0.4084,No,1,-1.42,-0.0013,9.2281,0.7021,,,7.3182,0.0,10.79,0.9305
U0242,2008-08-18 00:02:00,2008-08-18,2008-08-18,2008-08,Monday,0,Night (00-08),Fail,1,24,0.2623,High,0.3895,No,0,9.2082,-0.0042,8.6013,0.823,0.0907,18.9997,9.6042,0.7569,14.19,1.3051
U0243,2008-08-18 00:20:00,2008-08-18,2008-08-18,2008-08,Monday,0,Night (00-08),Pass,0,28,0.2198,High,0.3904,No,0,12.1609,-0.007,8.6013,0.799,0.0653,13.7092,5.6767,0.0,8.2,0.7172
U0244,2008-08-18 01:23:00,2008-08-18,2008-08-18,2008-08,Monday,1,Night (00-08),Fail,1,24,0.2209,High,0.4081,No,0,8.5273,-0.0078,8.8287,0.8187,0.0302,6.3554,8.1226,0.0,11.86,0.4207
U0245,2008-08-18 04:01:00,2008-08-18,2008-08-18,2008-08,Monday,4,Night (00-08),Fail,1,24,0.1501,Medium,0.3902,No,0,17.1745,-0.0066,8.5788,0.8187,0.0776,16.7703,9.4912,0.0,14.03,0.2996
U0246,2008-08-18 04:12:00,2008-08-18,2008-08-18,2008-08,Monday,4,Night (00-08),Pass,0,36,0.0944,Low,0.3915,No,0,5.7855,-0.0072,8.536,0.758,0.0203,4.3849,12.6203,-0.2838,18.65,0.2925
U0247,2008-08-18 04:35:00,2008-08-18,2008-08-18,2008-08,Monday,4,Night (00-08),Pass,0,36,0.1889,High,0.4059,No,0,14.4382,-0.0091,8.5952,0.7423,0.2005,43.1754,9.8466,-0.4258,14.68,0.4392
U0248,2008-08-18 05:03:00,2008-08-18,2008-08-18,2008-08,Monday,5,Night (00-08),Pass,0,32,0.1296,Medium,0.3865,No,0,11.6964,-0.0034,8.6527,0.7025,0.0225,4.8034,7.26,-0.5677,11.09,0.417
U0249,2008-08-18 05:25:00,2008-08-18,2008-08-18,2008-08,Monday,5,Night (00-08),Pass,0,36,0.147,Medium,0.4303,No,1,18.0545,-0.0013,8.6829,0.7025,0.0435,9.0982,6.3828,-0.5677,9.89,1.3921
U0250,2008-08-18 06:07:00,2008-08-18,2008-08-18,2008-08,Monday,6,Night (00-08),Pass,0,32,0.1183,Medium,0.428,No,0,20.7055,-0.0097,9.1757,0.7423,0.0345,7.4508,7.727,-0.4258,11.28,0.4452
U0251,2008-08-18 06:11:00,2008-08-18,2008-08-18,2008-08,Monday,6,Night (00-08),Pass,0,32,0.1188,Medium,0.3905,No,0,1.1273,-0.0088,9.2171,0.6887,0.0263,5.6507,2.8784,-0.5677,4.17,0.3426
U0252,2008-08-18 06:26:00,2008-08-18,2008-08-18,2008-08,Monday,6,Night (00-08),Pass,0,36,0.1565,High,0.4084,No,0,16.4073,-0.0041,8.6829,0.7025,0.0873,18.5482,6.6161,-0.5677,10.0,0.4513
U0253,2008-08-18 07:11:00,2008-08-18,2008-08-18,2008-08,Monday,7,Night (00-08),Pass,0,44,0.0739,Low,0.3755,No,0,5.4018,-0.0098,8.6406,0.6887,0.0254,5.4348,3.3141,-0.5677,4.81,0.2942
U0254,2008-08-18 07:23:00,2008-08-18,2008-08-18,2008-08,Monday,7,Night (00-08),Pass,0,20,0.132,Medium,0.4036,No,0,26.8609,-0.0098,8.6211,0.6887,0.0211,4.5321,6.0001,-0.5677,8.94,1.3355
U0255,2008-08-18 07:29:00,2008-08-18,2008-08-18,2008-08,Monday,7,Night (00-08),Pass,0,20,0.1511,Medium,0.3962,No,1,23.7709,-0.0115,9.2655,0.758,0.0632,13.5668,5.1866,-0.2838,7.49,1.6821
U0256,2008-08-18 08:18:00,2008-08-18,2008-08-18,2008-08,Monday,8,Morning (08-16),Pass,0,24,0.1035,Medium,0.4132,No,0,-0.84,-0.0067,8.828,0.7025,,,7.4516,-0.5677,11.02,1.4777
U0257,2008-08-18 08:31:00,2008-08-18,2008-08-18,2008-08,Monday,8,Morning (08-16),Pass,0,32,0.1239,Medium,0.395,No,0,25.4264,-0.0076,8.5155,0.6887,0.2398,51.8279,6.5942,-0.5677,9.8,0.8287
U0258,2008-08-18 10:13:00,2008-08-18,2008-08-18,2008-08,Monday,10,Morning (08-16),Pass,0,36,0.1233,Medium,0.3979,No,0,26.6136,-0.0097,9.3998,0.7463,0.1802,38.6746,4.4058,-0.3784,6.42,0.3346
U0259,2008-08-18 11:04:00,2008-08-18,2008-08-18,2008-08,Monday,11,Morning (08-16),Pass,0,24,0.1349,Medium,0.4025,No,0,-6.5391,-0.0089,8.536,0.7423,0.0515,10.945,6.0001,-0.4258,8.71,1.3846
U0260,2008-08-18 12:00:00,2008-08-18,2008-08-18,2008-08,Monday,12,Morning (08-16),Pass,0,24,0.1133,Medium,0.3836,No,0,0.1518,-0.0107,9.5713,0.7463,0.0323,6.9012,3.0125,-0.3784,4.32,0.3341
U0261,2008-08-18 12:06:00,2008-08-18,2008-08-18,2008-08,Monday,12,Morning (08-16),Pass,0,32,0.0924,Low,0.3766,No,0,2.8245,-0.01,9.5713,0.7423,0.0665,13.9499,4.2813,-0.4258,6.19,0.4615
U0262,2008-08-18 12:22:00,2008-08-18,2008-08-18,2008-08,Monday,12,Morning (08-16),Pass,0,24,0.1646,High,0.3898,No,0,12.1818,-0.0079,8.531,0.6887,0.0444,9.3099,5.6722,-0.5677,8.88,1.3558
U0263,2008-08-18 12:49:00,2008-08-18,2008-08-18,2008-08,Monday,12,Morning (08-16),Pass,0,44,0.2609,High,0.3872,No,0,19.5609,-0.0074,9.4832,0.7135,0.1307,27.9245,6.634,-0.4258,9.98,0.3115
U0264,2008-08-18 13:07:00,2008-08-18,2008-08-18,2008-08,Monday,13,Morning (08-16),Pass,0,20,0.0804,Low,0.4231,No,0,-1.1609,-0.0094,8.9416,0.6887,0.0328,6.9973,5.8827,-0.5677,8.74,0.7029
U0265,2008-08-18 14:01:00,2008-08-18,2008-08-18,2008-08,Monday,14,Morning (08-16),Pass,0,28,0.082,Low,0.3879,No,0,18.63,-0.0096,9.2433,0.7423,0.0381,8.0221,3.6188,-0.4258,5.63,1.7696
U0266,2008-08-18 14:04:00,2008-08-18,2008-08-18,2008-08,Monday,14,Morning (08-16),Pass,0,40,0.1282,Medium,0.3913,No,0,20.7118,-0.0093,9.4832,0.7463,0.0448,9.5516,4.7381,-0.3784,7.01,0.3201
U0267,2008-08-18 14:45:00,2008-08-18,2008-08-18,2008-08,Monday,14,Morning (08-16),Pass,0,32,0.1182,Medium,0.3822,No,0,-11.9682,-0.0105,8.5218,0.7463,0.0856,18.375,7.0926,-0.3784,10.18,0.296
U0268,2008-08-18 15:00:00,2008-08-18,2008-08-18,2008-08,Monday,15,Morning (08-16),Pass,0,20,0.1818,High,0.3884,No,0,16.8445,-0.0107,9.2655,0.6764,0.0825,17.1682,9.8085,-0.9934,14.53,0.903
U0269,2008-08-18 15:26:00,2008-08-18,2008-08-18,2008-08,Monday,15,Morning (08-16),Pass,0,32,0.1231,Medium,0.3962,No,0,14.0382,-0.0084,8.5952,0.7463,0.0292,6.2332,8.5491,-0.3784,12.84,0.2888
U0270,2008-08-18 15:30:00,2008-08-18,2008-08-18,2008-08,Monday,15,Morning (08-16),Pass,0,44,0.1378,Medium,0.4023,No,0,28.4009,-0.0104,9.5642,0.6887,0.0354,7.6429,3.1529,-0.5677,4.48,0.7588
U0271,2008-08-18 15:33:00,2008-08-18,2008-08-18,2008-08,Monday,15,Morning (08-16),Pass,0,28,0.1626,High,0.3817,No,0,22.1827,-0.008,8.5405,0.6764,0.0262,5.6091,8.7564,-0.9934,12.74,0.95
U0272,2008-08-18 15:41:00,2008-08-18,2008-08-18,2008-08,Monday,15,Morning (08-16),Pass,0,32,0.1397,Medium,0.4019,No,0,9.1882,-0.0086,9.5642,0.7463,0.0202,4.346,5.9269,-0.3784,9.02,1.5097
U0273,2008-08-18 16:19:00,2008-08-18,2008-08-18,2008-08,Monday,16,Evening (16-24),Pass,0,44,0.1521,High,0.392,No,0,1.5018,-0.0075,9.5713,0.6764,0.061,13.2466,10.8289,-0.9934,15.93,1.0538
U0274,2008-08-18 17:13:00,2008-08-18,2008-08-18,2008-08,Monday,17,Evening (16-24),Fail,1,28,0.0688,Low,0.4294,No,0,16.0155,-0.0081,9.4043,0.6764,0.0431,9.2222,8.5333,-0.9934,12.89,1.0919
U0275,2008-08-18 17:16:00,2008-08-18,2008-08-18,2008-08,Monday,17,Evening (16-24),Pass,0,32,0.1193,Medium,0.379,No,0,2.5027,-0.0095,9.5713,0.6764,0.0292,6.3073,7.8622,-0.9934,11.44,0.8123
U0276,2008-08-18 17:37:00,2008-08-18,2008-08-18,2008-08,Monday,17,Evening (16-24),Pass,0,28,0.2325,High,0.4933,Yes,5,87.0391,-0.0084,9.1757,0.7463,0.0585,12.1854,146.4232,-0.3784,186.82,1.2615
U0277,2008-08-18 19:24:00,2008-08-18,2008-08-18,2008-08,Monday,19,Evening (16-24),Pass,0,24,0.1043,Medium,0.3912,No,0,0.7591,-0.0062,8.828,0.7463,,,4.3304,-0.3784,6.14,1.4879
U0278,2008-08-18 19:54:00,2008-08-18,2008-08-18,2008-08,Monday,19,Evening (16-24),Fail,1,20,0.2009,High,0.38,No,0,9.8782,-0.0077,8.6211,0.6764,0.0236,5.065,6.9596,-0.9934,10.27,0.962
U0279,2008-08-18 23:00:00,2008-08-18,2008-08-18,2008-08,Monday,23,Evening (16-24),Pass,0,24,0.144,Medium,0.3901,No,0,15.6791,-0.0101,8.5788,0.6785,0.0455,9.7416,8.6597,-0.0473,12.79,1.2277
U0280,2008-08-18 23:03:00,2008-08-18,2008-08-18,2008-08,Monday,23,Evening (16-24),Pass,0,24,0.1571,High,0.4041,No,0,16.2418,-0.0071,8.5788,0.6909,0.0429,9.2047,6.1628,0.4258,9.07,1.2909
U0281,2008-08-18 23:47:00,2008-08-18,2008-08-18,2008-08,Monday,23,Evening (16-24),Pass,0,28,0.1266,Medium,0.4054,No,2,10.3745,-0.0088,9.2655,0.6785,0.2984,62.3364,6.9014,-0.0473,10.61,1.0513
U0282,2008-08-19 01:10:00,2008-08-19,2008-08-18,2008-08,Tuesday,1,Night (00-08),Pass,0,32,0.1599,High,0.4151,No,0,2.5045,-0.0084,8.9416,0.6785,0.0563,12.0279,6.1803,-0.0473,9.08,1.1279
U0283,2008-08-19 03:59:00,2008-08-19,2008-08-18,2008-08,Tuesday,3,Night (00-08),Fail,1,44,0.1435,Medium,0.3918,No,0,24.14,-0.0096,9.1757,0.6909,0.0385,8.1735,8.171,0.4258,12.26,1.1118
U0284,2008-08-19 04:58:00,2008-08-19,2008-08-18,2008-08,Tuesday,4,Night (00-08),Pass,0,36,0.1599,High,0.3982,No,0,23.7109,-0.0105,8.872,0.6955,0.0381,8.2241,6.3497,-0.0946,9.51,1.4139
U0285,2008-08-19 05:09:00,2008-08-19,2008-08-18,2008-08,Tuesday,5,Night (00-08),Pass,0,48,0.1276,Medium,0.3985,No,1,5.78,-0.0112,8.6406,0.6383,0.2529,56.1185,7.2905,0.0,10.83,0.9968
U0286,2008-08-19 05:11:00,2008-08-19,2008-08-18,2008-08,Tuesday,5,Night (00-08),Pass,0,24,0.1029,Medium,0.3991,No,0,-0.18,-0.0122,9.219,0.6383,0.0246,5.4034,3.2597,0.0,4.79,1.3179
U0287,2008-08-19 05:11:00,2008-08-19,2008-08-18,2008-08,Tuesday,5,Night (00-08),Pass,0,28,0.0958,Low,0.4098,No,0,-8.6082,-0.0104,9.2171,0.6955,0.049,10.422,5.2385,-0.0946,7.4,0.3863
U0288,2008-08-19 05:40:00,2008-08-19,2008-08-18,2008-08,Tuesday,5,Night (00-08),Pass,0,20,0.1307,Medium,0.42,No,0,22.7173,-0.0096,8.7879,0.6383,0.0412,8.6687,5.3468,0.0,8.02,1.0609
U0289,2008-08-19 05:41:00,2008-08-19,2008-08-18,2008-08,Tuesday,5,Night (00-08),Pass,0,24,0.1157,Medium,0.4063,No,0,20.0236,-0.0096,8.872,0.6955,0.0364,7.8593,8.0814,-0.0946,12.36,0.7616
U0290,2008-08-19 05:53:00,2008-08-19,2008-08-18,2008-08,Tuesday,5,Night (00-08),Pass,0,20,0.1997,High,0.4011,No,0,17.9782,-0.0089,8.5218,0.689,0.0328,7.1084,7.9506,0.5204,11.68,0.3496
U0291,2008-08-19 05:54:00,2008-08-19,2008-08-18,2008-08,Tuesday,5,Night (00-08),Pass,0,28,0.1535,High,0.3935,No,0,17.7327,-0.0079,8.6324,0.6955,0.0401,8.5754,9.9305,-0.0946,15.17,0.9268
U0292,2008-08-19 05:56:00,2008-08-19,2008-08-18,2008-08,Tuesday,5,Night (00-08),Fail,1,28,0.1459,Medium,0.393,No,1,1.3718,-0.0093,9.2655,0.6909,0.0743,15.8517,4.313,0.4258,6.54,1.2337
U0293,2008-08-19 06:24:00,2008-08-19,2008-08-18,2008-08,Tuesday,6,Night (00-08),Pass,0,36,0.1129,Medium,0.4029,No,0,2.0373,-0.0058,8.6527,0.6955,0.0623,13.3691,5.3147,-0.0946,7.8,0.5641
U0294,2008-08-19 07:43:00,2008-08-19,2008-08-18,2008-08,Tuesday,7,Night (00-08),Pass,0,24,0.1102,Medium,0.3837,No,0,1.4218,-0.0083,9.1757,0.6897,0.2045,43.6744,5.4321,-0.5204,7.79,1.2675
U0295,2008-08-19 07:58:00,2008-08-19,2008-08-18,2008-08,Tuesday,7,Night (00-08),Fail,1,32,0.1222,Medium,0.379,No,0,22.4382,-0.0086,8.5218,0.6909,0.0259,5.5848,6.1088,0.4258,9.23,1.1013
U0296,2008-08-19 08:01:00,2008-08-19,2008-08-18,2008-08,Tuesday,8,Morning (08-16),Pass,0,32,0.1371,Medium,0.4425,Yes,0,14.9018,-0.0075,9.5642,0.6897,0.1183,25.2256,7.8561,-0.5204,11.9,1.1152
U0297,2008-08-19 08:07:00,2008-08-19,2008-08-18,2008-08,Tuesday,8,Morning (08-16),Pass,0,36,0.0683,Low,0.4039,No,0,4.4391,-0.0128,8.6406,0.6383,0.038,8.2695,7.7847,0.0,11.67,0.4563
U0298,2008-08-19 08:33:00,2008-08-19,2008-08-18,2008-08,Tuesday,8,Morning (08-16),Pass,0,36,0.1254,Medium,0.4082,No,1,-15.31,-0.0051,9.2328,0.7025,,,3.5082,-0.5677,5.21,0.3777
U0299,2008-08-19 09:04:00,2008-08-19,2008-08-18,2008-08,Tuesday,9,Morning (08-16),Pass,0,28,0.0997,Medium,0.4134,No,0,27.3227,-0.0083,9.7484,0.6897,0.0519,11.0186,3.0522,-0.5204,4.39,1.1349
U0300,2008-08-19 09:05:00,2008-08-19,2008-08-18,2008-08,Tuesday,9,Morning (08-16),Pass,0,80,0.098,Low,0.4043,No,0,2.78,-0.0069,9.2291,,,,10.4267,,15.3,0.3101
U0301,2008-08-19 10:46:00,2008-08-19,2008-08-18,2008-08,Tuesday,10,Morning (08-16),Pass,0,36,0.2594,High,0.4145,No,0,18.1782,-0.0109,9.219,0.7987,0.0516,11.3521,10.2601,1.608,14.91,0.494
U0302,2008-08-19 11:11:00,2008-08-19,2008-08-18,2008-08,Tuesday,11,Morning (08-16),Pass,0,24,0.1614,High,0.3956,No,0,22.3736,-0.0084,8.5405,0.8284,0.0744,15.225,9.6886,1.419,14.55,0.3932
U0303,2008-08-19 11:13:00,2008-08-19,2008-08-18,2008-08,Tuesday,11,Morning (08-16),Pass,0,32,0.1851,High,0.3958,No,0,24.4791,-0.0074,9.2433,0.8284,0.0555,12.0116,7.7394,1.419,11.37,0.4675
U0304,2008-08-19 11:13:00,2008-08-19,2008-08-18,2008-08,Tuesday,11,Morning (08-16),Pass,0,36,0.1816,High,0.3929,No,0,20.7209,-0.0084,8.6211,0.8284,0.0217,4.6404,4.6032,1.419,6.86,0.6624
U0305,2008-08-19 11:28:00,2008-08-19,2008-08-18,2008-08,Tuesday,11,Morning (08-16),Pass,0,28,0.1636,High,0.3997,No,0,6.2045,-0.003,8.5459,0.8284,0.237,51.8438,11.9213,1.419,17.79,0.6939
U0306,2008-08-19 11:44:00,2008-08-19,2008-08-18,2008-08,Tuesday,11,Morning (08-16),Pass,0,32,0.1377,Medium,0.4017,No,0,6.9082,-0.0077,8.872,0.8284,0.0351,7.373,8.6041,1.419,13.31,0.7833
U0307,2008-08-19 11:46:00,2008-08-19,2008-08-18,2008-08,Tuesday,11,Morning (08-16),Pass,0,24,0.1841,High,0.3815,No,0,23.2655,-0.0075,8.7879,0.8284,0.0457,9.6586,5.8803,1.419,8.62,0.7052
U0308,2008-08-19 11:57:00,2008-08-19,2008-08-18,2008-08,Tuesday,11,Morning (08-16),Pass,0,40,0.0788,Low,0.4002,No,0,-7.8309,-0.0097,8.5952,0.8284,0.1198,26.109,8.6692,1.419,12.44,0.6742
U0309,2008-08-19 11:58:00,2008-08-19,2008-08-18,2008-08,Tuesday,11,Morning (08-16),Pass,0,44,0.1005,Medium,0.4086,No,0,0.5373,-0.0094,8.536,0.8284,0.1903,40.5614,3.417,1.419,4.94,0.4102
U0310,2008-08-19 12:30:00,2008-08-19,2008-08-18,2008-08,Tuesday,12,Morning (08-16),Pass,0,36,0.1023,Medium,0.4024,No,1,3.1136,-0.0094,8.5405,0.689,0.0344,7.3021,7.6393,0.5204,11.47,0.2219
U0311,2008-08-19 15:33:00,2008-08-19,2008-08-18,2008-08,Tuesday,15,Morning (08-16),Pass,0,24,0.1613,High,0.4039,No,0,25.1891,-0.0105,8.6211,0.6897,0.0574,12.2031,10.5165,-0.5204,15.92,0.6467
U0312,2008-08-19 18:12:00,2008-08-19,2008-08-18,2008-08,Tuesday,18,Evening (16-24),Pass,0,28,0.0915,Low,0.4195,No,0,1.23,-0.005,8.6829,0.716,0.2246,47.8577,4.139,0.2838,6.17,0.8608
U0313,2008-08-19 18:12:00,2008-08-19,2008-08-18,2008-08,Tuesday,18,Evening (16-24),Pass,0,20,0.1298,Medium,0.4006,No,0,13.5955,-0.01,9.7484,0.6518,0.0516,10.8828,8.3351,0.8042,12.5,0.5055
U0314,2008-08-19 18:30:00,2008-08-19,2008-08-18,2008-08,Tuesday,18,Evening (16-24),Pass,0,32,0.0965,Low,0.4273,No,1,-2.9273,-0.0093,8.9416,0.6518,0.0479,10.1194,6.0746,0.8042,8.99,0.3162
U0315,2008-08-19 18:30:00,2008-08-19,2008-08-18,2008-08,Tuesday,18,Evening (16-24),Pass,0,16,0.1299,Medium,0.3931,No,1,13.3745,-0.0086,9.1757,0.6518,0.2332,50.6463,5.0984,0.8042,7.44,0.3833
U0316,2008-08-19 19:38:00,2008-08-19,2008-08-18,2008-08,Tuesday,19,Evening (16-24),Pass,0,24,0.1612,High,0.3942,No,0,27.4627,-0.01,9.3998,0.6518,0.0315,6.7535,4.4594,0.8042,6.76,0.2185
U0317,2008-08-19 20:53:00,2008-08-19,2008-08-18,2008-08,Tuesday,20,Evening (16-24),Pass,0,64,0.1543,High,0.4121,No,0,4.9991,-0.0046,9.0622,,,,6.7235,,9.91,0.4084
U0318,2008-08-20 00:05:00,2008-08-20,2008-08-18,2008-08,Wednesday,0,Night (00-08),Pass,0,36,0.0727,Low,0.3945,No,1,1.9145,-0.0029,8.8513,0.6383,,,6.2091,0.0,8.92,0.3676
U0319,2008-08-20 01:33:00,2008-08-20,2008-08-18,2008-08,Wednesday,1,Night (00-08),Pass,0,20,0.1143,Medium,0.4252,No,2,9.5927,-0.0072,8.9416,0.621,0.3021,63.7718,4.0186,-0.4258,5.9,1.0274
U0320,2008-08-20 01:42:00,2008-08-20,2008-08-18,2008-08,Wednesday,1,Night (00-08),Pass,0,28,0.0832,Low,0.3823,No,0,1.8182,-0.0068,8.5266,0.6897,,,5.0858,-0.5204,7.44,0.401
U0321,2008-08-20 02:13:00,2008-08-20,2008-08-18,2008-08,Wednesday,2,Night (00-08),Pass,0,32,0.2069,High,0.3949,No,1,22.6936,-0.0083,8.531,0.698,0.0252,5.4399,9.1891,0.5204,14.0,0.6897
U0322,2008-08-20 02:27:00,2008-08-20,2008-08-18,2008-08,Wednesday,2,Night (00-08),Fail,1,40,0.1205,Medium,0.4146,No,1,19.1027,-0.0083,9.7484,0.698,0.0248,5.3498,6.9064,0.5204,10.02,0.8938
U0323,2008-08-20 03:00:00,2008-08-20,2008-08-18,2008-08,Wednesday,3,Night (00-08),Pass,0,40,0.1655,High,0.4022,No,0,3.3055,-0.0085,8.9416,0.621,0.0337,7.1291,14.2375,-0.4258,20.79,0.6429
U0324,2008-08-20 03:12:00,2008-08-20,2008-08-18,2008-08,Wednesday,3,Night (00-08),Fail,1,28,0.1106,Medium,0.3867,No,2,13.6809,-0.0088,8.6211,0.698,0.2817,60.5469,4.676,0.5204,6.72,0.9088
U0325,2008-08-20 06:36:00,2008-08-20,2008-08-18,2008-08,Wednesday,6,Night (00-08),Pass,0,32,0.1661,High,0.3925,No,0,26.9136,-0.0089,9.4832,0.698,0.0456,9.7843,4.2396,0.5204,6.52,0.7766
U0326,2008-08-20 07:12:00,2008-08-20,2008-08-18,2008-08,Wednesday,7,Night (00-08),Pass,0,36,0.1998,High,0.3842,No,0,0.1427,-0.0062,8.9546,0.752,0.0486,10.5277,13.7105,0.4258,20.1,0.7811
U0327,2008-08-20 08:40:00,2008-08-20,2008-08-18,2008-08,Wednesday,8,Morning (08-16),Fail,1,40,0.1282,Medium,0.3809,No,0,14.75,-0.0081,8.531,0.758,0.0438,9.3158,9.9885,-0.2838,15.69,0.2949
U0328,2008-08-20 09:17:00,2008-08-20,2008-08-18,2008-08,Wednesday,9,Morning (08-16),Fail,1,40,0.1258,Medium,0.3899,No,1,8.0955,-0.0106,9.5713,0.698,0.0916,19.7945,6.9474,0.5204,10.23,0.8315
U0329,2008-08-20 10:26:00,2008-08-20,2008-08-18,2008-08,Wednesday,10,Morning (08-16),Pass,0,32,0.0933,Low,0.4045,No,0,0.8873,-0.005,8.4092,0.6518,,,3.9097,0.8042,5.71,3.7461
U0330,2008-08-20 16:08:00,2008-08-20,2008-08-18,2008-08,Wednesday,16,Evening (16-24),Pass,0,48,0.0537,Low,0.4042,No,0,1.77,-0.0092,8.7219,0.6421,0.0264,5.7721,3.7064,0.2838,5.51,0.6715
U0331,2008-08-20 16:16:00,2008-08-20,2008-08-18,2008-08,Wednesday,16,Evening (16-24),Pass,0,36,0.2099,High,0.383,No,1,21.1082,-0.01,8.6211,0.7931,0.0562,12.0817,5.7399,0.0,8.64,0.9891
U0332,2008-08-20 17:09:00,2008-08-20,2008-08-18,2008-08,Wednesday,17,Evening (16-24),Pass,0,28,0.1205,Medium,0.3758,No,1,4.6327,-0.0122,8.5266,0.6751,,,3.6741,-0.0473,5.44,0.9184
U0333,2008-08-20 17:35:00,2008-08-20,2008-08-18,2008-08,Wednesday,17,Evening (16-24),Pass,0,24,0.1338,Medium,0.3986,No,0,10.7709,-0.0101,8.5405,0.621,0.1817,39.6479,8.6732,-0.4258,13.75,0.6375
U0334,2008-08-20 17:36:00,2008-08-20,2008-08-18,2008-08,Wednesday,17,Evening (16-24),Pass,0,24,0.086,Low,0.3911,No,0,4.4155,-0.0081,8.828,0.8048,,,4.5129,0.0473,6.71,0.3749
U0335,2008-08-20 18:29:00,2008-08-20,2008-08-18,2008-08,Wednesday,18,Evening (16-24),Pass,0,24,0.1402,Medium,0.4112,No,0,4.4091,-0.007,8.531,0.7931,0.0557,11.8231,6.7011,0.0,9.98,0.3913
U0336,2008-08-20 18:35:00,2008-08-20,2008-08-18,2008-08,Wednesday,18,Evening (16-24),Pass,0,44,0.0974,Low,0.4246,No,0,-10.37,-0.0117,8.5177,0.6751,,,4.4544,-0.0473,6.91,6.2782
U0337,2008-08-20 19:20:00,2008-08-20,2008-08-18,2008-08,Wednesday,19,Evening (16-24),Fail,1,64,0.1532,High,0.3977,No,0,5.8091,-0.0086,8.7879,0.6955,0.0305,6.5334,4.3589,-0.0946,6.5,0.951
U0338,2008-08-20 20:19:00,2008-08-20,2008-08-18,2008-08,Wednesday,20,Evening (16-24),Pass,0,28,0.0379,Low,0.4045,No,0,2.0664,-0.0092,8.8505,0.6421,0.0185,3.9445,7.1405,0.2838,10.54,0.6973
U0339,2008-08-20 21:33:00,2008-08-20,2008-08-18,2008-08,Wednesday,21,Evening (16-24),Pass,0,28,0.0556,Low,0.4004,No,0,-0.2173,-0.014,8.8505,0.6421,0.023,4.9421,3.1175,0.2838,4.47,0.6396
U0340,2008-08-20 21:41:00,2008-08-20,2008-08-18,2008-08,Wednesday,21,Evening (16-24),Pass,0,32,0.0625,Low,0.3892,No,0,4.97,-0.0125,8.8505,0.6421,0.0222,4.7849,4.5134,0.2838,6.64,0.6832
U0341,2008-08-20 21:58:00,2008-08-20,2008-08-18,2008-08,Wednesday,21,Evening (16-24),Pass,0,20,0.0855,Low,0.3953,No,0,1.4036,-0.0058,8.4092,0.6518,,,2.7193,0.8042,4.05,5.7154
U0342,2008-08-20 22:13:00,2008-08-20,2008-08-18,2008-08,Wednesday,22,Evening (16-24),Pass,0,36,0.0511,Low,0.3831,No,0,2.9536,-0.0108,8.3754,0.8048,0.0197,4.2079,4.0489,0.0473,5.98,0.4072
U0343,2008-08-20 22:45:00,2008-08-20,2008-08-18,2008-08,Wednesday,22,Evening (16-24),Pass,0,20,0.089,Low,0.3945,No,0,-0.5691,-0.0072,9.2291,0.7914,,,3.3826,0.6623,4.89,0.5032
U0344,2008-08-20 23:18:00,2008-08-20,2008-08-18,2008-08,Wednesday,23,Evening (16-24),Pass,0,28,0.1237,Medium,0.3804,No,0,5.8727,-0.0067,8.5266,0.716,,,4.7116,0.2838,6.81,0.4027
U0345,2008-08-20 23:43:00,2008-08-20,2008-08-18,2008-08,Wednesday,23,Evening (16-24),Fail,1,44,0.1444,Medium,0.3965,No,0,14.0673,-0.0108,8.5952,0.7931,0.1727,36.9386,6.0691,0.0,9.07,1.0018
U0346,2008-08-21 02:11:00,2008-08-21,2008-08-18,2008-08,Thursday,2,Night (00-08),Pass,0,28,0.1435,Medium,0.4154,No,1,-5.6018,-0.0026,8.3324,0.7931,0.1873,40.8202,5.7121,0.0,7.91,1.2359
U0347,2008-08-21 02:46:00,2008-08-21,2008-08-18,2008-08,Thursday,2,Night (00-08),Pass,0,48,0.1239,Medium,0.3914,No,0,2.0009,-0.0099,8.7219,0.7527,0.0219,4.7659,7.7429,-0.2365,11.66,0.5035
U0348,2008-08-21 04:22:00,2008-08-21,2008-08-18,2008-08,Thursday,4,Night (00-08),Pass,0,20,0.1673,High,0.4154,No,3,20.81,-0.0107,8.6324,0.7931,0.4914,108.754,10.9632,0.0,17.26,1.118
U0349,2008-08-21 04:29:00,2008-08-21,2008-08-18,2008-08,Thursday,4,Night (00-08),Pass,0,28,0.0749,Low,0.4272,No,0,-5.9045,-0.0119,9.2291,0.716,,,6.2047,0.2838,8.99,0.866
U0350,2008-08-21 05:06:00,2008-08-21,2008-08-18,2008-08,Thursday,5,Night (00-08),Pass,0,24,0.1052,Medium,0.4186,No,1,-0.3264,-0.0126,9.5689,0.7931,,,3.6306,0.0,5.31,0.8847
U0351,2008-08-21 05:15:00,2008-08-21,2008-08-18,2008-08,Thursday,5,Night (00-08),Pass,0,24,0.1715,High,0.3902,No,0,4.3055,-0.0036,8.8513,0.716,,,6.2869,0.2838,9.33,0.2958
U0352,2008-08-21 06:10:00,2008-08-21,2008-08-18,2008-08,Thursday,6,Night (00-08),Fail,1,24,0.1513,Medium,0.4009,No,1,5.0809,-0.0084,9.7484,0.6755,0.0666,14.1084,8.4171,0.2365,12.76,0.8428
U0353,2008-08-21 11:22:00,2008-08-21,2008-08-18,2008-08,Thursday,11,Morning (08-16),Pass,0,28,0.0833,Low,0.3955,No,1,6.3364,-0.0119,8.8513,0.6518,,,4.6662,0.8042,6.88,0.5006
U0354,2008-08-21 12:00:00,2008-08-21,2008-08-18,2008-08,Thursday,12,Morning (08-16),Pass,0,28,0.0573,Low,0.3936,No,0,3.1418,-0.0103,9.2291,0.752,,,4.4095,0.4258,6.45,0.4979
U0355,2008-08-21 12:31:00,2008-08-21,2008-08-18,2008-08,Thursday,12,Morning (08-16),Pass,0,32,0.1928,High,0.3879,No,0,22.1027,-0.0095,9.4832,0.6755,0.0385,8.1756,6.5836,0.2365,9.65,0.5789
U0356,2008-08-21 12:33:00,2008-08-21,2008-08-18,2008-08,Thursday,12,Morning (08-16),Pass,0,24,0.0991,Low,0.4035,No,0,-0.8891,-0.0129,9.0859,0.7527,,,6.0573,-0.2365,9.07,0.3356
U0357,2008-08-21 12:43:00,2008-08-21,2008-08-18,2008-08,Thursday,12,Morning (08-16),Pass,0,28,0.0731,Low,0.4068,No,0,-6.8555,-0.0121,9.2328,0.7914,,,6.4508,0.6623,9.47,0.495
U0358,2008-08-21 12:52:00,2008-08-21,2008-08-18,2008-08,Thursday,12,Morning (08-16),Pass,0,28,0.0981,Low,0.4043,No,0,2.1473,-0.0123,9.2328,0.7914,,,2.5138,0.6623,3.57,0.4778
U0359,2008-08-21 13:11:00,2008-08-21,2008-08-18,2008-08,Thursday,13,Morning (08-16),Pass,0,40,0.1066,Medium,0.4131,No,0,-8.4836,-0.005,8.5177,0.716,,,6.9918,0.2838,10.54,0.4937
U0360,2008-08-21 13:19:00,2008-08-21,2008-08-18,2008-08,Thursday,13,Morning (08-16),Pass,0,24,0.0827,Low,0.3836,No,0,3.9382,-0.0063,8.4092,0.7931,,,4.8265,0.0,7.03,0.93
U0361,2008-08-21 13:29:00,2008-08-21,2008-08-18,2008-08,Thursday,13,Morning (08-16),Pass,0,20,0.0909,Low,0.4094,No,0,-0.2618,-0.0079,9.0622,0.6518,,,15.1886,0.8042,21.94,3.8669
U0362,2008-08-21 13:45:00,2008-08-21,2008-08-18,2008-08,Thursday,13,Morning (08-16),Pass,0,24,0.0842,Low,0.4044,No,1,-2.7936,-0.0104,9.2291,0.7931,,,5.9309,0.0,8.69,1.141
U0363,2008-08-21 14:47:00,2008-08-21,2008-08-18,2008-08,Thursday,14,Morning (08-16),Pass,0,36,0.1315,Medium,0.4175,No,3,9.8518,-0.0038,8.6829,0.8048,0.4599,101.5971,5.0612,0.0473,7.77,0.6531
U0364,2008-08-21 15:05:00,2008-08-21,2008-08-18,2008-08,Thursday,15,Morning (08-16),Pass,0,24,0.1272,Medium,0.3866,No,0,3.8936,-0.0126,8.8505,0.6755,0.0555,11.9924,4.8816,0.2365,7.24,0.8083
U0365,2008-08-21 15:06:00,2008-08-21,2008-08-18,2008-08,Thursday,15,Morning (08-16),Pass,0,32,0.1615,High,0.4014,No,0,-5.9236,-0.01,8.5952,0.6848,0.1096,23.74,8.208,0.7569,11.63,0.4632
U0366,2008-08-21 15:32:00,2008-08-21,2008-08-18,2008-08,Thursday,15,Morning (08-16),Pass,0,20,0.0616,Low,0.3823,No,0,4.0991,-0.0132,9.396,0.6469,0.0182,3.9631,3.9273,-0.2838,5.71,0.5456
U0367,2008-08-21 15:48:00,2008-08-21,2008-08-18,2008-08,Thursday,15,Morning (08-16),Pass,0,24,0.1433,Medium,0.4009,No,1,6.3436,-0.013,8.5266,0.752,,,3.7264,0.4258,5.46,0.6124
U0368,2008-08-21 15:50:00,2008-08-21,2008-08-18,2008-08,Thursday,15,Morning (08-16),Pass,0,20,0.0983,Low,0.4454,Yes,1,0.31,-0.009,9.4043,0.6848,0.151,31.8153,3.9885,0.7569,5.77,0.5452
U0369,2008-08-21 16:19:00,2008-08-21,2008-08-18,2008-08,Thursday,16,Evening (16-24),Fail,1,24,0.122,Medium,0.4078,No,0,28.5145,-0.0086,9.3998,0.6755,0.114,24.838,8.811,0.2365,13.3,1.0911
U0370,2008-08-21 16:36:00,2008-08-21,2008-08-18,2008-08,Thursday,16,Evening (16-24),Pass,0,40,0.0951,Low,0.4038,No,0,4.0209,-0.0111,8.5266,0.7527,,,6.8435,-0.2365,10.13,0.5625
U0371,2008-08-21 17:25:00,2008-08-21,2008-08-18,2008-08,Thursday,17,Evening (16-24),Pass,0,24,0.0888,Low,0.3874,No,0,3.2182,-0.0063,8.4092,0.752,,,5.0597,0.4258,7.51,0.5116
U0372,2008-08-21 17:44:00,2008-08-21,2008-08-18,2008-08,Thursday,17,Evening (16-24),Pass,0,20,0.146,Medium,0.4185,No,0,14.3891,-0.0105,9.5642,0.8048,0.0528,11.3228,7.0835,0.0473,10.65,0.286
U0373,2008-08-21 18:04:00,2008-08-21,2008-08-18,2008-08,Thursday,18,Evening (16-24),Pass,0,40,0.0859,Low,0.3917,No,0,6.2455,-0.0085,8.8384,0.6755,0.0583,12.2953,5.0709,0.2365,7.32,0.6617
U0374,2008-08-21 18:05:00,2008-08-21,2008-08-18,2008-08,Thursday,18,Evening (16-24),Fail,1,40,0.0988,Low,0.3923,No,0,3.7982,-0.005,9.1855,0.716,,,3.7025,0.2838,5.34,0.3796
U0375,2008-08-21 18:39:00,2008-08-21,2008-08-18,2008-08,Thursday,18,Evening (16-24),Pass,0,36,0.1171,Medium,0.3966,No,0,-1.9555,-0.0059,9.9964,0.7527,,,7.1548,-0.2365,10.52,0.7481
U0376,2008-08-21 18:53:00,2008-08-21,2008-08-18,2008-08,Thursday,18,Evening (16-24),Pass,0,44,0.0903,Low,0.4215,No,0,-10.6036,-0.0089,8.5405,0.6421,0.051,10.9695,6.8752,0.2838,10.31,1.0729
U0377,2008-08-21 19:12:00,2008-08-21,2008-08-18,2008-08,Thursday,19,Evening (16-24),Pass,0,32,0.078,Low,0.3907,No,0,3.88,-0.01,8.8505,0.6848,0.0477,10.0856,4.6953,0.7569,6.93,0.6072
U0378,2008-08-21 19:12:00,2008-08-21,2008-08-18,2008-08,Thursday,19,Evening (16-24),Pass,0,24,0.1425,Medium,0.3951,No,0,5.7945,-0.0055,9.0695,0.7931,,,4.4354,0.0,6.49,1.1664
U0379,2008-08-21 19:46:00,2008-08-21,2008-08-18,2008-08,Thursday,19,Evening (16-24),Pass,0,32,0.0777,Low,0.4227,No,1,0.8018,-0.0122,8.4092,0.7931,,,5.6521,0.0,8.08,0.4026
U0380,2008-08-21 20:19:00,2008-08-21,2008-08-18,2008-08,Thursday,20,Evening (16-24),Pass,0,28,0.1837,High,0.3807,No,0,10.8955,-0.0094,8.872,0.6848,0.0465,9.7689,4.3312,0.7569,6.37,0.4435
U0381,2008-08-21 20:21:00,2008-08-21,2008-08-18,2008-08,Thursday,20,Evening (16-24),Pass,0,16,0.1821,High,0.4141,No,0,15.2791,-0.0096,9.1757,0.6848,0.25,53.6752,10.9636,0.7569,16.8,0.32
U0382,2008-08-21 20:37:00,2008-08-21,2008-08-18,2008-08,Thursday,20,Evening (16-24),Pass,0,24,0.1123,Medium,0.4024,No,0,18.7173,-0.0087,8.5788,0.6469,0.1308,28.1683,6.8555,-0.2838,10.26,0.6079
U0383,2008-08-21 21:32:00,2008-08-21,2008-08-18,2008-08,Thursday,21,Evening (16-24),Pass,0,36,0.0758,Low,0.3837,No,0,3.3955,-0.0116,8.6915,0.6586,0.02,4.3748,6.8737,-0.0473,10.21,1.0651
U0384,2008-08-21 22:25:00,2008-08-21,2008-08-18,2008-08,Thursday,22,Evening (16-24),Pass,0,40,0.0985,Low,0.4074,No,0,0.1227,-0.0093,9.5713,0.6755,0.0394,8.4982,6.0602,0.2365,8.98,1.2115
U0385,2008-08-21 22:41:00,2008-08-21,2008-08-18,2008-08,Thursday,22,Evening (16-24),Pass,0,44,0.1332,Medium,0.4233,No,0,3.5336,-0.0099,8.9416,0.6848,0.2228,48.2828,8.9725,0.7569,13.29,0.6761
U0386,2008-08-21 23:08:00,2008-08-21,2008-08-18,2008-08,Thursday,23,Evening (16-24),Pass,0,20,0.0914,Low,0.4445,Yes,0,-5.3355,-0.0093,8.536,0.6586,0.0596,12.6974,5.6449,-0.0473,8.2,0.632
U0387,2008-08-21 23:27:00,2008-08-21,2008-08-18,2008-08,Thursday,23,Evening (16-24),Pass,0,36,0.0677,Low,0.4182,No,0,1.4355,-0.0095,8.9416,0.6848,0.1206,25.8912,6.3172,0.7569,9.32,0.418
U0388,2008-08-21 23:53:00,2008-08-21,2008-08-18,2008-08,Thursday,23,Evening (16-24),Pass,0,28,0.1232,Medium,0.41,No,0,7.3918,-0.0074,9.4043,0.6469,0.0175,3.7572,5.726,-0.2838,8.56,0.5458
U0389,2008-08-21 23:57:00,2008-08-21,2008-08-18,2008-08,Thursday,23,Evening (16-24),Pass,0,40,0.0835,Low,0.38,No,0,4.8018,-0.0092,8.5952,0.6469,0.0189,4.0595,6.4164,-0.2838,9.42,0.5109
U0390,2008-08-22 00:43:00,2008-08-22,2008-08-18,2008-08,Friday,0,Night (00-08),Pass,0,24,0.1082,Medium,0.3959,No,0,-7.4155,-0.0111,9.4043,0.752,0.047,10.1117,4.3502,0.4258,6.21,0.3492
U0391,2008-08-22 00:44:00,2008-08-22,2008-08-18,2008-08,Friday,0,Night (00-08),Pass,0,28,0.0621,Low,0.3883,No,0,0.0945,-0.0063,8.5232,0.6834,0.0274,5.9919,6.5727,-0.2838,9.51,0.4849
U0392,2008-08-22 00:47:00,2008-08-22,2008-08-18,2008-08,Friday,0,Night (00-08),Pass,0,36,0.1606,High,0.4021,No,0,8.9073,-0.0078,8.6527,0.6834,0.1761,39.4252,5.7366,-0.2838,8.59,0.5697
U0393,2008-08-22 01:04:00,2008-08-22,2008-08-18,2008-08,Friday,1,Night (00-08),Fail,1,28,0.0922,Low,0.3904,No,0,5.0473,-0.0096,9.1855,0.752,,,4.3207,0.4258,6.31,0.758
U0394,2008-08-22 01:26:00,2008-08-22,2008-08-18,2008-08,Friday,1,Night (00-08),Pass,0,20,0.1258,Medium,0.3981,No,0,26.1536,-0.0075,9.2655,0.6469,0.0202,4.3501,7.7496,-0.2838,11.64,0.4735
U0395,2008-08-22 01:27:00,2008-08-22,2008-08-18,2008-08,Friday,1,Night (00-08),Pass,0,28,0.0855,Low,0.3924,No,0,-2.9973,-0.007,8.828,0.7527,,,6.1033,-0.2365,8.7,0.5065
U0396,2008-08-22 01:54:00,2008-08-22,2008-08-18,2008-08,Friday,1,Night (00-08),Pass,0,24,0.0985,Low,0.4049,No,0,-5.6473,-0.0119,8.536,0.6755,0.0455,9.7529,6.4204,0.2365,9.04,0.8525
U0397,2008-08-22 02:01:00,2008-08-22,2008-08-18,2008-08,Friday,2,Night (00-08),Pass,0,20,0.0913,Low,0.4154,No,0,-1.2182,-0.0064,9.9964,0.7527,,,5.243,-0.2365,7.78,0.5006
U0398,2008-08-22 02:25:00,2008-08-22,2008-08-18,2008-08,Friday,2,Night (00-08),Pass,0,48,0.0813,Low,0.3955,No,0,1.2264,-0.0124,9.7324,0.6834,0.0134,2.9043,11.173,-0.2838,16.55,0.5745
U0399,2008-08-22 02:52:00,2008-08-22,2008-08-18,2008-08,Friday,2,Night (00-08),Pass,0,20,0.0975,Low,0.3894,No,0,2.8355,-0.0107,9.4043,0.6469,0.0803,16.9566,3.5958,-0.2838,5.23,0.36
U0400,2008-08-22 03:18:00,2008-08-22,2008-08-18,2008-08,Friday,3,Night (00-08),Pass,0,36,0.0502,Low,0.4227,No,0,5.9073,-0.0047,9.3335,0.6586,0.0242,5.2249,5.5799,-0.0473,8.23,0.8351
U0401,2008-08-22 03:58:00,2008-08-22,2008-08-18,2008-08,Friday,3,Night (00-08),Pass,0,24,0.0889,Low,0.38,No,0,4.5027,-0.0057,8.6013,0.6834,0.0142,3.1091,5.7879,-0.2838,8.35,1.3767
U0402,2008-08-22 04:40:00,2008-08-22,2008-08-18,2008-08,Friday,4,Night (00-08),Pass,0,32,0.0994,Medium,0.3848,No,0,3.2591,-0.012,8.5232,0.6586,0.0149,3.2382,14.1221,-0.0473,20.82,1.5312
U0403,2008-08-22 04:57:00,2008-08-22,2008-08-18,2008-08,Friday,4,Night (00-08),Pass,0,24,0.1241,Medium,0.3875,No,0,4.1509,-0.0044,9.0622,0.6755,,,5.0601,0.2365,7.54,0.9549
U0404,2008-08-22 05:21:00,2008-08-22,2008-08-18,2008-08,Friday,5,Night (00-08),Pass,0,36,0.0695,Low,0.3989,No,0,4.4564,-0.0113,8.5232,0.6586,0.0244,5.3068,11.5187,-0.0473,16.99,1.5763
U0405,2008-08-22 05:31:00,2008-08-22,2008-08-18,2008-08,Friday,5,Night (00-08),Pass,0,28,0.0732,Low,0.4162,No,0,0.4591,-0.0052,8.5177,0.6469,,,4.2411,-0.2838,6.09,0.523
U0406,2008-08-22 05:32:00,2008-08-22,2008-08-18,2008-08,Friday,5,Night (00-08),Pass,0,40,0.0723,Low,0.4068,No,0,-1.0773,-0.0106,9.2328,0.6469,,,4.6703,-0.2838,6.78,0.5104
U0407,2008-08-22 06:00:00,2008-08-22,2008-08-18,2008-08,Friday,6,Night (00-08),Fail,1,36,0.1788,High,0.3891,No,0,10.9955,-0.0077,8.6013,0.6586,0.0334,7.1397,9.4756,-0.0473,13.97,0.7665
U0408,2008-08-22 07:04:00,2008-08-22,2008-08-18,2008-08,Friday,7,Night (00-08),Pass,0,36,0.0315,Low,0.3978,No,0,2.0064,-0.0144,9.396,0.8117,0.0182,3.9715,5.3257,-0.2365,7.82,0.3749
U0409,2008-08-22 07:17:00,2008-08-22,2008-08-18,2008-08,Friday,7,Night (00-08),Pass,0,24,0.1452,Medium,0.3946,No,0,18.4,-0.0101,8.5405,0.6755,0.0271,5.8236,8.9202,0.2365,13.22,0.582
U0410,2008-08-22 07:27:00,2008-08-22,2008-08-18,2008-08,Friday,7,Night (00-08),Pass,0,28,0.0427,Low,0.3856,No,0,0.3036,-0.0136,8.8513,0.6834,,,6.8782,-0.2838,9.79,0.5347
U0411,2008-08-22 09:29:00,2008-08-22,2008-08-18,2008-08,Friday,9,Morning (08-16),Pass,0,28,0.1411,Medium,0.4198,No,0,22.7636,-0.0081,8.7879,0.6469,0.0245,5.3202,5.2072,-0.2838,7.57,0.7317
U0412,2008-08-22 09:29:00,2008-08-22,2008-08-18,2008-08,Friday,9,Morning (08-16),Pass,0,24,0.0616,Low,0.3897,No,0,6.1527,-0.0129,8.6915,0.8117,0.0284,6.1341,2.6252,-0.2365,3.86,0.2281
U0413,2008-08-22 10:01:00,2008-08-22,2008-08-18,2008-08,Friday,10,Morning (08-16),Pass,0,24,0.1555,High,0.3809,No,1,20.2627,-0.0083,8.5405,0.6755,0.0395,8.4958,8.0131,0.2365,12.02,0.487
U0414,2008-08-22 10:18:00,2008-08-22,2008-08-18,2008-08,Friday,10,Morning (08-16),Pass,0,36,0.0687,Low,0.3966,No,0,-3.09,-0.0131,8.536,0.6469,0.0129,2.7931,4.5813,-0.2838,6.64,0.7087
U0415,2008-08-22 10:47:00,2008-08-22,2008-08-18,2008-08,Friday,10,Morning (08-16),Pass,0,28,0.0439,Low,0.4038,No,0,1.9855,-0.0122,8.659,0.8117,0.0237,5.0789,7.0181,-0.2365,10.35,0.3649
U0416,2008-08-22 11:32:00,2008-08-22,2008-08-18,2008-08,Friday,11,Morning (08-16),Pass,0,20,0.0909,Low,0.396,No,0,8.3018,-0.0098,8.6915,0.8117,0.0287,6.1961,5.8283,-0.2365,8.59,0.3783
U0417,2008-08-22 12:13:00,2008-08-22,2008-08-18,2008-08,Friday,12,Morning (08-16),Pass,0,24,0.0633,Low,0.3944,No,0,2.9964,-0.0113,9.2328,0.6586,,,4.3328,-0.0473,6.32,0.426
U0418,2008-08-22 12:37:00,2008-08-22,2008-08-18,2008-08,Friday,12,Morning (08-16),Pass,0,36,0.2134,High,0.3903,No,0,4.5645,-0.0072,8.5232,0.8117,0.053,11.5146,8.1722,-0.2365,12.05,1.4613
U0419,2008-08-22 12:42:00,2008-08-22,2008-08-18,2008-08,Friday,12,Morning (08-16),Pass,0,24,0.0407,Low,0.407,No,1,1.14,-0.0131,8.6439,0.8117,0.0205,4.4458,5.524,-0.2365,8.17,0.3034
U0420,2008-08-22 13:22:00,2008-08-22,2008-08-18,2008-08,Friday,13,Morning (08-16),Pass,0,24,0.0868,Low,0.397,No,0,8.8173,-0.0077,8.7851,0.8387,0.033,7.1789,8.7428,0.7096,12.71,0.8152
U0421,2008-08-22 14:45:00,2008-08-22,2008-08-18,2008-08,Friday,14,Morning (08-16),Pass,0,36,0.0591,Low,0.3917,No,0,2.4345,-0.0127,9.396,0.8117,0.0183,3.9378,4.0485,-0.2365,5.8,0.8846
U0422,2008-08-22 15:25:00,2008-08-22,2008-08-18,2008-08,Friday,15,Morning (08-16),Pass,0,40,0.1313,Medium,0.424,No,4,-28.9882,-0.0049,9.043,0.6586,,,6.0188,-0.0473,8.89,0.7792
U0423,2008-08-22 15:39:00,2008-08-22,2008-08-18,2008-08,Friday,15,Morning (08-16),Pass,0,24,0.0555,Low,0.3967,No,0,6.6,-0.009,8.7851,0.8387,0.0216,4.6859,5.2891,0.7096,7.86,0.8092
U0424,2008-08-22 15:54:00,2008-08-22,2008-08-18,2008-08,Friday,15,Morning (08-16),Pass,0,24,0.1756,High,0.417,No,0,25.2736,-0.011,9.1757,0.8387,0.0655,13.9578,8.1065,0.7096,12.53,0.2843
U0425,2008-08-22 19:14:00,2008-08-22,2008-08-18,2008-08,Friday,19,Evening (16-24),Fail,1,28,0.1,Medium,0.3926,No,0,-5.7182,-0.0135,9.1855,0.8117,,,6.748,-0.2365,9.82,0.4452
U0426,2008-08-22 23:46:00,2008-08-22,2008-08-18,2008-08,Friday,23,Evening (16-24),Pass,0,28,0.0663,Low,0.4058,No,0,-1.4345,-0.0127,8.4421,0.8244,0.0263,5.6326,5.299,-0.9461,7.66,0.636
U0427,2008-08-22 23:47:00,2008-08-22,2008-08-18,2008-08,Friday,23,Evening (16-24),Pass,0,40,0.0642,Low,0.4095,No,0,-0.3327,-0.0126,8.8384,0.8244,0.0302,6.4895,5.0396,-0.9461,7.65,0.9974
U0428,2008-08-22 23:49:00,2008-08-22,2008-08-18,2008-08,Friday,23,Evening (16-24),Pass,0,40,0.1311,Medium,0.404,No,0,0.5682,-0.0122,8.7994,0.8244,0.0359,7.7636,7.684,-0.9461,11.19,0.9635
U0429,2008-08-22 23:56:00,2008-08-22,2008-08-18,2008-08,Friday,23,Evening (16-24),Pass,0,32,0.0634,Low,0.387,No,0,2.9518,-0.0118,8.7994,0.8244,0.0176,3.7925,4.8857,-0.9461,7.15,0.8914
U0430,2008-08-23 02:04:00,2008-08-23,2008-08-18,2008-08,Saturday,2,Night (00-08),Pass,0,24,0.087,Low,0.4265,No,0,7.7727,-0.0099,8.7851,0.8258,0.0177,3.8355,9.7235,-0.8042,14.28,0.4317
U0431,2008-08-23 03:26:00,2008-08-23,2008-08-18,2008-08,Saturday,3,Night (00-08),Pass,0,32,0.0768,Low,0.3665,No,0,2.75,-0.0088,8.6439,0.8244,0.0172,3.7442,3.8384,-0.9461,5.72,0.3316
U0432,2008-08-23 04:50:00,2008-08-23,2008-08-18,2008-08,Saturday,4,Night (00-08),Pass,0,32,0.1715,High,0.3924,No,0,15.81,-0.0102,8.6527,0.8244,0.0189,4.0554,5.8984,-0.9461,8.93,0.7014
U0433,2008-08-23 04:52:00,2008-08-23,2008-08-18,2008-08,Saturday,4,Night (00-08),Pass,0,44,0.1003,Medium,0.4209,No,0,3.4882,-0.0144,8.7897,0.8258,0.0223,4.8413,4.7036,-0.8042,7.07,1.0495
U0434,2008-08-23 05:57:00,2008-08-23,2008-08-18,2008-08,Saturday,5,Night (00-08),Pass,0,32,0.1251,Medium,0.4089,No,0,1.2673,-0.0062,9.3335,0.8258,0.0282,6.036,2.5672,-0.8042,3.72,0.9454
U0435,2008-08-23 05:57:00,2008-08-23,2008-08-18,2008-08,Saturday,5,Night (00-08),Pass,0,24,0.1417,Medium,0.3791,No,0,4.7864,-0.0078,9.043,0.8258,,,3.9746,-0.8042,5.74,1.0628
U0436,2008-08-23 05:58:00,2008-08-23,2008-08-18,2008-08,Saturday,5,Night (00-08),Pass,0,36,0.1661,High,0.3795,No,0,14.7345,-0.009,9.4043,0.8258,0.0162,3.4814,5.0284,-0.8042,7.35,1.0358
U0437,2008-08-23 05:58:00,2008-08-23,2008-08-18,2008-08,Saturday,5,Night (00-08),Pass,0,24,0.1714,High,0.4122,No,0,-8.3955,-0.0069,9.2328,0.8258,,,6.2134,-0.8042,9.13,0.5489
U0438,2008-08-23 09:24:00,2008-08-23,2008-08-18,2008-08,Saturday,9,Morning (08-16),Pass,0,28,0.1236,Medium,0.4068,No,0,1.2209,-0.011,8.7219,0.8361,0.0166,3.6041,9.3285,1.088,13.88,0.904
U0439,2008-08-23 12:58:00,2008-08-23,2008-08-18,2008-08,Saturday,12,Morning (08-16),Pass,0,32,0.0694,Low,0.4005,No,0,1.0345,-0.0123,8.6439,0.8361,0.019,4.0245,4.9982,1.088,7.5,0.7642
U0440,2008-08-23 13:02:00,2008-08-23,2008-08-18,2008-08,Saturday,13,Morning (08-16),Pass,0,24,0.0715,Low,0.4183,No,0,1.0636,-0.0109,8.5987,0.8361,0.0208,4.4181,7.3977,1.088,11.17,0.3943
U0441,2008-08-23 15:10:00,2008-08-23,2008-08-18,2008-08,Saturday,15,Morning (08-16),Pass,0,24,0.0573,Low,0.4231,No,0,1.6173,-0.013,8.4421,0.8361,0.0269,5.7469,4.0842,1.088,6.11,0.4114
U0442,2008-08-23 15:29:00,2008-08-23,2008-08-18,2008-08,Saturday,15,Morning (08-16),Fail,1,44,0.0544,Low,0.3946,No,0,2.4173,-0.0111,8.5987,0.8361,0.0225,4.8934,7.1468,1.088,10.59,0.9093
U0443,2008-08-24 02:32:00,2008-08-24,2008-08-18,2008-08,Sunday,2,Night (00-08),Pass,0,32,0.0548,Low,0.3829,No,0,-7.1564,-0.0089,8.8505,0.8217,0.0158,3.4174,7.9407,0.0,12.11,0.5666
U0444,2008-08-24 04:00:00,2008-08-24,2008-08-18,2008-08,Sunday,4,Night (00-08),Pass,0,32,0.0836,Low,0.4092,No,0,0.6991,-0.0095,8.6915,0.8203,0.0152,3.2924,6.0266,0.0,9.22,0.2848
U0445,2008-08-24 07:12:00,2008-08-24,2008-08-18,2008-08,Sunday,7,Night (00-08),Pass,0,32,0.1035,Medium,0.4156,No,0,2.5964,-0.0076,8.659,0.8217,0.0141,3.0271,6.0507,0.0,9.01,0.3958
U0446,2008-08-24 07:14:00,2008-08-24,2008-08-18,2008-08,Sunday,7,Night (00-08),Pass,0,20,0.0726,Low,0.4116,No,0,-0.4091,-0.0075,8.4421,0.8217,0.0212,4.5664,7.7667,0.0,11.41,0.9616
U0447,2008-08-24 10:09:00,2008-08-24,2008-08-18,2008-08,Sunday,10,Morning (08-16),Pass,0,20,0.1133,Medium,0.3919,No,0,-5.0245,-0.003,9.5689,0.8361,,,8.7115,1.088,12.48,0.4063
U0448,2008-08-24 10:14:00,2008-08-24,2008-08-18,2008-08,Sunday,10,Morning (08-16),Pass,0,20,0.1435,Medium,0.4005,No,0,-0.7236,-0.0074,8.7897,0.8203,0.1541,33.599,7.7214,0.0,11.17,0.5129
U0449,2008-08-24 13:03:00,2008-08-24,2008-08-18,2008-08,Sunday,13,Morning (08-16),Fail,1,28,0.156,High,0.3888,No,1,1.9482,-0.0072,8.5687,0.8217,0.0167,3.6093,9.1675,0.0,13.53,0.8118
U0450,2008-08-25 09:29:00,2008-08-25,2008-08-25,2008-08,Monday,9,Morning (08-16),Pass,0,36,0.0963,Low,0.399,No,0,1.3255,-0.0092,8.6915,0.8217,0.0427,9.1547,6.4405,0.0,9.47,0.7159
U0451,2008-08-27 00:46:00,2008-08-27,2008-08-25,2008-08,Wednesday,0,Night (00-08),Pass,0,40,0.0881,Low,0.4178,No,0,-6.8627,-0.0121,9.3335,0.8244,0.034,7.2732,7.2038,-0.9461,10.42,0.3381
U0452,2008-08-27 11:38:00,2008-08-27,2008-08-25,2008-08,Wednesday,11,Morning (08-16),Pass,0,24,0.0929,Low,0.3851,No,0,7.0591,-0.0121,8.5251,0.7884,0.0291,6.3298,5.8522,-0.5204,8.36,0.4551
U0453,2008-08-27 12:22:00,2008-08-27,2008-08-25,2008-08,Wednesday,12,Morning (08-16),Pass,0,24,0.0437,Low,0.3832,No,0,2.2118,-0.0116,8.5251,0.7884,0.0446,9.6013,3.3887,-0.5204,4.94,0.2435
U0454,2008-08-27 13:35:00,2008-08-27,2008-08-25,2008-08,Wednesday,13,Morning (08-16),Pass,0,24,0.085,Low,0.385,No,0,7.9373,-0.0103,8.5251,0.7884,0.0263,5.6533,3.0303,-0.5204,4.32,0.3706
U0455,2008-08-27 14:18:00,2008-08-27,2008-08-25,2008-08,Wednesday,14,Morning (08-16),Pass,0,44,0.0378,Low,0.3869,No,0,0.8745,-0.012,8.5251,0.7884,0.0264,5.7412,5.0466,-0.5204,7.21,1.1587
U0456,2008-08-27 17:14:00,2008-08-27,2008-08-25,2008-08,Wednesday,17,Evening (16-24),Pass,0,20,0.0651,Low,0.3986,No,0,3.99,-0.0106,8.5251,0.789,0.0204,4.4626,4.0074,0.8042,5.68,0.4688
U0457,2008-08-27 22:48:00,2008-08-27,2008-08-25,2008-08,Wednesday,22,Evening (16-24),Pass,0,32,0.0669,Low,0.3935,No,0,4.4455,-0.0096,8.6005,0.6852,0.0383,8.5471,5.1071,-0.6623,7.27,0.4447
U0458,2008-08-27 22:58:00,2008-08-27,2008-08-25,2008-08,Wednesday,22,Evening (16-24),Pass,0,36,0.1457,Medium,0.4963,Yes,4,168.1455,-0.0096,8.7994,0.6852,0.0203,4.4213,289.8264,-0.6623,320.05,0.3003
U0459,2008-08-28 03:03:00,2008-08-28,2008-08-25,2008-08,Thursday,3,Night (00-08),Pass,0,36,0.1238,Medium,0.3918,No,0,-0.2845,-0.0079,9.2047,0.6556,0.0676,14.627,6.1134,-0.1419,9.42,0.6134
U0460,2008-08-28 03:04:00,2008-08-28,2008-08-25,2008-08,Thursday,3,Night (00-08),Pass,0,56,0.075,Low,0.3851,No,0,2.0609,-0.0078,,0.6556,0.02,4.3383,3.9852,-0.1419,5.79,0.9152
U0461,2008-08-28 03:29:00,2008-08-28,2008-08-25,2008-08,Thursday,3,Night (00-08),Pass,0,36,0.082,Low,0.4036,No,0,1.7373,-0.0082,9.7324,0.6556,0.1247,26.7415,4.3682,-0.1419,6.4,0.8448
U0462,2008-08-28 03:38:00,2008-08-28,2008-08-25,2008-08,Thursday,3,Night (00-08),Pass,0,28,0.0641,Low,0.4065,No,0,3.1191,-0.0122,9.6938,0.6556,0.0229,4.8587,4.7727,-0.1419,6.88,0.3521
U0463,2008-08-28 03:45:00,2008-08-28,2008-08-25,2008-08,Thursday,3,Night (00-08),Pass,0,24,0.0627,Low,0.3921,No,0,0.2818,-0.01,9.0776,0.6556,0.0215,4.7368,4.4168,-0.1419,6.29,0.7764
U0464,2008-08-28 04:10:00,2008-08-28,2008-08-25,2008-08,Thursday,4,Night (00-08),Pass,0,40,0.0657,Low,0.3871,No,0,4.06,-0.0097,8.9546,0.6887,0.0253,5.4279,6.563,-0.0473,9.78,0.6129
U0465,2008-08-28 04:20:00,2008-08-28,2008-08-25,2008-08,Thursday,4,Night (00-08),Pass,0,36,0.079,Low,0.4002,No,0,-0.3182,-0.0031,8.6005,0.6852,0.0539,11.6162,5.8228,-0.6623,8.61,0.313
U0466,2008-08-28 04:54:00,2008-08-28,2008-08-25,2008-08,Thursday,4,Night (00-08),Pass,0,44,0.0984,Low,0.3916,No,0,-0.0636,-0.0132,8.3324,0.6887,0.0231,4.9285,6.5193,-0.0473,9.59,0.8348
U0467,2008-08-28 05:00:00,2008-08-28,2008-08-25,2008-08,Thursday,5,Night (00-08),Pass,0,36,0.1171,Medium,0.4564,Yes,4,36.3682,-0.0098,8.8505,0.6852,0.0783,16.5438,122.4063,-0.6623,130.78,1.1107
U0468,2008-08-28 06:15:00,2008-08-28,2008-08-25,2008-08,Thursday,6,Night (00-08),Pass,0,24,0.0907,Low,0.3929,No,0,1.0291,-0.0134,8.7867,0.6887,0.0099,2.1441,6.679,-0.0473,9.6,0.6743
U0469,2008-08-28 06:39:00,2008-08-28,2008-08-25,2008-08,Thursday,6,Night (00-08),Pass,0,44,0.018,Low,0.3833,No,0,1.9591,-0.0141,8.5251,0.7025,0.0074,1.605,6.5078,0.7569,9.44,0.3432
U0470,2008-08-28 06:56:00,2008-08-28,2008-08-25,2008-08,Thursday,6,Night (00-08),Pass,0,36,0.0386,Low,0.3937,No,0,1.6373,-0.013,8.5987,0.6887,0.0154,3.3605,6.026,-0.0473,8.83,0.7914
U0471,2008-08-28 07:40:00,2008-08-28,2008-08-25,2008-08,Thursday,7,Night (00-08),Pass,0,32,0.1137,Medium,0.4076,No,0,-1.2209,-0.0126,8.7897,0.6887,0.0217,4.6745,5.873,-0.0473,8.8,0.695
U0472,2008-08-28 07:51:00,2008-08-28,2008-08-25,2008-08,Thursday,7,Night (00-08),Pass,0,32,0.0904,Low,0.3964,No,0,8.8445,-0.0142,8.3324,0.6556,0.0424,9.1217,3.7753,-0.1419,5.53,0.4084
U0473,2008-08-28 08:41:00,2008-08-28,2008-08-25,2008-08,Thursday,8,Morning (08-16),Pass,0,32,0.0574,Low,0.396,No,0,-1.1255,-0.0092,8.7418,0.5438,0.0194,4.1266,6.3446,-0.2838,9.15,1.0999
U0474,2008-08-28 09:46:00,2008-08-28,2008-08-25,2008-08,Thursday,9,Morning (08-16),Pass,0,28,0.0657,Low,0.407,No,0,2.9409,-0.0123,9.7836,0.6556,0.0212,4.6078,3.9316,-0.1419,5.78,0.4311
U0475,2008-08-28 09:49:00,2008-08-28,2008-08-25,2008-08,Thursday,9,Morning (08-16),Pass,0,32,0.0833,Low,0.3863,No,0,-4.4845,-0.0095,9.0776,0.6645,0.0227,4.9312,5.8699,-0.4731,8.32,0.8817
U0476,2008-08-28 10:15:00,2008-08-28,2008-08-25,2008-08,Thursday,10,Morning (08-16),Pass,0,32,0.1189,Medium,0.3978,No,0,8.1418,-0.0101,8.6427,0.6887,0.025,5.3561,5.282,-0.0473,7.49,0.3669
U0477,2008-08-28 10:28:00,2008-08-28,2008-08-25,2008-08,Thursday,10,Morning (08-16),Pass,0,39,0.0908,Low,0.3976,No,0,9.4864,-0.013,8.5687,0.6556,0.0244,5.1822,4.1354,-0.1419,6.33,0.4669
U0478,2008-08-28 10:32:00,2008-08-28,2008-08-25,2008-08,Thursday,10,Morning (08-16),Pass,0,36,0.0571,Low,0.401,No,0,-7.5073,-0.0112,8.9635,0.6556,0.0215,4.6151,6.2009,-0.1419,9.04,0.439
U0479,2008-08-28 11:19:00,2008-08-28,2008-08-25,2008-08,Thursday,11,Morning (08-16),Pass,0,39,0.0983,Low,0.4141,No,0,3.8264,-0.0115,8.5891,0.6645,0.1702,36.5618,7.1455,-0.4731,10.55,0.6715
U0480,2008-08-28 12:44:00,2008-08-28,2008-08-25,2008-08,Thursday,12,Morning (08-16),Pass,0,24,0.0838,Low,0.4107,No,0,10.2355,-0.0108,8.7418,0.5438,0.0345,7.4392,6.1589,-0.2838,8.8,0.2132
U0481,2008-08-28 14:48:00,2008-08-28,2008-08-25,2008-08,Thursday,14,Morning (08-16),Pass,0,24,0.0497,Low,0.408,No,0,1.0218,-0.0121,8.5987,0.6802,0.0452,9.7985,3.4914,-0.7096,5.06,0.7334
U0482,2008-08-28 15:19:00,2008-08-28,2008-08-25,2008-08,Thursday,15,Morning (08-16),Pass,0,28,0.0844,Low,0.4097,No,0,3.8664,-0.0105,8.6829,0.7025,0.0251,5.3916,10.3185,0.7569,15.06,0.5877
U0483,2008-08-28 16:01:00,2008-08-28,2008-08-25,2008-08,Thursday,16,Evening (16-24),Pass,0,32,0.0786,Low,0.3968,No,0,-6.0545,-0.0107,8.7219,0.5438,0.0185,3.9853,6.0601,-0.2838,9.16,1.1505
U0484,2008-08-28 16:43:00,2008-08-28,2008-08-25,2008-08,Thursday,16,Evening (16-24),Pass,0,48,0.0857,Low,0.397,No,0,2.8745,-0.0113,9.7324,0.7025,0.0188,4.0675,9.7565,0.7569,14.43,0.9731
U0485,2008-08-28 16:52:00,2008-08-28,2008-08-25,2008-08,Thursday,16,Evening (16-24),Pass,0,32,0.1239,Medium,0.3982,No,2,-0.81,0.0018,8.6439,0.6852,0.0138,2.9891,12.6446,-0.6623,18.53,0.6595
U0486,2008-08-28 17:21:00,2008-08-28,2008-08-25,2008-08,Thursday,17,Evening (16-24),Pass,0,32,0.0804,Low,0.3809,No,0,8.1445,-0.0109,8.6439,0.6645,0.148,33.0788,8.3032,-0.4731,12.0,0.3596
U0487,2008-08-28 17:27:00,2008-08-28,2008-08-25,2008-08,Thursday,17,Evening (16-24),Pass,0,44,0.1123,Medium,0.3855,No,0,11.4855,-0.011,8.8043,0.6802,0.0254,5.5123,5.4073,-0.7096,7.54,0.4304
U0488,2008-08-28 17:32:00,2008-08-28,2008-08-25,2008-08,Thursday,17,Evening (16-24),Pass,0,36,0.0752,Low,0.4049,No,0,1.4745,-0.0144,8.5288,0.7025,0.0202,4.4028,5.6832,0.7569,8.04,1.769
U0489,2008-08-28 18:05:00,2008-08-28,2008-08-25,2008-08,Thursday,18,Evening (16-24),Pass,0,24,0.0537,Low,0.3903,No,0,2.0127,-0.0122,8.7994,0.6556,0.0182,3.9374,4.571,-0.1419,6.68,0.3914
U0490,2008-08-28 18:10:00,2008-08-28,2008-08-25,2008-08,Thursday,18,Evening (16-24),Pass,0,20,0.0417,Low,0.409,No,0,0.91,-0.0133,8.5987,0.6802,0.0216,4.5988,4.5649,-0.7096,6.58,0.3922
U0491,2008-08-28 18:15:00,2008-08-28,2008-08-25,2008-08,Thursday,18,Evening (16-24),Pass,0,32,0.057,Low,0.4109,No,0,-1.5118,-0.0068,8.6439,0.6802,0.0195,4.2085,6.4179,-0.7096,9.34,0.4805
U0492,2008-08-28 18:25:00,2008-08-28,2008-08-25,2008-08,Thursday,18,Evening (16-24),Pass,0,40,0.0314,Low,0.3967,No,0,0.9091,-0.0073,8.4092,0.5438,,,3.4436,-0.2838,5.21,0.5905
U0493,2008-08-28 18:47:00,2008-08-28,2008-08-25,2008-08,Thursday,18,Evening (16-24),Pass,0,36,0.0712,Low,0.4203,No,0,0.6191,-0.008,8.7867,0.6893,0.0444,9.4653,7.5571,-0.9461,11.18,0.8679
U0494,2008-08-28 18:57:00,2008-08-28,2008-08-25,2008-08,Thursday,18,Evening (16-24),Pass,0,40,0.0951,Low,0.3921,No,0,3.3655,-0.0105,8.8043,0.6802,0.032,6.8928,3.9414,-0.7096,5.73,0.5002
U0495,2008-08-28 20:20:00,2008-08-28,2008-08-25,2008-08,Thursday,20,Evening (16-24),Pass,0,44,0.0785,Low,0.3962,No,0,-2.63,-0.0093,8.7897,0.6802,0.0214,4.6177,4.9807,-0.7096,7.3,0.592
U0496,2008-08-28 20:39:00,2008-08-28,2008-08-25,2008-08,Thursday,20,Evening (16-24),Fail,1,24,0.0866,Low,0.3848,No,0,1.0045,-0.0111,8.9546,0.7025,0.0221,4.7713,6.8317,0.7569,9.99,0.7404
U0497,2008-08-28 21:03:00,2008-08-28,2008-08-25,2008-08,Thursday,21,Evening (16-24),Pass,0,24,0.0609,Low,0.3807,No,0,1.1527,-0.0118,8.6005,0.6802,0.0241,5.1629,5.4141,-0.7096,7.91,0.4689
U0498,2008-08-28 21:52:00,2008-08-28,2008-08-25,2008-08,Thursday,21,Evening (16-24),Pass,0,44,0.09,Low,0.4449,Yes,0,0.2055,-0.0092,8.8043,0.6887,0.0212,4.637,4.049,-0.0473,5.72,0.8672
U0499,2008-08-28 22:57:00,2008-08-28,2008-08-25,2008-08,Thursday,22,Evening (16-24),Pass,0,28,0.1056,Medium,0.3972,No,0,-3.8982,-0.0111,9.0776,0.7025,0.034,7.4716,3.6575,0.7569,5.58,0.935
U0500,2008-08-28 23:40:00,2008-08-28,2008-08-25,2008-08,Thursday,23,Evening (16-24),Pass,0,36,0.1115,Medium,0.3985,No,0,3.2764,-0.0075,9.2047,0.7101,0.0125,2.7053,6.1719,-0.6623,9.11,0.5252
U0501,2008-08-28 23:42:00,2008-08-28,2008-08-25,2008-08,Thursday,23,Evening (16-24),Pass,0,48,0.1151,Medium,0.3893,No,0,-4.0373,-0.011,9.0776,0.7101,0.0555,11.946,6.2882,-0.6623,9.52,0.4729
U0502,2008-08-29 00:49:00,2008-08-29,2008-08-25,2008-08,Friday,0,Night (00-08),Pass,0,28,0.1066,Medium,0.4073,No,0,0.1618,-0.0116,8.5459,0.6645,0.0221,4.7875,9.6091,-0.4731,14.01,1.1073
U0503,2008-08-29 01:06:00,2008-08-29,2008-08-25,2008-08,Friday,1,Night (00-08),Pass,0,32,0.1421,Medium,0.4001,No,0,-3.9436,-0.0109,8.7897,0.7101,0.0372,7.8354,6.9,-0.6623,9.95,0.3293
U0504,2008-08-29 02:38:00,2008-08-29,2008-08-25,2008-08,Friday,2,Night (00-08),Pass,0,32,0.0373,Low,0.397,No,0,-1.2518,-0.0091,8.6005,0.6786,0.0189,4.0742,5.3111,-0.5677,7.68,0.4761
U0505,2008-08-29 02:39:00,2008-08-29,2008-08-25,2008-08,Friday,2,Night (00-08),Pass,0,24,0.0805,Low,0.4144,No,0,1.3664,-0.0101,8.659,0.7101,0.0217,4.7312,6.4272,-0.6623,9.39,0.924
U0506,2008-08-29 03:27:00,2008-08-29,2008-08-25,2008-08,Friday,3,Night (00-08),Pass,0,48,0.0672,Low,0.3981,No,0,5.65,-0.0111,8.5135,0.7025,0.0522,11.2256,9.0309,0.7569,13.68,0.8078
U0507,2008-08-29 03:33:00,2008-08-29,2008-08-25,2008-08,Friday,3,Night (00-08),Pass,0,32,0.225,High,0.4002,No,0,7.8264,-0.0057,8.6527,0.7101,0.0523,11.2063,10.4973,-0.6623,15.57,0.5996
U0508,2008-08-29 03:46:00,2008-08-29,2008-08-25,2008-08,Friday,3,Night (00-08),Pass,0,28,0.0892,Low,0.3807,No,0,-1.1927,-0.0121,8.5459,0.7101,0.0199,4.3689,4.5513,-0.6623,6.61,0.4909
U0509,2008-08-29 04:55:00,2008-08-29,2008-08-25,2008-08,Friday,4,Night (00-08),Fail,1,24,0.0935,Low,0.403,No,0,5.4991,-0.0105,8.5288,0.6786,0.0217,4.7135,5.2686,-0.5677,7.32,0.4309
U0510,2008-08-29 04:56:00,2008-08-29,2008-08-25,2008-08,Friday,4,Night (00-08),Pass,0,24,0.0649,Low,0.4253,No,0,-0.0309,-0.0137,8.659,0.6786,0.0105,2.265,7.7416,-0.5677,11.48,0.9315
U0511,2008-08-29 05:16:00,2008-08-29,2008-08-25,2008-08,Friday,5,Night (00-08),Pass,0,28,0.0662,Low,0.4288,No,0,0.5091,-0.01,9.7324,0.6887,0.0216,4.6805,9.1825,-0.0473,13.75,0.3587
U0512,2008-08-29 05:54:00,2008-08-29,2008-08-25,2008-08,Friday,5,Night (00-08),Pass,0,100,0.0761,Low,0.3881,No,0,,-0.0094,8.5788,0.6764,0.044,9.4887,6.8964,-0.1419,10.26,0.6332
U0513,2008-08-29 05:54:00,2008-08-29,2008-08-25,2008-08,Friday,5,Night (00-08),Pass,0,84,0.044,Low,0.3872,No,0,,-0.0115,8.7199,0.7101,0.0154,3.3404,,-0.6623,,0.872
U0514,2008-08-29 05:57:00,2008-08-29,2008-08-25,2008-08,Friday,5,Night (00-08),Pass,0,36,0.0477,Low,0.4031,No,0,0.5755,-0.0126,9.7836,0.6764,0.0195,4.2207,8.1897,-0.1419,12.12,0.3288
U0515,2008-08-29 05:57:00,2008-08-29,2008-08-25,2008-08,Friday,5,Night (00-08),Pass,0,24,0.0692,Low,0.4,No,0,0.2573,-0.0095,8.659,0.6786,0.0138,2.9619,8.6821,-0.5677,12.55,0.6363
U0516,2008-08-29 06:35:00,2008-08-29,2008-08-25,2008-08,Friday,6,Night (00-08),Pass,0,44,0.1407,Medium,0.3937,No,0,9.2827,-0.0081,8.7994,0.6786,0.0253,5.6136,4.1834,-0.5677,5.92,0.8914
U0517,2008-08-29 06:37:00,2008-08-29,2008-08-25,2008-08,Friday,6,Night (00-08),Pass,0,24,0.0586,Low,0.3854,No,0,-1.0482,-0.013,9.7836,0.7717,0.0251,5.3926,7.0399,0.0,10.37,0.5164
U0518,2008-08-29 06:40:00,2008-08-29,2008-08-25,2008-08,Friday,6,Night (00-08),Pass,0,20,0.0966,Low,0.3808,No,0,5.6309,-0.0097,8.5288,0.6764,0.0184,4.026,5.0146,-0.1419,7.06,0.4243
U0519,2008-08-29 06:45:00,2008-08-29,2008-08-25,2008-08,Friday,6,Night (00-08),Fail,1,32,0.16,High,0.4135,No,0,13.3709,-0.0114,8.8043,0.6786,0.0234,5.1758,11.778,-0.5677,17.62,0.3947
U0520,2008-08-29 06:54:00,2008-08-29,2008-08-25,2008-08,Friday,6,Night (00-08),Pass,0,28,0.0722,Low,0.3992,No,0,5.1736,-0.0103,8.5334,0.7717,0.0114,2.4597,5.5412,0.0,8.02,0.7497
U0521,2008-08-29 07:18:00,2008-08-29,2008-08-25,2008-08,Friday,7,Night (00-08),Pass,0,28,0.0714,Low,0.4012,No,0,4.8373,-0.0085,8.3324,0.7717,0.0206,4.4833,3.1119,0.0,4.55,0.4724
U0522,2008-08-29 07:22:00,2008-08-29,2008-08-25,2008-08,Friday,7,Night (00-08),Pass,0,36,0.1161,Medium,0.399,No,0,6.3691,-0.0097,8.7897,0.6786,0.0342,7.4184,3.5094,-0.5677,5.02,1.1824
U0523,2008-08-29 07:24:00,2008-08-29,2008-08-25,2008-08,Friday,7,Night (00-08),Pass,0,44,0.0704,Low,0.3928,No,0,0.2818,-0.0129,8.6427,0.7101,0.025,5.4249,7.9807,-0.6623,11.5,1.0522
U0524,2008-08-29 07:33:00,2008-08-29,2008-08-25,2008-08,Friday,7,Night (00-08),Pass,0,36,0.0759,Low,0.436,Yes,0,-0.8964,-0.0099,8.7283,0.7717,0.016,3.4934,4.4311,0.0,6.67,0.3921
U0525,2008-08-29 07:33:00,2008-08-29,2008-08-25,2008-08,Friday,7,Night (00-08),Pass,0,20,0.0722,Low,0.4035,No,0,-0.1745,-0.0095,8.8043,0.6764,0.0258,5.561,5.68,-0.1419,8.19,0.5017
U0526,2008-08-29 08:10:00,2008-08-29,2008-08-25,2008-08,Friday,8,Morning (08-16),Pass,0,20,0.0889,Low,0.3982,No,0,7.0709,-0.0118,8.7851,0.6786,0.0515,11.113,5.7825,-0.5677,8.37,0.8834
U0527,2008-08-29 08:20:00,2008-08-29,2008-08-25,2008-08,Friday,8,Morning (08-16),Pass,0,44,0.0879,Low,0.4315,No,0,0.4545,-0.0064,8.8132,0.7717,0.0184,4.0028,6.2397,0.0,8.95,0.4277
U0528,2008-08-29 08:41:00,2008-08-29,2008-08-25,2008-08,Friday,8,Morning (08-16),Pass,0,24,0.0708,Low,0.4176,No,0,2.2518,-0.0111,8.5855,0.6764,0.0396,8.479,4.0085,-0.1419,6.0,0.7819
U0529,2008-08-29 08:45:00,2008-08-29,2008-08-25,2008-08,Friday,8,Morning (08-16),Pass,0,48,0.0825,Low,0.4387,Yes,1,0.9991,-0.0083,23.1583,0.7717,0.1087,24.1978,4.7485,0.0,7.17,0.2998
U0530,2008-08-29 12:21:00,2008-08-29,2008-08-25,2008-08,Friday,12,Morning (08-16),Pass,0,28,0.0922,Low,0.406,No,0,2.3691,-0.0112,8.5891,0.6764,0.0277,5.9618,17.9641,-0.1419,26.83,0.3991
U0531,2008-08-29 12:22:00,2008-08-29,2008-08-25,2008-08,Friday,12,Morning (08-16),Pass,0,36,0.0668,Low,0.3986,No,0,3.43,-0.011,9.3335,0.7101,0.0202,4.3915,4.3367,-0.6623,6.38,0.2741
U0532,2008-08-29 12:37:00,2008-08-29,2008-08-25,2008-08,Friday,12,Morning (08-16),Pass,0,32,0.0913,Low,0.3978,No,0,2.3755,-0.0147,9.7836,0.6764,0.0225,4.913,5.5946,-0.1419,8.34,0.2823
U0533,2008-08-29 13:04:00,2008-08-29,2008-08-25,2008-08,Friday,13,Morning (08-16),Pass,0,36,0.0822,Low,0.3848,No,0,1.1682,-0.0118,8.5135,0.6764,0.0162,3.5104,4.7835,-0.1419,7.04,0.8803
U0534,2008-08-29 13:14:00,2008-08-29,2008-08-25,2008-08,Friday,13,Morning (08-16),Pass,0,48,0.0699,Low,0.4037,No,0,0.1691,-0.0112,9.2047,0.7586,0.0192,4.187,18.7344,-0.5204,27.18,0.3276
U0535,2008-08-29 13:27:00,2008-08-29,2008-08-25,2008-08,Friday,13,Morning (08-16),Pass,0,48,0.1518,High,0.3802,No,0,2.6491,-0.011,8.9546,0.7717,0.0468,9.9614,9.8527,0.0,14.54,0.8477
U0536,2008-08-29 13:49:00,2008-08-29,2008-08-25,2008-08,Friday,13,Morning (08-16),Pass,0,24,0.1057,Medium,0.3787,No,0,3.1382,-0.0114,8.5788,0.7586,0.0148,3.2071,9.1637,-0.5204,13.57,0.3778
U0537,2008-08-29 14:11:00,2008-08-29,2008-08-25,2008-08,Friday,14,Morning (08-16),Pass,0,28,0.0477,Low,0.4103,No,0,4.4364,-0.0105,8.5135,0.7101,0.0138,2.9921,7.3247,-0.6623,11.07,0.4636
U0538,2008-08-29 14:18:00,2008-08-29,2008-08-25,2008-08,Friday,14,Morning (08-16),Pass,0,36,0.0711,Low,0.4239,No,0,2.1045,-0.0123,9.6938,0.7586,0.0533,11.5032,10.5022,-0.5204,15.4,0.3905
U0539,2008-08-29 14:30:00,2008-08-29,2008-08-25,2008-08,Friday,14,Morning (08-16),Pass,0,40,0.1315,Medium,0.4247,No,0,3.9818,-0.0095,9.2047,0.7888,0.0134,2.859,11.3416,0.0473,16.31,0.4535
U0540,2008-08-29 15:01:00,2008-08-29,2008-08-25,2008-08,Friday,15,Morning (08-16),Pass,0,36,0.0722,Low,0.43,No,1,2.8182,-0.0098,8.5297,0.7717,0.0482,10.241,6.4263,0.0,9.35,924.378
U0541,2008-08-29 15:43:00,2008-08-29,2008-08-25,2008-08,Friday,15,Morning (08-16),Pass,0,44,0.0855,Low,0.3966,No,0,-0.1209,-0.0076,8.5987,0.6764,0.127,30.9612,10.4836,-0.1419,15.53,0.275
U0542,2008-08-29 16:26:00,2008-08-29,2008-08-25,2008-08,Friday,16,Evening (16-24),Pass,0,44,0.1163,Medium,0.3976,No,0,1.1782,-0.0068,8.7418,0.6764,0.024,5.2755,6.4326,-0.1419,9.79,0.6597
U0543,2008-08-29 20:21:00,2008-08-29,2008-08-25,2008-08,Friday,20,Evening (16-24),Pass,0,44,0.1418,Medium,0.3954,No,0,0.1664,-0.0117,9.2047,0.7586,0.0148,3.1987,8.6404,-0.5204,12.37,0.312
U0544,2008-08-29 20:49:00,2008-08-29,2008-08-25,2008-08,Friday,20,Evening (16-24),Pass,0,24,0.0909,Low,0.4234,No,0,4.92,-0.0111,9.7324,0.7717,0.0272,5.9227,7.7601,0.0,11.57,0.4943
U0545,2008-08-29 21:25:00,2008-08-29,2008-08-25,2008-08,Friday,21,Evening (16-24),Pass,0,32,0.0944,Low,0.413,No,0,-1.3227,-0.0073,8.5232,0.7591,0.0406,8.6999,11.7319,-1.655,17.68,0.4896
U0546,2008-08-29 21:46:00,2008-08-29,2008-08-25,2008-08,Friday,21,Evening (16-24),Pass,0,40,0.0684,Low,0.4139,No,0,-0.7845,-0.0114,8.5135,0.7436,0.0498,10.7068,7.7185,-0.0946,11.73,0.807
U0547,2008-08-29 21:54:00,2008-08-29,2008-08-25,2008-08,Friday,21,Evening (16-24),Pass,0,24,0.1244,Medium,0.3881,No,0,0.2655,-0.0137,8.5615,0.7591,0.0464,9.9757,14.1605,-1.655,21.09,0.4706
U0548,2008-08-29 22:11:00,2008-08-29,2008-08-25,2008-08,Friday,22,Evening (16-24),Pass,0,28,0.0773,Low,0.3909,No,0,-3.6855,-0.0111,8.5855,0.7436,0.0225,4.8777,5.7486,-0.0946,8.41,0.9159
U0549,2008-08-29 22:45:00,2008-08-29,2008-08-25,2008-08,Friday,22,Evening (16-24),Pass,0,24,0.0608,Low,0.4205,No,0,-1.7609,-0.0089,8.7283,0.7436,0.0151,3.2969,11.0497,-0.0946,16.1,0.4541
U0550,2008-08-29 22:49:00,2008-08-29,2008-08-25,2008-08,Friday,22,Evening (16-24),Pass,0,40,0.0747,Low,0.3748,No,0,2.9691,-0.0089,9.754,0.7436,0.0203,4.4362,3.4708,-0.0946,5.07,0.2972
U0551,2008-08-29 22:56:00,2008-08-29,2008-08-25,2008-08,Friday,22,Evening (16-24),Pass,0,24,0.0857,Low,0.4162,No,0,-1.7982,-0.0174,8.9546,0.7717,0.0484,10.6014,4.835,0.0,7.05,0.3872
U0552,2008-08-30 00:01:00,2008-08-30,2008-08-25,2008-08,Saturday,0,Night (00-08),Pass,0,36,0.0443,Low,0.3898,No,0,-0.3736,-0.0107,8.9635,0.7591,0.0147,3.2042,5.7983,-1.655,8.67,0.4508
U0553,2008-08-30 00:05:00,2008-08-30,2008-08-25,2008-08,Saturday,0,Night (00-08),Pass,0,40,0.0666,Low,0.3987,No,0,4.9073,-0.0072,8.5334,0.7436,0.0302,6.6706,5.4231,-0.0946,7.69,0.2577
U0554,2008-08-30 00:57:00,2008-08-30,2008-08-25,2008-08,Saturday,0,Night (00-08),Pass,0,36,0.0432,Low,0.3828,No,0,1.49,-0.01,8.5779,0.7436,0.0158,3.4565,4.0638,-0.0946,6.05,0.2945
U0555,2008-08-30 01:29:00,2008-08-30,2008-08-25,2008-08,Saturday,1,Night (00-08),Pass,0,36,0.0652,Low,0.395,No,0,3.2491,-0.0113,8.9546,0.7591,0.0138,2.9784,6.1087,-1.655,8.97,0.7373
U0556,2008-08-30 02:08:00,2008-08-30,2008-08-25,2008-08,Saturday,2,Night (00-08),Pass,0,36,0.1102,Medium,0.4279,No,2,-1.0927,-0.0109,23.1583,0.7287,0.2193,49.4715,8.8177,0.2365,13.17,0.8054
U0557,2008-08-30 02:22:00,2008-08-30,2008-08-25,2008-08,Saturday,2,Night (00-08),Pass,0,48,0.0559,Low,0.3921,No,0,0.2536,-0.0126,9.754,0.7436,0.0157,3.3868,5.7431,-0.0946,8.49,0.4394
U0558,2008-08-30 02:32:00,2008-08-30,2008-08-25,2008-08,Saturday,2,Night (00-08),Pass,0,36,0.1074,Medium,0.4292,No,0,-0.7036,-0.012,8.3324,0.7287,0.0798,16.9746,4.8678,0.2365,7.11,0.5195
U0559,2008-08-30 02:39:00,2008-08-30,2008-08-25,2008-08,Saturday,2,Night (00-08),Pass,0,36,0.076,Low,0.398,No,0,3.73,-0.011,8.9635,0.7232,0.0161,3.5156,9.1932,-0.5204,13.27,0.3803
U0560,2008-08-30 02:50:00,2008-08-30,2008-08-25,2008-08,Saturday,2,Night (00-08),Pass,0,28,0.0537,Low,0.3907,No,0,-0.4173,-0.0108,9.7836,0.7436,0.0175,3.7746,9.9344,-0.0946,14.48,0.825
U0561,2008-08-30 03:10:00,2008-08-30,2008-08-25,2008-08,Saturday,3,Night (00-08),Pass,0,32,0.0958,Low,0.394,No,0,1.4464,-0.0118,8.7812,0.7232,0.0158,3.4478,4.7955,-0.5204,7.13,0.3941
U0562,2008-08-30 04:20:00,2008-08-30,2008-08-25,2008-08,Saturday,4,Night (00-08),Pass,0,28,0.0998,Medium,0.4205,No,0,4.8364,-0.0095,8.6706,0.7884,0.0182,3.9263,9.3323,0.3311,13.96,1.0862
U0563,2008-08-30 04:24:00,2008-08-30,2008-08-25,2008-08,Saturday,4,Night (00-08),Pass,0,24,0.0453,Low,0.4062,No,0,-2.6655,-0.009,8.6706,0.7884,0.0876,18.4647,5.533,0.3311,8.51,1.1795
U0564,2008-08-30 04:55:00,2008-08-30,2008-08-25,2008-08,Saturday,4,Night (00-08),Pass,0,44,0.1092,Medium,0.412,No,0,-0.3455,-0.0146,8.7283,0.7287,0.0211,4.6806,15.0008,0.2365,21.58,0.2832
U0565,2008-08-30 05:05:00,2008-08-30,2008-08-25,2008-08,Saturday,5,Night (00-08),Pass,0,48,0.0785,Low,0.3911,No,0,-6.6055,-0.0103,8.7932,0.7591,0.0251,5.3428,6.0071,-1.655,9.31,0.4898
U0566,2008-08-30 05:05:00,2008-08-30,2008-08-25,2008-08,Saturday,5,Night (00-08),Pass,0,35,0.0953,Low,0.4053,No,0,-0.0191,-0.0132,9.0425,0.7436,0.0411,9.0472,6.4234,-0.0946,9.75,0.4034
U0567,2008-08-30 05:38:00,2008-08-30,2008-08-25,2008-08,Saturday,5,Night (00-08),Pass,0,44,0.039,Low,0.3858,No,0,1.4845,-0.0146,8.5288,0.6627,0.0195,4.2724,2.3095,0.7569,3.22,0.69
U0568,2008-08-30 05:51:00,2008-08-30,2008-08-25,2008-08,Saturday,5,Night (00-08),Pass,0,32,0.1987,High,0.3773,No,0,8.9864,-0.0083,8.5232,0.7232,0.1053,23.3728,4.7606,-0.5204,6.84,1.3279
U0569,2008-08-30 07:50:00,2008-08-30,2008-08-25,2008-08,Saturday,7,Night (00-08),Pass,0,20,0.0363,Low,0.4138,No,0,-0.95,-0.0142,8.4896,0.7586,0.0286,6.283,3.4077,-0.5204,4.66,0.8019
U0570,2008-08-30 07:54:00,2008-08-30,2008-08-25,2008-08,Saturday,7,Night (00-08),Pass,0,35,0.0832,Low,0.3954,No,0,2.8618,-0.0101,8.5855,0.7884,0.0236,5.1816,5.1866,0.3311,7.82,0.4412
U0571,2008-08-30 08:10:00,2008-08-30,2008-08-25,2008-08,Saturday,8,Morning (08-16),Pass,0,48,0.0475,Low,0.4129,No,0,-2.0764,-0.0141,8.5891,0.7591,0.0162,3.5726,6.11,-1.655,9.35,0.3763
U0572,2008-08-30 08:29:00,2008-08-30,2008-08-25,2008-08,Saturday,8,Morning (08-16),Pass,0,24,0.0962,Low,0.4193,No,3,3.36,-0.0144,8.7568,0.6627,0.4686,107.9521,7.0302,0.7569,10.3,0.6647
U0573,2008-08-30 08:42:00,2008-08-30,2008-08-25,2008-08,Saturday,8,Morning (08-16),Pass,0,28,0.1006,Medium,0.3879,No,0,4.0427,-0.0093,8.9635,0.7436,0.031,6.6988,5.4374,-0.0946,7.94,0.4232
U0574,2008-08-30 08:53:00,2008-08-30,2008-08-25,2008-08,Saturday,8,Morning (08-16),Pass,0,28,0.0521,Low,0.3972,No,0,2.8618,-0.0129,8.3324,0.7586,0.0199,4.3333,6.4813,-0.5204,9.58,0.2831
U0575,2008-08-30 09:13:00,2008-08-30,2008-08-25,2008-08,Saturday,9,Morning (08-16),Pass,0,36,0.0597,Low,0.406,No,0,-1.9909,-0.0112,8.6706,0.7884,0.08,17.4688,11.427,0.3311,17.45,1.0583
U0576,2008-08-30 09:37:00,2008-08-30,2008-08-25,2008-08,Saturday,9,Morning (08-16),Pass,0,32,0.0643,Low,0.383,No,0,0.7655,-0.0089,8.5334,0.7232,0.0244,5.2376,5.7586,-0.5204,8.5,0.4859
U0577,2008-08-30 09:45:00,2008-08-30,2008-08-25,2008-08,Saturday,9,Morning (08-16),Fail,1,24,0.076,Low,0.4291,No,0,1.9245,-0.0118,8.5459,0.7287,0.0362,7.7789,4.6417,0.2365,6.76,0.5126
U0578,2008-08-30 10:15:00,2008-08-30,2008-08-25,2008-08,Saturday,10,Morning (08-16),Pass,0,24,0.0722,Low,0.4102,No,0,-0.1973,-0.0063,8.7662,0.6627,0.0413,8.7875,9.2828,0.7569,12.96,0.3484
U0579,2008-08-30 10:16:00,2008-08-30,2008-08-25,2008-08,Saturday,10,Morning (08-16),Pass,0,48,0.0482,Low,0.3988,No,0,-1.9855,-0.015,8.7932,0.6627,0.0152,3.2995,7.9214,0.7569,11.23,1.0844
U0580,2008-08-30 11:12:00,2008-08-30,2008-08-25,2008-08,Saturday,11,Morning (08-16),Pass,0,28,0.119,Medium,0.3945,No,0,2.4718,-0.0111,8.7283,0.7232,0.0194,4.1992,6.6471,-0.5204,9.84,0.8257
U0581,2008-08-30 11:14:00,2008-08-30,2008-08-25,2008-08,Saturday,11,Morning (08-16),Pass,0,32,0.0969,Low,0.3901,No,2,3.7127,0.0013,8.4092,0.7591,,,5.1701,-1.655,7.78,0.4764
U0582,2008-08-30 11:18:00,2008-08-30,2008-08-25,2008-08,Saturday,11,Morning (08-16),Pass,0,40,0.0786,Low,0.3879,No,0,-0.66,-0.008,8.9635,0.6627,0.0126,2.713,6.6432,0.7569,9.58,0.9932
U0583,2008-08-30 11:57:00,2008-08-30,2008-08-25,2008-08,Saturday,11,Morning (08-16),Pass,0,36,0.0555,Low,0.3973,No,0,-1.0573,-0.012,8.9635,0.7232,0.0121,2.6261,3.3903,-0.5204,4.89,0.4734
U0584,2008-08-30 14:10:00,2008-08-30,2008-08-25,2008-08,Saturday,14,Morning (08-16),Fail,1,24,0.1393,Medium,0.3843,No,0,11.2909,-0.0111,8.7994,0.6802,0.0312,6.7939,10.7271,-0.7096,15.56,0.4713
U0585,2008-08-30 14:23:00,2008-08-30,2008-08-25,2008-08,Saturday,14,Morning (08-16),Pass,0,36,0.0604,Low,0.4086,No,0,-1.9573,-0.0111,8.6706,0.827,0.0145,3.1556,9.1321,-0.1419,13.89,0.9549
U0586,2008-08-30 14:37:00,2008-08-30,2008-08-25,2008-08,Saturday,14,Morning (08-16),Pass,0,44,0.0776,Low,0.4334,Yes,0,-0.4482,-0.0062,8.6706,0.827,,,7.8704,-0.1419,12.06,1.1895
U0587,2008-08-30 15:06:00,2008-08-30,2008-08-25,2008-08,Saturday,15,Morning (08-16),Pass,0,36,0.0524,Low,0.3911,No,0,-3.9318,-0.0111,8.5135,0.7677,0.0187,4.0675,3.8097,0.7569,5.88,0.34
U0588,2008-08-30 15:16:00,2008-08-30,2008-08-25,2008-08,Saturday,15,Morning (08-16),Pass,0,20,0.084,Low,0.3837,No,1,-2.3355,-0.009,8.5459,0.7677,0.0282,6.1448,4.3162,0.7569,6.46,0.4259
U0589,2008-08-30 15:37:00,2008-08-30,2008-08-25,2008-08,Saturday,15,Morning (08-16),Pass,0,20,0.0998,Medium,0.407,No,0,-0.2173,-0.0144,8.77,0.7591,0.1298,29.1038,5.3996,-1.655,7.39,0.7242
U0590,2008-08-30 15:50:00,2008-08-30,2008-08-25,2008-08,Saturday,15,Morning (08-16),Pass,0,51,0.071,Low,0.3892,No,0,-0.6464,-0.0111,8.7812,0.7677,0.0194,4.1761,5.6318,0.7569,8.1,0.3689
U0591,2008-08-30 15:57:00,2008-08-30,2008-08-25,2008-08,Saturday,15,Morning (08-16),Pass,0,40,0.1423,Medium,0.3913,No,0,7.24,-0.0088,8.5459,0.827,0.0175,3.6796,7.0695,-0.1419,10.42,0.9138
U0592,2008-08-30 16:24:00,2008-08-30,2008-08-25,2008-08,Saturday,16,Evening (16-24),Pass,0,24,0.0597,Low,0.422,No,0,-2.8818,-0.0087,8.8132,0.7586,0.02,4.3948,5.3451,-0.5204,7.89,0.4214
U0593,2008-08-30 17:05:00,2008-08-30,2008-08-25,2008-08,Saturday,17,Evening (16-24),Pass,0,40,0.0718,Low,0.4121,No,1,-0.9409,-0.0073,23.1583,0.7677,0.0236,5.163,6.4924,0.7569,9.94,0.3937
U0594,2008-08-30 17:49:00,2008-08-30,2008-08-25,2008-08,Saturday,17,Evening (16-24),Pass,0,32,0.0798,Low,0.4311,No,0,2.2855,-0.0062,8.6706,0.657,,,10.1458,1.04,14.91,0.3775
U0595,2008-08-30 19:21:00,2008-08-30,2008-08-25,2008-08,Saturday,19,Evening (16-24),Pass,0,44,0.041,Low,0.4107,No,0,0.7227,-0.015,8.7867,0.7586,0.0378,8.2751,3.6395,-0.5204,5.04,0.5231
U0596,2008-08-30 19:27:00,2008-08-30,2008-08-25,2008-08,Saturday,19,Evening (16-24),Pass,0,28,0.1043,Medium,0.4014,No,0,4.9073,-0.0128,9.7324,0.7232,0.0188,4.0757,4.4764,-0.5204,6.6,0.8898
U0597,2008-08-30 20:11:00,2008-08-30,2008-08-25,2008-08,Saturday,20,Evening (16-24),Pass,0,28,0.0713,Low,0.3957,No,0,2.28,-0.0116,9.2047,0.7232,0.0478,10.2908,7.5564,-0.5204,11.26,0.416
U0598,2008-08-30 20:53:00,2008-08-30,2008-08-25,2008-08,Saturday,20,Evening (16-24),Pass,0,48,0.1157,Medium,0.4183,No,1,0.9518,-0.0071,23.1583,0.827,0.0174,3.7747,5.8937,-0.1419,9.03,1.0089
U0599,2008-08-30 21:53:00,2008-08-30,2008-08-25,2008-08,Saturday,21,Evening (16-24),Pass,0,24,0.0823,Low,0.3924,No,0,1.2836,-0.012,9.7836,0.7232,0.0293,6.3419,12.6757,-0.5204,18.96,0.451
U0600,2008-08-30 23:51:00,2008-08-30,2008-08-25,2008-08,Saturday,23,Evening (16-24),Pass,0,36,0.0906,Low,0.4074,No,0,0.7064,-0.0096,8.7418,0.7586,0.09,19.2675,6.7658,-0.5204,9.65,1.3777
U0601,2008-08-31 02:57:00,2008-08-31,2008-08-25,2008-08,Sunday,2,Night (00-08),Pass,0,40,0.0425,Low,0.3976,No,1,2.6873,-0.0149,8.6005,0.7677,0.2386,50.1942,3.6244,0.7569,5.27,0.3362
U0602,2008-08-31 04:46:00,2008-08-31,2008-08-25,2008-08,Sunday,4,Night (00-08),Fail,1,48,0.116,Medium,0.376,No,0,15.3073,-0.0109,8.6527,0.7232,0.0178,3.8888,5.9828,-0.5204,8.69,0.9678
U0603,2008-08-31 05:05:00,2008-08-31,2008-08-25,2008-08,Sunday,5,Night (00-08),Pass,0,32,0.1797,High,0.3869,No,0,7.9755,-0.01,8.7994,0.7287,0.0309,6.8467,4.2849,0.2365,5.98,1.1027
U0604,2008-08-31 09:11:00,2008-08-31,2008-08-25,2008-08,Sunday,9,Morning (08-16),Pass,0,32,0.1074,Medium,0.4032,No,1,-0.6591,-0.0022,8.6427,0.808,,,7.3262,-0.1419,10.83,0.8436
U0605,2008-08-31 10:36:00,2008-08-31,2008-08-25,2008-08,Sunday,10,Morning (08-16),Pass,0,36,0.0608,Low,0.4116,No,0,-2.4609,-0.0092,8.6895,0.808,0.0189,4.0574,4.2918,-0.1419,6.16,0.4635
U0606,2008-08-31 10:59:00,2008-08-31,2008-08-25,2008-08,Sunday,10,Morning (08-16),Fail,1,36,0.0865,Low,0.4055,No,0,1.8173,-0.016,9.5713,0.7287,0.0205,4.4127,3.4949,0.2365,5.14,0.3458
U0607,2008-08-31 10:59:00,2008-08-31,2008-08-25,2008-08,Sunday,10,Morning (08-16),Pass,0,28,0.0645,Low,0.3977,No,0,-1.1391,-0.0078,8.6427,0.808,,,3.3645,-0.1419,4.95,0.9121
U0608,2008-08-31 11:03:00,2008-08-31,2008-08-25,2008-08,Sunday,11,Morning (08-16),Pass,0,40,0.1194,Medium,0.4177,No,0,-4.1518,-0.0097,8.7219,0.808,,,11.9817,-0.1419,17.13,0.7842
U0609,2008-08-31 15:09:00,2008-08-31,2008-08-25,2008-08,Sunday,15,Morning (08-16),Pass,0,24,0.0345,Low,0.3916,No,0,-0.6936,-0.0091,8.5615,0.808,0.0152,3.2694,5.2008,-0.1419,7.9,0.4943
U0610,2008-08-31 15:13:00,2008-08-31,2008-08-25,2008-08,Sunday,15,Morning (08-16),Pass,0,36,0.075,Low,0.4011,No,0,0.1891,-0.0146,8.659,0.6786,0.0213,4.6043,5.7327,-0.5677,8.33,0.9153
U0611,2008-08-31 16:32:00,2008-08-31,2008-08-25,2008-08,Sunday,16,Evening (16-24),Pass,0,44,0.0569,Low,0.3942,No,0,2.39,-0.0095,8.5615,0.808,,,2.9332,-0.1419,4.39,0.7259
U0612,2008-08-31 20:24:00,2008-08-31,2008-08-25,2008-08,Sunday,20,Evening (16-24),Pass,0,36,0.0562,Low,0.4149,No,1,-0.9127,-0.009,8.441,0.827,0.2107,47.6246,8.4692,-0.1419,11.87,0.9529
U0613,2008-08-31 21:04:00,2008-08-31,2008-08-25,2008-08,Sunday,21,Evening (16-24),Pass,0,28,0.0716,Low,0.4042,No,0,0.9409,-0.0078,9.754,0.7908,0.0165,3.54,4.8856,-0.0946,7.47,0.9686
U0614,2008-08-31 21:46:00,2008-08-31,2008-08-25,2008-08,Sunday,21,Evening (16-24),Pass,0,40,0.0481,Low,0.378,No,0,-2.0555,-0.0091,9.0776,0.7908,0.0219,4.7175,5.2289,-0.0946,7.97,0.7062
U0615,2008-08-31 21:58:00,2008-08-31,2008-08-25,2008-08,Sunday,21,Evening (16-24),Pass,0,36,0.0704,Low,0.3928,No,0,-3.1455,-0.0104,8.5779,0.7975,,,8.0986,-0.0946,12.29,0.4422
U0616,2008-08-31 22:32:00,2008-08-31,2008-08-25,2008-08,Sunday,22,Evening (16-24),Pass,0,32,0.0389,Low,0.3866,No,0,1.5445,-0.01,8.7219,0.7159,0.0209,4.5666,7.4055,-0.2365,11.19,0.4699
U0617,2008-08-31 22:48:00,2008-08-31,2008-08-25,2008-08,Sunday,22,Evening (16-24),Pass,0,40,0.0689,Low,0.396,No,0,1.4373,-0.0088,8.7812,0.7975,0.0154,3.3415,9.2986,-0.0946,13.3,0.4421
U0618,2008-08-31 22:57:00,2008-08-31,2008-08-25,2008-08,Sunday,22,Evening (16-24),Pass,0,32,0.1,Medium,0.3963,No,0,-6.0445,-0.0082,9.0776,0.7908,0.0494,10.6373,9.3679,-0.0946,14.3,0.7415
U0619,2008-09-01 00:01:00,2008-09-01,2008-09-01,2008-09,Monday,0,Night (00-08),Pass,0,24,0.0959,Low,0.4328,Yes,5,1.3791,-0.0101,8.5334,0.7975,0.4289,100.809,9.2809,-0.0946,13.1,1.5204
U0620,2008-09-01 00:39:00,2008-09-01,2008-09-01,2008-09,Monday,0,Night (00-08),Pass,0,40,0.0998,Medium,0.4055,No,0,-0.9618,-0.0059,8.5891,0.7975,,,9.4501,-0.0946,14.23,0.3443
U0621,2008-09-01 00:45:00,2008-09-01,2008-09-01,2008-09,Monday,0,Night (00-08),Pass,0,36,0.0633,Low,0.4104,No,0,1.6073,-0.011,8.7219,0.7975,0.1811,41.0461,4.6249,-0.0946,7.03,0.2336
U0622,2008-09-01 00:53:00,2008-09-01,2008-09-01,2008-09,Monday,0,Night (00-08),Pass,0,32,0.0324,Low,0.4104,No,1,-2.5727,-0.0084,23.1583,0.7975,0.0131,2.8178,3.1585,-0.0946,4.81,0.4723
U0623,2008-09-01 05:29:00,2008-09-01,2008-09-01,2008-09,Monday,5,Night (00-08),Pass,0,32,0.0471,Low,0.4293,No,0,3.3918,-0.0104,8.7696,0.8261,,,5.4606,0.615,7.78,0.2033
U0624,2008-09-01 05:32:00,2008-09-01,2008-09-01,2008-09,Monday,5,Night (00-08),Pass,0,39,0.0467,Low,0.392,No,0,-1.3773,-0.0102,9.0425,0.7159,,,10.0272,-0.2365,15.2,0.4352
U0625,2008-09-01 06:12:00,2008-09-01,2008-09-01,2008-09,Monday,6,Night (00-08),Pass,0,28,0.0659,Low,0.3927,No,0,2.0336,-0.0098,8.5615,0.8261,0.0247,5.4089,4.4464,0.615,6.54,0.3093
U0626,2008-09-01 06:21:00,2008-09-01,2008-09-01,2008-09,Monday,6,Night (00-08),Pass,0,28,0.0778,Low,0.3938,No,0,1.5755,-0.0067,9.0121,0.8222,0.0191,4.1004,8.0824,-0.4258,11.81,1.208
U0627,2008-09-01 06:52:00,2008-09-01,2008-09-01,2008-09,Monday,6,Night (00-08),Pass,0,36,0.0714,Low,0.4148,No,0,2.5336,-0.0113,8.77,0.8261,0.0135,2.9112,4.8187,0.615,6.89,0.9109
U0628,2008-09-01 08:18:00,2008-09-01,2008-09-01,2008-09,Monday,8,Morning (08-16),Pass,0,36,0.0781,Low,0.4022,No,0,-1.7327,-0.0088,8.7662,0.8258,,,5.7219,0.0,8.02,1.0615
U0629,2008-09-01 09:06:00,2008-09-01,2008-09-01,2008-09,Monday,9,Morning (08-16),Pass,0,28,0.042,Low,0.406,No,0,-5.1655,-0.011,8.8384,0.7987,0.0226,4.8984,3.6904,0.0,5.57,0.2837
U0630,2008-09-01 09:19:00,2008-09-01,2008-09-01,2008-09,Monday,9,Morning (08-16),Pass,0,32,0.0668,Low,0.3865,No,0,-5.0027,-0.0092,8.5459,0.8261,0.0288,6.2179,2.5089,0.615,3.77,0.9452
U0631,2008-09-01 09:54:00,2008-09-01,2008-09-01,2008-09,Monday,9,Morning (08-16),Pass,0,32,0.0722,Low,0.4005,No,0,-1.0082,-0.008,8.7662,0.8258,0.0444,9.4173,2.2394,0.0,3.09,1.0228
U0632,2008-09-01 10:57:00,2008-09-01,2008-09-01,2008-09,Monday,10,Morning (08-16),Pass,0,28,0.0308,Low,0.4054,No,0,2.0591,-0.0097,8.7812,0.736,0.0191,4.121,7.3063,0.1892,10.92,0.4322
U0633,2008-09-01 11:40:00,2008-09-01,2008-09-01,2008-09,Monday,11,Morning (08-16),Pass,0,28,0.0781,Low,0.4053,No,0,-0.17,-0.0086,8.77,0.8258,,,5.2194,0.0,7.33,0.7607
U0634,2008-09-01 16:20:00,2008-09-01,2008-09-01,2008-09,Monday,16,Evening (16-24),Pass,0,32,0.0781,Low,0.4013,No,1,-1.8791,-0.0089,8.5891,0.8258,0.2123,47.3937,5.2597,0.0,7.47,1.1598
U0635,2008-09-01 19:54:00,2008-09-01,2008-09-01,2008-09,Monday,19,Evening (16-24),Fail,1,40,0.1552,High,0.5159,Yes,8,53.6818,-0.0018,23.1583,0.6849,,,173.3631,0.0473,150.87,0.6789
U0636,2008-09-01 20:51:00,2008-09-01,2008-09-01,2008-09,Monday,20,Evening (16-24),Pass,0,40,0.123,Medium,0.4034,No,0,2.1145,-0.0111,8.5788,0.8258,0.0324,6.9299,8.6246,0.0,12.11,1.226
U0637,2008-09-01 22:05:00,2008-09-01,2008-09-01,2008-09,Monday,22,Evening (16-24),Pass,0,40,0.0681,Low,0.3858,No,0,-0.9918,-0.0086,8.8384,0.8258,,,3.4182,0.0,4.72,0.8256
U0638,2008-09-01 23:05:00,2008-09-01,2008-09-01,2008-09,Monday,23,Evening (16-24),Pass,0,40,0.0428,Low,0.3979,No,0,-0.8045,-0.0118,8.5855,0.8162,0.0175,3.7958,4.1344,0.0473,5.91,3.4031
U0639,2008-09-01 23:19:00,2008-09-01,2008-09-01,2008-09,Monday,23,Evening (16-24),Pass,0,32,0.0667,Low,0.4124,No,0,0.5791,-0.0092,8.3324,0.7987,,,6.8827,0.0,9.82,0.4629
U0640,2008-09-01 23:24:00,2008-09-01,2008-09-01,2008-09,Monday,23,Evening (16-24),Pass,0,28,0.0513,Low,0.4052,No,0,-4.8145,-0.0096,8.7932,0.8162,,,5.678,0.0473,8.5,0.408
U0641,2008-09-01 23:28:00,2008-09-01,2008-09-01,2008-09,Monday,23,Evening (16-24),Pass,0,40,0.0617,Low,0.3962,No,0,-0.0964,-0.0089,8.5779,0.8162,,,8.9009,0.0473,13.41,1.1782
U0642,2008-09-01 23:39:00,2008-09-01,2008-09-01,2008-09,Monday,23,Evening (16-24),Pass,0,32,0.0663,Low,0.3989,No,0,0.34,-0.013,8.8043,0.7527,0.0153,3.3066,7.0359,-0.9461,10.32,0.3693
U0643,2008-09-01 23:45:00,2008-09-01,2008-09-01,2008-09,Monday,23,Evening (16-24),Pass,0,40,0.0945,Low,0.3926,No,0,1.5127,-0.0096,8.5779,0.8162,,,8.4684,0.0473,12.38,0.1771
U0644,2008-09-01 23:59:00,2008-09-01,2008-09-01,2008-09,Monday,23,Evening (16-24),Pass,0,28,0.1055,Medium,0.4196,No,2,-19.9927,-0.0095,9.0121,0.7987,0.0149,3.1947,6.6127,0.0,10.01,0.4592
U0645,2008-09-02 00:26:00,2008-09-02,2008-09-01,2008-09,Tuesday,0,Night (00-08),Pass,0,24,0.0868,Low,0.393,No,0,0.0855,-0.0071,9.2016,0.7527,,,7.3841,-0.9461,10.63,0.3508
U0646,2008-09-02 00:31:00,2008-09-02,2008-09-01,2008-09,Tuesday,0,Night (00-08),Pass,0,28,0.0662,Low,0.391,No,0,3.65,-0.01,9.0121,0.7987,0.019,4.1212,6.0536,0.0,9.02,0.4459
U0647,2008-09-02 00:46:00,2008-09-02,2008-09-01,2008-09,Tuesday,0,Night (00-08),Pass,0,44,0.0686,Low,0.3899,No,0,5.1,-0.0097,8.5687,0.8162,,,5.4442,0.0473,8.17,0.3592
U0648,2008-09-02 01:09:00,2008-09-02,2008-09-01,2008-09,Tuesday,1,Night (00-08),Pass,0,44,0.095,Low,0.3962,No,0,2.4673,-0.0083,8.7283,0.7713,,,2.8374,1.939,4.05,1.0996
U0649,2008-09-02 01:10:00,2008-09-02,2008-09-01,2008-09,Tuesday,1,Night (00-08),Pass,0,28,0.0897,Low,0.4087,No,0,-2.6673,-0.0109,8.7812,0.8207,0.0238,5.1514,14.977,0.2365,21.66,1.2647
U0650,2008-09-02 01:10:00,2008-09-02,2008-09-01,2008-09,Tuesday,1,Night (00-08),Pass,0,40,0.0595,Low,0.3816,No,0,3.8,-0.009,8.6005,0.7527,0.0167,3.6473,6.7676,-0.9461,9.7,0.3088
U0651,2008-09-02 01:36:00,2008-09-02,2008-09-01,2008-09,Tuesday,1,Night (00-08),Pass,0,20,0.0762,Low,0.3888,No,0,0.3418,-0.0136,9.4257,0.8162,0.0242,5.3199,4.5494,0.0473,6.39,1.2673
U0652,2008-09-02 01:50:00,2008-09-02,2008-09-01,2008-09,Tuesday,1,Night (00-08),Pass,0,40,0.0958,Low,0.3795,No,0,0.23,-0.0101,8.5779,0.8162,,,7.5804,0.0473,11.48,0.3833
U0653,2008-09-02 02:02:00,2008-09-02,2008-09-01,2008-09,Tuesday,2,Night (00-08),Pass,0,24,0.0829,Low,0.4053,No,0,-0.7482,-0.0063,8.5288,0.8207,,,4.4649,0.2365,6.35,1.1667
U0654,2008-09-02 02:11:00,2008-09-02,2008-09-01,2008-09,Tuesday,2,Night (00-08),Pass,0,28,0.0589,Low,0.4308,No,0,2.74,-0.0092,8.7696,0.8207,0.0132,2.8664,4.2038,0.2365,5.88,1.154
U0655,2008-09-02 02:50:00,2008-09-02,2008-09-01,2008-09,Tuesday,2,Night (00-08),Pass,0,24,0.0525,Low,0.3953,No,0,0.1491,-0.0096,8.5891,0.8162,0.0168,3.6438,5.4108,0.0473,7.74,0.4208
U0656,2008-09-02 02:52:00,2008-09-02,2008-09-01,2008-09,Tuesday,2,Night (00-08),Pass,0,39,0.0881,Low,0.3897,No,0,1.4982,-0.0075,9.0425,0.7923,,,6.528,-0.8042,9.84,0.3415
U0657,2008-09-02 03:33:00,2008-09-02,2008-09-01,2008-09,Tuesday,3,Night (00-08),Pass,0,36,0.0726,Low,0.3795,No,0,-0.3518,-0.0083,9.7836,0.8162,0.0223,4.8135,4.7047,0.0473,6.71,0.4968
U0658,2008-09-02 03:35:00,2008-09-02,2008-09-01,2008-09,Tuesday,3,Night (00-08),Pass,0,28,0.0961,Low,0.3847,No,0,1.7991,-0.0103,9.3335,0.7611,0.1441,31.6455,3.0029,0.4258,4.34,0.2879
U0659,2008-09-02 03:35:00,2008-09-02,2008-09-01,2008-09,Tuesday,3,Night (00-08),Pass,0,48,0.053,Low,0.3999,No,0,-1.71,-0.0091,8.6427,0.7713,,,5.8362,1.939,8.07,0.4729
U0660,2008-09-02 04:19:00,2008-09-02,2008-09-01,2008-09,Tuesday,4,Night (00-08),Pass,0,48,0.0444,Low,0.3976,No,0,2.1918,-0.0091,8.77,0.6849,,,5.3635,0.0473,7.52,0.2668
U0661,2008-09-02 04:22:00,2008-09-02,2008-09-01,2008-09,Tuesday,4,Night (00-08),Pass,0,28,0.0717,Low,0.3834,No,0,-0.2282,-0.011,8.5788,0.7713,0.0224,4.8758,11.8879,1.939,17.27,0.4387
U0662,2008-09-02 05:46:00,2008-09-02,2008-09-01,2008-09,Tuesday,5,Night (00-08),Pass,0,48,0.0961,Low,0.3917,No,0,-2.7427,-0.0102,8.9635,0.7713,,,10.6183,1.939,15.78,1.0192
U0663,2008-09-02 06:03:00,2008-09-02,2008-09-01,2008-09,Tuesday,6,Night (00-08),Pass,0,40,0.0779,Low,0.3875,No,0,1.0336,-0.0119,8.5891,0.7611,,,7.4828,0.4258,11.06,0.3602
U0664,2008-09-02 06:19:00,2008-09-02,2008-09-01,2008-09,Tuesday,6,Night (00-08),Pass,0,44,0.0412,Low,0.385,No,0,-1.2336,-0.01,8.5855,0.6849,0.0226,4.887,4.646,0.0473,6.97,0.3602
U0665,2008-09-02 06:32:00,2008-09-02,2008-09-01,2008-09,Tuesday,6,Night (00-08),Pass,0,24,0.0594,Low,0.3892,No,0,3.9309,-0.0091,8.5135,0.7833,0.0152,3.2873,4.7656,-0.615,6.99,0.4192
U0666,2008-09-02 06:48:00,2008-09-02,2008-09-01,2008-09,Tuesday,6,Night (00-08),Pass,0,43,0.0606,Low,0.3918,No,0,3.1845,-0.0118,8.5779,0.7713,0.0169,3.6784,5.4338,1.939,7.98,0.4694
U0667,2008-09-02 07:22:00,2008-09-02,2008-09-01,2008-09,Tuesday,7,Night (00-08),Pass,0,36,0.0563,Low,0.3995,No,0,3.5264,-0.0072,8.7662,0.7923,0.0168,3.6638,6.2851,-0.8042,8.85,0.4251
U0668,2008-09-02 07:32:00,2008-09-02,2008-09-01,2008-09,Tuesday,7,Night (00-08),Pass,0,32,0.1057,Medium,0.44,Yes,1,0.8764,-0.011,8.7696,0.7713,,,13.4068,1.939,19.9,0.3614
U0669,2008-09-02 08:15:00,2008-09-02,2008-09-01,2008-09,Tuesday,8,Morning (08-16),Pass,0,28,0.0736,Low,0.3854,No,0,-1.9682,-0.0082,8.5334,0.7611,0.0516,11.1303,10.2046,0.4258,15.54,0.235
U0670,2008-09-02 08:54:00,2008-09-02,2008-09-01,2008-09,Tuesday,8,Morning (08-16),Pass,0,28,0.0646,Low,0.3859,No,0,3.2964,-0.0083,9.1156,0.7527,,,4.639,-0.9461,6.83,0.374
U0671,2008-09-02 09:36:00,2008-09-02,2008-09-01,2008-09,Tuesday,9,Morning (08-16),Pass,0,44,0.0988,Low,0.4086,No,0,4.3818,-0.0065,8.7568,0.8207,0.0242,5.2155,6.9538,0.2365,10.06,1.0132
U0672,2008-09-02 09:37:00,2008-09-02,2008-09-01,2008-09,Tuesday,9,Morning (08-16),Pass,0,32,0.0629,Low,0.3854,No,0,0.5082,-0.0087,8.5615,0.827,0.0184,4.0578,4.7158,-0.1419,6.87,0.3015
U0673,2008-09-02 10:13:00,2008-09-02,2008-09-01,2008-09,Tuesday,10,Morning (08-16),Pass,0,24,0.062,Low,0.4174,No,0,0.4373,-0.0102,9.1156,0.8162,,,6.3461,0.0473,9.55,1.0902
U0674,2008-09-02 10:21:00,2008-09-02,2008-09-01,2008-09,Tuesday,10,Morning (08-16),Pass,0,28,0.052,Low,0.4088,No,0,-0.6609,-0.0142,8.7812,0.7833,0.0118,2.5752,2.6206,-0.615,3.93,0.334
U0675,2008-09-02 10:25:00,2008-09-02,2008-09-01,2008-09,Tuesday,10,Morning (08-16),Pass,0,28,0.0672,Low,0.4029,No,0,2.5055,-0.0082,8.3331,0.8207,,,6.3005,0.2365,9.13,1.0474
U0676,2008-09-02 10:33:00,2008-09-02,2008-09-01,2008-09,Tuesday,10,Morning (08-16),Pass,0,40,0.0442,Low,0.4122,No,0,0.4027,-0.0096,8.7696,0.7833,0.0161,3.4607,4.7142,-0.615,6.63,0.6376
U0677,2008-09-02 11:08:00,2008-09-02,2008-09-01,2008-09,Tuesday,11,Morning (08-16),Pass,0,52,0.0953,Low,0.394,No,0,-1.2973,-0.0115,8.5334,0.7713,,,7.9562,1.939,11.88,1.0
U0678,2008-09-02 11:22:00,2008-09-02,2008-09-01,2008-09,Tuesday,11,Morning (08-16),Pass,0,32,0.077,Low,0.3775,No,0,4.4827,-0.0092,8.5855,0.7747,0.0115,2.4909,4.2433,0.0473,5.92,0.3723
U0679,2008-09-02 11:47:00,2008-09-02,2008-09-01,2008-09,Tuesday,11,Morning (08-16),Pass,0,40,0.082,Low,0.3917,No,0,0.3036,-0.01,9.308,0.7611,0.0184,3.958,7.5994,0.4258,11.32,0.3445
U0680,2008-09-02 11:49:00,2008-09-02,2008-09-01,2008-09,Tuesday,11,Morning (08-16),Pass,0,48,0.0692,Low,0.3963,No,0,2.5718,-0.0108,9.6938,0.7833,0.0262,5.7134,6.2216,-0.615,9.24,0.5036
U0681,2008-09-02 12:01:00,2008-09-02,2008-09-01,2008-09,Tuesday,12,Morning (08-16),Pass,0,52,0.0695,Low,0.3986,No,0,-0.0555,-0.0133,8.7283,0.7833,,,11.0059,-0.615,16.47,0.2938
U0682,2008-09-02 12:17:00,2008-09-02,2008-09-01,2008-09,Tuesday,12,Morning (08-16),Pass,0,28,0.1001,Medium,0.384,No,0,-0.4455,-0.008,8.8384,0.7833,0.0337,7.2889,4.0014,-0.615,5.62,0.5053
U0683,2008-09-02 12:26:00,2008-09-02,2008-09-01,2008-09,Tuesday,12,Morning (08-16),Pass,0,36,0.0587,Low,0.3993,No,0,-1.1582,-0.0098,8.9546,0.7833,0.0334,7.1286,4.9308,-0.615,6.79,0.6355
U0684,2008-09-02 12:30:00,2008-09-02,2008-09-01,2008-09,Tuesday,12,Morning (08-16),Pass,0,52,0.0859,Low,0.4103,No,0,-0.4073,-0.0106,8.5334,0.7833,,,5.2867,-0.615,7.81,0.5305
U0685,2008-09-02 12:44:00,2008-09-02,2008-09-01,2008-09,Tuesday,12,Morning (08-16),Pass,0,36,0.0859,Low,0.3855,No,0,0.1155,-0.0079,8.5788,0.827,0.028,6.1272,5.1901,-0.1419,7.78,0.9419
U0686,2008-09-02 13:05:00,2008-09-02,2008-09-01,2008-09,Tuesday,13,Morning (08-16),Pass,0,36,0.0706,Low,0.3861,No,0,-8.64,-0.0067,8.5788,0.7833,0.0175,3.7905,8.846,-0.615,13.75,0.6186
U0687,2008-09-02 13:08:00,2008-09-02,2008-09-01,2008-09,Tuesday,13,Morning (08-16),Pass,0,44,0.1206,Medium,0.3971,No,0,3.19,-0.0108,8.7283,0.7611,,,7.8401,0.4258,11.32,0.2854
U0688,2008-09-02 13:27:00,2008-09-02,2008-09-01,2008-09,Tuesday,13,Morning (08-16),Pass,0,40,0.0526,Low,0.3803,No,0,-2.0836,-0.0104,8.7568,0.7611,0.0123,2.6482,4.8653,0.4258,7.32,0.4533
U0689,2008-09-02 13:40:00,2008-09-02,2008-09-01,2008-09,Tuesday,13,Morning (08-16),Pass,0,28,0.0297,Low,0.3914,No,0,-1.1527,-0.0101,8.5615,0.7833,0.026,5.5548,5.3217,-0.615,7.54,0.4387
U0690,2008-09-02 14:09:00,2008-09-02,2008-09-01,2008-09,Tuesday,14,Morning (08-16),Pass,0,44,0.1668,High,0.4068,No,1,2.99,0.0203,9.754,0.7747,0.0168,3.6451,6.8674,0.0473,9.9,0.4774
U0691,2008-09-02 14:21:00,2008-09-02,2008-09-01,2008-09,Tuesday,14,Morning (08-16),Pass,0,24,0.0786,Low,0.389,No,0,1.5582,-0.0086,8.441,0.7611,0.0192,4.155,4.4489,0.4258,6.28,0.9837
U0692,2008-09-02 14:34:00,2008-09-02,2008-09-01,2008-09,Tuesday,14,Morning (08-16),Pass,0,28,0.0905,Low,0.4007,No,0,-0.5464,-0.0097,8.7696,0.7747,,,4.7047,0.0473,6.67,0.5825
U0693,2008-09-02 15:29:00,2008-09-02,2008-09-01,2008-09,Tuesday,15,Morning (08-16),Pass,0,24,0.0456,Low,0.4005,No,0,2.8618,-0.0071,8.77,0.8318,0.0222,4.8114,6.0387,-0.4731,9.17,0.6457
U0694,2008-09-02 16:10:00,2008-09-02,2008-09-01,2008-09,Tuesday,16,Evening (16-24),Pass,0,32,0.0434,Low,0.3771,No,0,-4.4482,-0.009,9.1156,0.7747,0.0184,3.9641,2.9266,0.0473,4.26,0.4772
U0695,2008-09-02 16:50:00,2008-09-02,2008-09-01,2008-09,Tuesday,16,Evening (16-24),Pass,0,28,0.0493,Low,0.3873,No,0,2.43,-0.0082,8.4896,0.7713,,,3.6629,1.939,5.46,0.4655
U0696,2008-09-02 16:54:00,2008-09-02,2008-09-01,2008-09,Tuesday,16,Evening (16-24),Pass,0,24,0.0779,Low,0.4115,No,0,1.17,-0.007,8.8132,0.8318,0.1454,31.7587,4.533,-0.4731,6.39,1.0597
U0697,2008-09-02 16:58:00,2008-09-02,2008-09-01,2008-09,Tuesday,16,Evening (16-24),Pass,0,44,0.0477,Low,0.4186,No,0,-1.93,-0.0142,8.7418,0.8207,0.0174,3.7799,4.5548,0.2365,6.19,1.2501
U0698,2008-09-02 17:10:00,2008-09-02,2008-09-01,2008-09,Tuesday,17,Evening (16-24),Pass,0,48,0.0439,Low,0.3864,No,0,2.6373,-0.0083,8.7568,0.7747,,,6.0599,0.0473,8.69,0.4289
U0699,2008-09-02 17:18:00,2008-09-02,2008-09-01,2008-09,Tuesday,17,Evening (16-24),Pass,0,24,0.0917,Low,0.4159,No,0,3.4827,-0.0099,8.8132,0.8207,0.0113,2.4363,6.8368,0.2365,10.27,1.1219
U0700,2008-09-02 18:38:00,2008-09-02,2008-09-01,2008-09,Tuesday,18,Evening (16-24),Pass,0,24,0.0769,Low,0.399,No,2,2.0173,-0.0099,8.77,0.8318,0.238,59.6649,5.3882,-0.4731,7.85,0.4997
U0701,2008-09-02 18:52:00,2008-09-02,2008-09-01,2008-09,Tuesday,18,Evening (16-24),Pass,0,84,0.0466,Low,0.3946,No,0,1.5527,-0.0106,9.3851,0.8057,0.0218,4.7744,4.471,0.7569,6.47,0.3521
U0702,2008-09-02 19:18:00,2008-09-02,2008-09-01,2008-09,Tuesday,19,Evening (16-24),Pass,0,44,0.0595,Low,0.3988,No,0,-8.6982,-0.0102,8.441,0.8318,0.019,4.1558,6.9142,-0.4731,10.52,0.5376
U0703,2008-09-02 20:18:00,2008-09-02,2008-09-01,2008-09,Tuesday,20,Evening (16-24),Pass,0,36,0.0754,Low,0.4013,No,1,-2.3391,-0.01,8.7812,0.8318,,,4.2557,-0.4731,5.96,0.6744
U0704,2008-09-02 20:52:00,2008-09-02,2008-09-01,2008-09,Tuesday,20,Evening (16-24),Pass,0,20,0.056,Low,0.4007,No,0,4.1782,-0.0092,8.5232,0.8057,0.0186,4.0602,8.6204,0.7569,12.51,0.2898
U0705,2008-09-02 20:58:00,2008-09-02,2008-09-01,2008-09,Tuesday,20,Evening (16-24),Pass,0,24,0.0721,Low,0.4008,No,0,4.1455,-0.0075,8.5288,0.8318,0.0174,3.8168,4.3536,-0.4731,6.03,0.4857
U0706,2008-09-02 20:59:00,2008-09-02,2008-09-01,2008-09,Tuesday,20,Evening (16-24),Pass,0,32,0.0668,Low,0.4148,No,0,4.0555,-0.0112,8.7696,0.8057,,,4.3634,0.7569,6.61,0.3167
U0707,2008-09-03 00:18:00,2008-09-03,2008-09-01,2008-09,Wednesday,0,Night (00-08),Pass,0,40,0.0552,Low,0.4032,No,0,1.54,-0.0075,8.7662,0.8207,,,9.366,0.2365,13.49,1.233
U0708,2008-09-03 00:45:00,2008-09-03,2008-09-01,2008-09,Wednesday,0,Night (00-08),Pass,0,39,0.0846,Low,0.3853,No,0,2.8627,-0.0108,9.0425,0.7747,,,9.2907,0.0473,13.91,0.495
U0709,2008-09-03 00:58:00,2008-09-03,2008-09-01,2008-09,Wednesday,0,Night (00-08),Pass,0,35,0.0394,Low,0.3931,No,0,1.7755,-0.0142,9.0425,0.7713,0.0192,4.2122,11.1753,1.939,16.97,0.4863
U0710,2008-09-03 01:15:00,2008-09-03,2008-09-01,2008-09,Wednesday,1,Night (00-08),Fail,1,48,0.1184,Medium,0.4456,Yes,0,16.6491,-0.008,8.8132,0.8057,,,12.4472,0.7569,18.07,0.2988
U0711,2008-09-03 01:32:00,2008-09-03,2008-09-01,2008-09,Wednesday,1,Night (00-08),Pass,0,28,0.0766,Low,0.384,No,0,1.9255,-0.0092,9.0121,0.8318,,,6.0788,-0.4731,8.97,0.4371
U0712,2008-09-03 04:18:00,2008-09-03,2008-09-01,2008-09,Wednesday,4,Night (00-08),Pass,0,20,0.0684,Low,0.3885,No,0,-1.3727,-0.0089,8.4896,0.791,0.0302,6.5853,5.2717,-0.5204,7.42,0.4931
U0713,2008-09-03 06:26:00,2008-09-03,2008-09-01,2008-09,Wednesday,6,Night (00-08),Pass,0,28,0.0668,Low,0.3828,No,0,2.6218,-0.0101,8.4896,0.8057,,,5.5797,0.7569,8.38,0.4851
U0714,2008-09-03 09:38:00,2008-09-03,2008-09-01,2008-09,Wednesday,9,Morning (08-16),Pass,0,24,0.0523,Low,0.4258,No,0,-0.7782,-0.0107,8.7568,0.7804,0.033,7.0786,3.9458,-0.1892,5.71,0.4071
U0715,2008-09-03 14:24:00,2008-09-03,2008-09-01,2008-09,Wednesday,14,Morning (08-16),Pass,0,28,0.063,Low,0.3908,No,0,-0.3918,-0.0106,8.7932,0.7585,0.019,4.1255,5.6919,0.0473,8.2,0.4892
U0716,2008-09-03 14:29:00,2008-09-03,2008-09-01,2008-09,Wednesday,14,Morning (08-16),Pass,0,28,0.0501,Low,0.4112,No,3,-0.9691,-0.0111,8.3273,0.7585,0.4027,93.7836,4.8659,0.0473,6.93,0.4786
U0717,2008-09-03 17:22:00,2008-09-03,2008-09-01,2008-09,Wednesday,17,Evening (16-24),Pass,0,20,0.0695,Low,0.4115,No,0,5.0955,-0.0093,8.7662,0.8297,0.0142,3.0989,13.0732,0.4258,19.13,0.4239
U0718,2008-09-03 18:16:00,2008-09-03,2008-09-01,2008-09,Wednesday,18,Evening (16-24),Pass,0,32,0.0812,Low,0.3796,No,0,-1.1173,-0.0091,8.8384,0.7747,,,5.1698,0.0473,7.31,0.4197
U0719,2008-09-03 18:16:00,2008-09-03,2008-09-01,2008-09,Wednesday,18,Evening (16-24),Pass,0,36,0.0451,Low,0.3785,No,0,3.3364,-0.0099,8.4896,0.7585,0.0269,5.8827,4.5331,0.0473,6.54,0.7431
U0720,2008-09-03 20:00:00,2008-09-03,2008-09-01,2008-09,Wednesday,20,Evening (16-24),Pass,0,24,0.027,Low,0.3867,No,0,0.9827,-0.0106,8.4896,0.8297,0.014,3.0498,6.454,0.4258,9.78,0.5737
U0721,2008-09-03 20:10:00,2008-09-03,2008-09-01,2008-09,Wednesday,20,Evening (16-24),Pass,0,40,0.0675,Low,0.4003,No,0,-0.6727,-0.0112,8.3436,0.791,0.0126,2.7745,6.8464,-0.5204,10.06,1.1676
U0722,2008-09-04 08:01:00,2008-09-04,2008-09-01,2008-09,Thursday,8,Morning (08-16),Pass,0,40,0.0554,Low,0.388,No,0,-0.7891,-0.0091,8.3273,0.7681,0.0205,4.4203,5.4846,0.0946,8.15,0.4966
U0723,2008-09-04 08:22:00,2008-09-04,2008-09-01,2008-09,Thursday,8,Morning (08-16),Pass,0,28,0.0237,Low,0.3991,No,0,1.7618,-0.0101,8.3436,0.7585,0.0198,4.3298,5.5131,0.0473,8.0,0.4779
U0724,2008-09-04 08:33:00,2008-09-04,2008-09-01,2008-09,Thursday,8,Morning (08-16),Pass,0,28,0.071,Low,0.3938,No,0,2.4582,-0.0125,8.3273,0.7681,0.0214,4.7279,6.2078,0.0946,8.87,0.4697
U0725,2008-09-04 08:41:00,2008-09-04,2008-09-01,2008-09,Thursday,8,Morning (08-16),Pass,0,24,0.0361,Low,0.3865,No,0,2.9373,-0.0102,9.22,0.7681,0.0169,3.7319,4.4621,0.0946,6.28,0.2668
U0726,2008-09-04 08:53:00,2008-09-04,2008-09-01,2008-09,Thursday,8,Morning (08-16),Pass,0,28,0.0637,Low,0.4078,No,0,1.9491,-0.0114,8.7932,0.7681,0.0222,4.8408,9.2499,0.0946,13.74,0.3673
U0727,2008-09-04 11:50:00,2008-09-04,2008-09-01,2008-09,Thursday,11,Morning (08-16),Pass,0,28,0.0382,Low,0.387,No,0,-1.4191,-0.009,9.22,0.8076,0.0146,3.1633,8.0345,1.04,11.28,0.3904
U0728,2008-09-04 14:09:00,2008-09-04,2008-09-01,2008-09,Thursday,14,Morning (08-16),Pass,0,28,0.0728,Low,0.3862,No,0,0.2527,-0.014,8.7073,0.7681,0.022,4.735,15.532,0.0946,22.75,0.4228
U0729,2008-09-04 14:11:00,2008-09-04,2008-09-01,2008-09,Thursday,14,Morning (08-16),Pass,0,36,0.049,Low,0.4099,No,0,1.5927,-0.0094,8.7867,0.7681,,,5.0804,0.0946,7.51,0.3327
U0730,2008-09-04 14:48:00,2008-09-04,2008-09-01,2008-09,Thursday,14,Morning (08-16),Pass,0,28,0.0554,Low,0.3877,No,0,1.1845,-0.0104,9.22,0.7681,0.0152,3.3085,7.7836,0.0946,10.58,0.2928
U0731,2008-09-04 16:30:00,2008-09-04,2008-09-01,2008-09,Thursday,16,Evening (16-24),Pass,0,36,0.015,Low,0.3963,No,0,-1.5764,-0.0112,8.7073,0.7681,0.014,3.0265,5.4363,0.0946,7.85,0.4748
U0732,2008-09-04 16:41:00,2008-09-04,2008-09-01,2008-09,Thursday,16,Evening (16-24),Pass,0,28,0.0225,Low,0.3914,No,0,-0.2718,-0.0104,8.5615,0.7435,0.0185,3.9698,8.4926,0.0,12.44,0.4569
U0733,2008-09-04 16:56:00,2008-09-04,2008-09-01,2008-09,Thursday,16,Evening (16-24),Pass,0,48,0.0755,Low,0.4107,No,1,-2.0291,-0.0121,8.3273,0.7435,0.0156,3.4141,7.4351,0.0,10.59,0.638
U0734,2008-09-04 17:30:00,2008-09-04,2008-09-01,2008-09,Thursday,17,Evening (16-24),Pass,0,40,0.0646,Low,0.386,No,0,3.5355,-0.0093,9.754,0.7435,0.0171,3.725,10.146,0.0,15.26,0.3082
U0735,2008-09-05 15:30:00,2008-09-05,2008-09-01,2008-09,Friday,15,Morning (08-16),Pass,0,28,0.0474,Low,0.4017,No,0,0.8236,-0.0096,8.5889,0.7435,0.2135,47.006,6.2963,0.0,9.37,0.4472
U0736,2008-09-05 21:48:00,2008-09-05,2008-09-01,2008-09,Friday,21,Evening (16-24),Pass,0,88,0.0784,Low,0.395,No,0,-2.5836,-0.0108,9.6938,0.7067,0.0293,6.332,6.3622,0.6623,9.34,0.2549
U0737,2008-09-07 00:08:00,2008-09-07,2008-09-01,2008-09,Sunday,0,Night (00-08),Pass,0,24,0.0715,Low,0.401,No,0,3.4491,-0.0088,8.8889,0.7537,,,5.6384,0.0,8.52,0.3883
U0738,2008-09-07 00:12:00,2008-09-07,2008-09-01,2008-09,Sunday,0,Night (00-08),Pass,0,40,0.0587,Low,0.4036,No,0,1.0518,-0.0095,8.8889,0.7537,,,7.4639,0.0,11.4,0.5795
U0739,2008-09-07 00:49:00,2008-09-07,2008-09-01,2008-09,Sunday,0,Night (00-08),Pass,0,28,0.0942,Low,0.4094,No,0,3.4391,-0.0085,8.8889,0.7537,,,13.3974,0.0,20.23,0.4941
U0740,2008-09-07 10:52:00,2008-09-07,2008-09-01,2008-09,Sunday,10,Morning (08-16),Pass,0,28,0.0273,Low,0.41,No,0,-1.89,-0.0085,8.4855,0.7879,,,6.5694,0.2838,9.65,0.3927
U0741,2008-09-07 12:04:00,2008-09-07,2008-09-01,2008-09,Sunday,12,Morning (08-16),Pass,0,28,0.0556,Low,0.4064,No,0,1.1627,-0.0131,8.2638,0.7639,,,7.231,0.0473,10.99,0.4639
U0742,2008-09-07 12:20:00,2008-09-07,2008-09-01,2008-09,Sunday,12,Morning (08-16),Pass,0,32,0.0575,Low,0.3897,No,0,-0.3236,-0.0118,9.3335,0.7639,,,3.596,0.0473,5.31,0.3534
U0743,2008-09-07 13:02:00,2008-09-07,2008-09-01,2008-09,Sunday,13,Morning (08-16),Pass,0,28,0.0583,Low,0.3961,No,0,2.1645,-0.0079,8.2823,0.7639,,,6.8985,0.0473,10.17,0.3574
U0744,2008-09-07 18:02:00,2008-09-07,2008-09-01,2008-09,Sunday,18,Evening (16-24),Pass,0,36,0.0698,Low,0.3718,No,0,-1.9891,-0.0072,8.4896,0.7879,,,5.3999,0.2838,8.07,0.3693
U0745,2008-09-07 18:24:00,2008-09-07,2008-09-01,2008-09,Sunday,18,Evening (16-24),Pass,0,24,0.054,Low,0.3886,No,0,-0.2482,-0.0112,8.7073,0.7639,0.0354,7.6595,5.6555,0.0473,7.98,0.4191
U0746,2008-09-07 18:49:00,2008-09-07,2008-09-01,2008-09,Sunday,18,Evening (16-24),Pass,0,24,0.0372,Low,0.411,No,0,-1.6436,-0.0078,8.2823,0.7639,,,7.076,0.0473,10.41,0.4594
U0747,2008-09-07 19:29:00,2008-09-07,2008-09-01,2008-09,Sunday,19,Evening (16-24),Pass,0,28,0.0818,Low,0.4202,No,0,5.1773,-0.0075,8.2638,0.7639,,,4.8457,0.0473,7.24,0.4995
U0748,2008-09-07 19:31:00,2008-09-07,2008-09-01,2008-09,Sunday,19,Evening (16-24),Pass,0,28,0.0562,Low,0.4028,No,0,5.8045,-0.0114,8.7932,0.7879,0.0177,3.8586,8.0418,0.2838,11.8,0.6502
U0749,2008-09-07 20:12:00,2008-09-07,2008-09-01,2008-09,Sunday,20,Evening (16-24),Pass,0,28,0.048,Low,0.3831,No,0,-2.3691,-0.0127,9.6938,0.7879,0.0205,4.4363,5.1585,0.2838,7.44,0.6134
U0750,2008-09-07 20:50:00,2008-09-07,2008-09-01,2008-09,Sunday,20,Evening (16-24),Pass,0,28,0.056,Low,0.3789,No,0,5.9491,-0.0139,8.2823,0.7954,,,6.4118,0.0473,9.79,0.3805
U0751,2008-09-07 23:33:00,2008-09-07,2008-09-01,2008-09,Sunday,23,Evening (16-24),Pass,0,40,0.0795,Low,0.4178,No,0,5.4964,-0.0073,8.2823,0.7697,,,6.2816,0.1419,9.66,0.4481
U0752,2008-09-08 00:32:00,2008-09-08,2008-09-08,2008-09,Monday,0,Night (00-08),Pass,0,40,0.0785,Low,0.3953,No,0,4.1464,-0.0099,8.5889,0.7697,,,8.2175,0.1419,12.08,0.3925
U0753,2008-09-08 00:40:00,2008-09-08,2008-09-08,2008-09,Monday,0,Night (00-08),Pass,0,72,0.1495,Medium,0.3869,No,0,3.8164,-0.0073,8.7144,0.7697,0.0212,4.5944,9.7437,0.1419,14.27,0.4262
U0754,2008-09-08 01:24:00,2008-09-08,2008-09-08,2008-09,Monday,1,Night (00-08),Pass,0,24,0.0389,Low,0.4045,No,0,2.7582,-0.0062,9.1156,0.7697,0.014,3.0384,7.593,0.1419,11.47,0.4723
U0755,2008-09-08 03:32:00,2008-09-08,2008-09-08,2008-09,Monday,3,Night (00-08),Pass,0,24,0.0909,Low,0.401,No,0,-3.0355,-0.0097,9.7324,0.7697,0.0395,8.5181,11.0193,0.1419,16.4,1.1302
U0756,2008-09-08 03:48:00,2008-09-08,2008-09-08,2008-09,Monday,3,Night (00-08),Pass,0,24,0.0397,Low,0.399,No,0,-1.0991,-0.0085,8.5855,0.7697,0.051,10.9789,6.1979,0.1419,8.97,0.5425
U0757,2008-09-08 04:21:00,2008-09-08,2008-09-08,2008-09,Monday,4,Night (00-08),Pass,0,28,0.0204,Low,0.4091,No,0,-0.9045,-0.01,8.7696,0.7879,0.0157,3.3739,4.963,0.2838,7.13,0.5247
U0758,2008-09-08 06:37:00,2008-09-08,2008-09-08,2008-09,Monday,6,Night (00-08),Pass,0,28,0.0899,Low,0.4,No,0,0.0282,-0.0107,8.5889,0.7879,0.014,3.0522,6.3771,0.2838,9.1,0.6668
U0759,2008-09-08 07:14:00,2008-09-08,2008-09-08,2008-09,Monday,7,Night (00-08),Pass,0,24,0.0684,Low,0.3991,No,0,-2.1173,-0.0094,8.8519,0.7697,0.0299,6.5145,6.2891,0.1419,9.3,0.3915
U0760,2008-09-08 07:41:00,2008-09-08,2008-09-08,2008-09,Monday,7,Night (00-08),Pass,0,32,0.0697,Low,0.4309,No,0,-3.1518,-0.0092,9.22,0.7879,,,4.6772,0.2838,6.97,0.5085
U0761,2008-09-08 18:46:00,2008-09-08,2008-09-08,2008-09,Monday,18,Evening (16-24),Pass,0,32,0.0776,Low,0.3892,No,0,-1.4173,-0.0163,8.3006,0.8291,,,4.8218,0.2838,7.31,0.308
U0762,2008-09-08 19:14:00,2008-09-08,2008-09-08,2008-09,Monday,19,Evening (16-24),Pass,0,28,0.0923,Low,0.4051,No,0,0.8536,-0.0081,9.6938,0.8291,0.0534,11.5216,5.7716,0.2838,8.71,0.5637
U0763,2008-09-08 19:15:00,2008-09-08,2008-09-08,2008-09,Monday,19,Evening (16-24),Pass,0,32,0.0633,Low,0.4056,No,0,-0.1391,-0.0119,8.3006,0.8291,,,4.49,0.2838,6.86,0.3535
U0764,2008-09-08 19:25:00,2008-09-08,2008-09-08,2008-09,Monday,19,Evening (16-24),Pass,0,28,0.0768,Low,0.4061,No,0,-1.9982,-0.0083,8.3006,0.8291,,,9.9278,0.2838,14.87,0.3611
U0765,2008-09-08 19:33:00,2008-09-08,2008-09-08,2008-09,Monday,19,Evening (16-24),Pass,0,40,0.0583,Low,0.3913,No,0,0.5564,-0.0088,8.3006,0.8291,,,5.8414,0.2838,9.07,0.5531
U0766,2008-09-08 20:00:00,2008-09-08,2008-09-08,2008-09,Monday,20,Evening (16-24),Pass,0,24,0.078,Low,0.4029,No,0,-0.2418,-0.0099,8.7073,0.7697,0.0316,6.8193,6.9587,0.1419,10.04,0.6599
U0767,2008-09-08 21:36:00,2008-09-08,2008-09-08,2008-09,Monday,21,Evening (16-24),Pass,0,40,0.0713,Low,0.3988,No,0,-1.7136,-0.0092,8.5407,0.7488,,,4.3599,0.0,6.51,0.5854
U0768,2008-09-08 21:53:00,2008-09-08,2008-09-08,2008-09,Monday,21,Evening (16-24),Pass,0,28,0.0875,Low,0.4351,Yes,0,-1.3073,-0.0073,8.2638,0.7488,,,4.8576,0.0,7.16,0.501
U0769,2008-09-08 22:17:00,2008-09-08,2008-09-08,2008-09,Monday,22,Evening (16-24),Pass,0,40,0.0919,Low,0.4081,No,0,0.8827,-0.0079,8.3006,0.8291,,,7.1603,0.2838,10.61,0.4491
U0770,2008-09-09 00:25:00,2008-09-09,2008-09-08,2008-09,Tuesday,0,Night (00-08),Pass,0,24,0.1158,Medium,0.4241,No,1,3.2655,-0.0028,9.754,0.7879,,,7.2471,0.2838,10.49,0.4472
U0771,2008-09-09 03:53:00,2008-09-09,2008-09-08,2008-09,Tuesday,3,Night (00-08),Pass,0,28,0.0727,Low,0.4081,No,0,1.0673,-0.0093,8.5003,0.8291,,,4.879,0.2838,7.19,0.4251
U0772,2008-09-09 08:44:00,2008-09-09,2008-09-08,2008-09,Tuesday,8,Morning (08-16),Pass,0,28,0.0652,Low,0.3862,No,0,-0.1773,-0.0105,8.5889,0.7697,0.1365,28.2443,6.41,0.1419,9.54,0.4106
U0773,2008-09-10 07:26:00,2008-09-10,2008-09-08,2008-09,Wednesday,7,Night (00-08),Pass,0,24,0.0587,Low,0.3779,No,0,3.0791,-0.0117,8.3006,0.8216,0.0191,4.1967,4.4853,0.0473,6.61,0.391
U0774,2008-09-10 09:21:00,2008-09-10,2008-09-08,2008-09,Wednesday,9,Morning (08-16),Pass,0,4,0.0407,Low,0.4012,No,0,3.6664,-0.0088,8.5596,0.8216,0.0144,3.1366,7.4204,0.0473,11.25,0.4074
U0775,2008-09-10 20:52:00,2008-09-10,2008-09-08,2008-09,Wednesday,20,Evening (16-24),Pass,0,32,0.1016,Medium,0.3883,No,0,4.0555,-0.0084,8.6074,0.8216,,,6.1799,0.0473,8.75,0.5464
U0776,2008-09-10 20:53:00,2008-09-10,2008-09-08,2008-09,Wednesday,20,Evening (16-24),Pass,0,28,0.0918,Low,0.377,No,0,-3.2082,-0.0111,8.3006,0.7447,0.0486,10.4576,8.5892,-0.3784,12.9,0.4797
U0777,2008-09-10 21:56:00,2008-09-10,2008-09-08,2008-09,Wednesday,21,Evening (16-24),Pass,0,12,0.0577,Low,0.3971,No,0,-2.1182,-0.0101,8.5801,0.8216,,,6.421,0.0473,9.58,0.3047
U0778,2008-09-10 23:30:00,2008-09-10,2008-09-08,2008-09,Wednesday,23,Evening (16-24),Pass,0,32,0.0564,Low,0.3928,No,0,0.4855,-0.0091,8.3179,0.8216,,,6.8579,0.0473,9.67,0.2861
U0779,2008-09-10 23:43:00,2008-09-10,2008-09-08,2008-09,Wednesday,23,Evening (16-24),Pass,0,32,0.089,Low,0.4148,No,0,0.3391,-0.0094,8.5889,0.8216,,,8.6037,0.0473,11.7,0.5575
U0780,2008-09-11 00:17:00,2008-09-11,2008-09-08,2008-09,Thursday,0,Night (00-08),Pass,0,44,0.0601,Low,0.3982,No,0,1.4345,-0.0096,8.3179,0.7447,,,5.9375,-0.3784,8.87,0.3799
U0781,2008-09-11 05:20:00,2008-09-11,2008-09-08,2008-09,Thursday,5,Night (00-08),Pass,0,32,0.0482,Low,0.4087,No,0,1.8164,-0.0089,8.2638,0.7308,0.0338,7.3436,5.801,0.0,8.59,0.4921
U0782,2008-09-11 06:04:00,2008-09-11,2008-09-08,2008-09,Thursday,6,Night (00-08),Pass,0,24,0.0453,Low,0.3839,No,0,0.56,-0.0124,8.5801,0.7447,,,5.2906,-0.3784,7.92,0.5033
U0783,2008-09-11 07:43:00,2008-09-11,2008-09-08,2008-09,Thursday,7,Night (00-08),Pass,0,32,0.107,Medium,0.3951,No,0,-1.1427,-0.0064,8.3006,0.8216,,,3.8475,0.0473,5.79,0.4013
U0784,2008-09-11 08:06:00,2008-09-11,2008-09-08,2008-09,Thursday,8,Morning (08-16),Pass,0,16,0.0866,Low,0.376,No,0,5.4718,-0.0107,8.2395,0.7447,,,6.0985,-0.3784,8.84,0.4531
U0785,2008-09-11 08:58:00,2008-09-11,2008-09-08,2008-09,Thursday,8,Morning (08-16),Pass,0,32,0.0866,Low,0.384,No,0,-4.6736,-0.0086,8.6074,0.7447,,,7.6915,-0.3784,11.09,0.5044
U0786,2008-09-11 09:24:00,2008-09-11,2008-09-08,2008-09,Thursday,9,Morning (08-16),Pass,0,40,0.0491,Low,0.3892,No,0,1.2691,-0.0093,8.3179,0.8216,0.0142,3.0743,6.5857,0.0473,9.8,0.4043
U0787,2008-09-11 12:47:00,2008-09-11,2008-09-08,2008-09,Thursday,12,Morning (08-16),Pass,0,40,0.0835,Low,0.3957,No,0,1.6309,-0.0074,8.3006,0.7308,,,6.4754,0.0,9.56,0.3734
U0788,2008-09-11 13:36:00,2008-09-11,2008-09-08,2008-09,Thursday,13,Morning (08-16),Pass,0,28,0.0889,Low,0.4051,No,0,3.1382,-0.0086,8.8424,0.7308,,,7.8219,0.0,11.77,0.3955
U0789,2008-09-11 14:20:00,2008-09-11,2008-09-08,2008-09,Thursday,14,Morning (08-16),Pass,0,24,0.0526,Low,0.403,No,0,1.91,-0.0104,8.5003,0.8692,,,9.243,0.0473,13.76,0.3708
U0790,2008-09-11 14:24:00,2008-09-11,2008-09-08,2008-09,Thursday,14,Morning (08-16),Pass,0,28,0.0703,Low,0.3985,No,0,4.3955,-0.0108,8.8836,0.8692,,,3.2727,0.0473,4.79,0.3816
U0791,2008-09-11 14:31:00,2008-09-11,2008-09-08,2008-09,Thursday,14,Morning (08-16),Pass,0,28,0.0511,Low,0.4028,No,0,2.1173,-0.0092,8.3179,0.8216,,,6.5354,0.0473,10.1,0.4472
U0792,2008-09-11 15:05:00,2008-09-11,2008-09-08,2008-09,Thursday,15,Morning (08-16),Pass,0,36,0.0652,Low,0.4005,No,1,2.3855,-0.0096,8.2638,0.7308,0.2285,51.3369,6.7805,0.0,10.28,0.4066
U0793,2008-09-11 15:08:00,2008-09-11,2008-09-08,2008-09,Thursday,15,Morning (08-16),Pass,0,32,0.0635,Low,0.395,No,0,1.2882,-0.0102,8.5596,0.8692,0.0329,7.0842,8.2318,0.0473,12.16,1.1089
U0794,2008-09-11 16:28:00,2008-09-11,2008-09-08,2008-09,Thursday,16,Evening (16-24),Pass,0,36,0.057,Low,0.3945,No,0,3.9027,-0.0106,8.3006,0.7308,0.0198,4.3254,9.1554,0.0,13.25,0.3383
U0795,2008-09-11 21:13:00,2008-09-11,2008-09-08,2008-09,Thursday,21,Evening (16-24),Pass,0,36,0.0603,Low,0.3906,No,0,-2.5482,-0.009,8.5801,0.7447,0.0076,1.6553,5.2171,-0.3784,7.67,0.4135
U0796,2008-09-11 22:07:00,2008-09-11,2008-09-08,2008-09,Thursday,22,Evening (16-24),Fail,1,28,0.0575,Low,0.4034,No,0,1.5218,-0.0102,8.6074,0.8216,,,4.3655,0.0473,6.44,0.5885
U0797,2008-09-11 23:10:00,2008-09-11,2008-09-08,2008-09,Thursday,23,Evening (16-24),Pass,0,24,0.0989,Low,0.4024,No,0,-0.8736,-0.0108,9.754,0.8692,,,4.1612,0.0473,6.2,0.5582
U0798,2008-09-11 23:48:00,2008-09-11,2008-09-08,2008-09,Thursday,23,Evening (16-24),Fail,1,32,0.0859,Low,0.4079,No,0,1.7073,-0.0088,8.7073,0.7447,,,5.6009,-0.3784,8.01,0.4841
U0799,2008-09-12 05:11:00,2008-09-12,2008-09-08,2008-09,Friday,5,Night (00-08),Pass,0,24,0.1129,Medium,0.4221,No,0,2.1982,-0.0107,8.7073,0.6847,0.0411,8.908,6.1374,-0.1419,8.97,0.393
U0800,2008-09-12 05:55:00,2008-09-12,2008-09-08,2008-09,Friday,5,Night (00-08),Pass,0,12,0.062,Low,0.3954,No,0,2.4218,-0.0086,8.5862,0.6879,0.1122,26.0231,5.6564,-1.135,8.38,0.2599
U0801,2008-09-12 06:38:00,2008-09-12,2008-09-08,2008-09,Friday,6,Night (00-08),Pass,0,32,0.0997,Medium,0.4397,Yes,1,4.9555,-0.0097,8.441,0.6847,0.0354,7.7522,9.9444,-0.1419,14.74,0.3
U0802,2008-09-12 06:41:00,2008-09-12,2008-09-08,2008-09,Friday,6,Night (00-08),Pass,0,48,0.0844,Low,0.3866,No,0,1.8709,-0.0115,8.7932,0.6879,0.0569,12.2832,7.6829,-1.135,11.28,0.7348
U0803,2008-09-12 06:45:00,2008-09-12,2008-09-08,2008-09,Friday,6,Night (00-08),Pass,0,24,0.0861,Low,0.4011,No,0,0.7355,-0.0081,8.572,0.6847,0.0151,3.2894,4.7399,-0.1419,7.1,0.2891
U0804,2008-09-12 07:21:00,2008-09-12,2008-09-08,2008-09,Friday,7,Night (00-08),Pass,0,32,0.0459,Low,0.3775,No,0,1.2809,-0.0112,8.3331,0.6697,0.0174,3.8307,4.3922,-0.5677,6.47,0.4404
U0805,2008-09-12 07:29:00,2008-09-12,2008-09-08,2008-09,Friday,7,Night (00-08),Pass,0,20,0.0495,Low,0.3909,No,0,5.5318,-0.0098,8.3006,0.6697,0.0241,5.2177,5.0629,-0.5677,7.6,0.4486
U0806,2008-09-12 07:38:00,2008-09-12,2008-09-08,2008-09,Friday,7,Night (00-08),Pass,0,12,0.0685,Low,0.4011,No,0,-3.1227,-0.0111,8.5862,0.6847,0.2223,50.2935,4.6652,-0.1419,7.02,0.4626
U0807,2008-09-12 11:57:00,2008-09-12,2008-09-08,2008-09,Friday,11,Morning (08-16),Pass,0,12,0.0628,Low,0.4181,No,0,6.1855,-0.0117,8.2981,0.6847,,,5.9842,-0.1419,9.17,0.3288
U0808,2008-09-12 13:08:00,2008-09-12,2008-09-08,2008-09,Friday,13,Morning (08-16),Pass,0,64,0.0357,Low,0.3974,No,0,1.9936,-0.0094,8.5407,0.6697,0.0226,4.8757,6.7038,-0.5677,9.93,0.5673
U0809,2008-09-12 14:52:00,2008-09-12,2008-09-08,2008-09,Friday,14,Morning (08-16),Pass,0,20,0.0805,Low,0.3874,No,0,0.2436,-0.0086,8.3331,0.6879,0.0391,8.5881,5.772,-1.135,8.4,0.3669
U0810,2008-09-12 15:40:00,2008-09-12,2008-09-08,2008-09,Friday,15,Morning (08-16),Pass,0,36,0.0813,Low,0.4155,No,0,2.9073,-0.0101,8.2638,0.6697,0.0603,13.6029,4.1934,-0.5677,6.11,0.4787
U0811,2008-09-12 16:23:00,2008-09-12,2008-09-08,2008-09,Friday,16,Evening (16-24),Pass,0,99,0.0934,Low,0.4015,No,0,0.3491,-0.007,8.897,0.6697,0.0178,3.8641,4.672,-0.5677,7.02,0.5055
U0812,2008-09-12 18:01:00,2008-09-12,2008-09-08,2008-09,Friday,18,Evening (16-24),Pass,0,20,0.0169,Low,0.3911,No,0,1.1136,-0.0102,8.2395,0.6879,0.0185,4.0399,5.5958,-1.135,8.31,0.499
U0813,2008-09-12 18:52:00,2008-09-12,2008-09-08,2008-09,Friday,18,Evening (16-24),Pass,0,24,0.0292,Low,0.4122,No,3,1.3009,-0.0092,8.2395,0.6879,0.4793,107.0314,5.1379,-1.135,7.66,0.1736
U0814,2008-09-12 19:36:00,2008-09-12,2008-09-08,2008-09,Friday,19,Evening (16-24),Pass,0,24,0.0652,Low,0.408,No,0,2.1918,-0.0108,8.2395,0.7402,0.0163,3.5725,4.8167,-0.8988,7.15,0.5558
U0815,2008-09-12 20:28:00,2008-09-12,2008-09-08,2008-09,Friday,20,Evening (16-24),Pass,0,96,0.0728,Low,0.3926,No,0,,-0.0106,8.6706,0.7402,0.0187,4.0926,,-0.8988,,0.5307
U0816,2008-09-12 21:12:00,2008-09-12,2008-09-08,2008-09,Friday,21,Evening (16-24),Pass,0,24,0.0683,Low,0.388,No,0,0.1809,-0.0082,8.3179,0.6879,0.0231,5.0741,4.282,-1.135,6.35,0.4474
U0817,2008-09-12 22:25:00,2008-09-12,2008-09-08,2008-09,Friday,22,Evening (16-24),Pass,0,24,0.0288,Low,0.4012,No,0,0.7482,-0.0102,8.2395,0.6879,0.0199,4.322,6.6146,-1.135,9.79,0.3761
U0818,2008-09-12 22:45:00,2008-09-12,2008-09-08,2008-09,Friday,22,Evening (16-24),Pass,0,4,0.0602,Low,0.4018,No,0,2.5491,-0.0103,8.3006,0.6697,0.035,7.6407,5.6037,-0.5677,8.16,0.4208
U0819,2008-09-12 23:28:00,2008-09-12,2008-09-08,2008-09,Friday,23,Evening (16-24),Pass,0,20,0.0666,Low,0.4079,No,0,-0.6645,-0.0081,8.5003,0.6697,0.0255,5.5461,4.5947,-0.5677,6.97,0.3598
U0820,2008-09-12 23:40:00,2008-09-12,2008-09-08,2008-09,Friday,23,Evening (16-24),Pass,0,28,0.069,Low,0.3872,No,0,6.1882,-0.0108,8.3273,0.7402,0.0232,4.9795,7.0742,-0.8988,10.31,0.4537
U0821,2008-09-13 00:25:00,2008-09-13,2008-09-08,2008-09,Saturday,0,Night (00-08),Pass,0,24,0.0569,Low,0.4031,No,0,4.6209,-0.01,8.3542,0.6847,0.0274,5.9606,5.2964,-0.1419,8.08,0.3669
U0822,2008-09-13 02:57:00,2008-09-13,2008-09-08,2008-09,Saturday,2,Night (00-08),Pass,0,24,0.0456,Low,0.4002,No,0,3.0345,-0.0115,8.4278,0.7217,0.0203,4.373,6.674,-0.4258,9.58,0.4733
U0823,2008-09-13 03:14:00,2008-09-13,2008-09-08,2008-09,Saturday,3,Night (00-08),Pass,0,8,0.0465,Low,0.3794,No,0,-4.2064,-0.0088,9.0145,0.7402,0.02,4.3803,3.3622,-0.8988,4.74,0.4353
U0824,2008-09-13 09:19:00,2008-09-13,2008-09-08,2008-09,Saturday,9,Morning (08-16),Pass,0,8,0.0486,Low,0.3859,No,0,6.1727,-0.0098,8.3542,0.6697,0.019,4.1301,10.9203,-0.5677,16.4,0.5425
U0825,2008-09-13 10:55:00,2008-09-13,2008-09-08,2008-09,Saturday,10,Morning (08-16),Pass,0,12,0.059,Low,0.398,No,0,7.3164,-0.0105,8.3588,0.7217,,,3.2839,-0.4258,4.78,0.4249
U0826,2008-09-13 11:42:00,2008-09-13,2008-09-08,2008-09,Saturday,11,Morning (08-16),Pass,0,28,0.0977,Low,0.3983,No,0,4.5918,-0.0091,9.0145,0.7217,,,3.8241,-0.4258,5.41,0.4949
U0827,2008-09-13 11:56:00,2008-09-13,2008-09-08,2008-09,Saturday,11,Morning (08-16),Fail,1,20,0.0823,Low,0.3948,No,0,3.2273,-0.0076,8.6068,0.6879,0.0228,4.9195,6.132,-1.135,9.33,0.3718
U0828,2008-09-13 12:48:00,2008-09-13,2008-09-08,2008-09,Saturday,12,Morning (08-16),Pass,0,36,0.0553,Low,0.3894,No,0,6.6827,-0.0101,8.572,0.7217,,,5.5553,-0.4258,8.02,0.3387
U0829,2008-09-13 14:07:00,2008-09-13,2008-09-08,2008-09,Saturday,14,Morning (08-16),Pass,0,24,0.0569,Low,0.3969,No,0,-4.6636,-0.0127,9.9964,0.7217,,,4.3419,-0.4258,6.33,0.3443
U0830,2008-09-13 16:04:00,2008-09-13,2008-09-08,2008-09,Saturday,16,Evening (16-24),Pass,0,40,0.0851,Low,0.398,No,0,3.5945,-0.0095,9.131,0.7402,0.043,9.3009,6.0911,-0.8988,9.1,0.4214
U0831,2008-09-13 16:04:00,2008-09-13,2008-09-08,2008-09,Saturday,16,Evening (16-24),Pass,0,20,0.038,Low,0.3955,No,0,2.4182,-0.0105,8.5596,0.7217,0.0193,4.2022,5.0925,-0.4258,7.39,0.3048
U0832,2008-09-13 20:06:00,2008-09-13,2008-09-08,2008-09,Saturday,20,Evening (16-24),Fail,1,48,0.0459,Low,0.3926,No,0,4.6209,-0.0093,8.5801,0.6847,0.0394,8.4933,5.9706,-0.1419,9.11,0.4588
U0833,2008-09-14 02:50:00,2008-09-14,2008-09-08,2008-09,Sunday,2,Night (00-08),Pass,0,12,0.0831,Low,0.4065,No,0,2.2336,-0.0098,8.2981,0.8536,,,3.9954,0.0,5.98,0.419
U0834,2008-09-14 02:59:00,2008-09-14,2008-09-08,2008-09,Sunday,2,Night (00-08),Pass,0,8,0.087,Low,0.3917,No,0,5.2064,-0.0102,8.572,0.8536,0.018,3.9393,4.0558,0.0,5.7,0.507
U0835,2008-09-14 15:02:00,2008-09-14,2008-09-08,2008-09,Sunday,15,Morning (08-16),Pass,0,28,0.1227,Medium,0.3947,No,0,-0.5718,-0.0106,9.0121,0.8536,0.0156,3.3914,4.6034,0.0,6.68,0.3687
U0836,2008-09-14 15:46:00,2008-09-14,2008-09-08,2008-09,Sunday,15,Morning (08-16),Pass,0,8,0.0461,Low,0.3983,No,0,7.0273,-0.011,8.8624,0.8536,0.0168,3.6417,3.7146,0.0,5.34,0.4143
U0837,2008-09-14 16:34:00,2008-09-14,2008-09-08,2008-09,Sunday,16,Evening (16-24),Pass,0,28,0.09,Low,0.3983,No,0,2.1145,-0.0124,8.7932,0.8543,0.0428,9.2702,5.1912,0.7096,7.74,0.4686
U0838,2008-09-14 17:40:00,2008-09-14,2008-09-08,2008-09,Sunday,17,Evening (16-24),Pass,0,32,0.0411,Low,0.4003,No,0,2.1973,-0.0104,8.3179,0.8536,,,3.7115,0.0,5.55,0.3654
U0839,2008-09-14 18:27:00,2008-09-14,2008-09-08,2008-09,Sunday,18,Evening (16-24),Pass,0,24,0.0867,Low,0.385,No,0,4.9118,-0.0114,8.8624,0.8543,0.0196,4.1715,4.8707,0.7096,7.04,0.2378
U0840,2008-09-14 18:27:00,2008-09-14,2008-09-08,2008-09,Sunday,18,Evening (16-24),Pass,0,24,0.0483,Low,0.3996,No,0,4.8127,-0.0103,8.5003,0.8543,,,2.9198,0.7096,4.48,0.4763
U0841,2008-09-14 19:13:00,2008-09-14,2008-09-08,2008-09,Sunday,19,Evening (16-24),Pass,0,36,0.0443,Low,0.3829,No,0,4.4445,-0.0106,8.2981,0.8543,0.0954,21.1391,2.9431,0.7096,4.3,0.2941
U0842,2008-09-14 20:00:00,2008-09-14,2008-09-08,2008-09,Sunday,20,Evening (16-24),Pass,0,36,0.0679,Low,0.4087,No,0,5.6155,-0.0101,8.3588,0.8543,0.0155,3.3801,4.7003,0.7096,7.32,0.4312
U0843,2008-09-14 20:43:00,2008-09-14,2008-09-08,2008-09,Sunday,20,Evening (16-24),Pass,0,12,0.0651,Low,0.3918,No,0,2.8136,-0.0101,9.131,0.8543,0.0125,2.6619,5.8022,0.7096,8.45,0.2446
U0844,2008-09-14 20:45:00,2008-09-14,2008-09-08,2008-09,Sunday,20,Evening (16-24),Pass,0,4,0.0671,Low,0.3968,No,0,3.9527,-0.0115,8.3588,0.8543,0.0307,6.7342,2.0008,0.7096,2.99,0.367
U0845,2008-09-14 21:31:00,2008-09-14,2008-09-08,2008-09,Sunday,21,Evening (16-24),Pass,0,20,0.0598,Low,0.3797,No,0,3.4482,-0.0079,8.5407,0.8536,0.0041,0.8879,5.2947,0.0,7.87,0.6192
U0846,2008-09-14 23:00:00,2008-09-14,2008-09-08,2008-09,Sunday,23,Evening (16-24),Pass,0,16,0.0939,Low,0.4041,No,0,1.3445,-0.0136,8.2395,0.7906,,,3.9991,-1.229,5.94,0.4427
U0847,2008-09-15 02:04:00,2008-09-15,2008-09-15,2008-09,Monday,2,Night (00-08),Pass,0,84,0.1228,Medium,0.3939,No,0,,-0.0108,9.131,0.7865,,,,0.0,,0.2308
U0848,2008-09-15 10:03:00,2008-09-15,2008-09-15,2008-09,Monday,10,Morning (08-16),Pass,0,8,0.071,Low,0.3886,No,0,0.9591,-0.0096,8.7015,0.7914,0.023,4.9614,3.1241,0.4731,4.69,0.4699
U0849,2008-09-15 11:40:00,2008-09-15,2008-09-15,2008-09,Monday,11,Morning (08-16),Pass,0,36,0.0746,Low,0.3887,No,0,5.3191,-0.0119,8.3591,0.666,0.0174,3.7417,4.8468,-0.4731,7.1,1.5035
U0850,2008-09-15 12:27:00,2008-09-15,2008-09-15,2008-09,Monday,12,Morning (08-16),Pass,0,20,0.0511,Low,0.3886,No,0,-2.1555,-0.013,8.4278,0.666,0.021,4.5251,3.9525,-0.4731,5.92,1.5048
U0851,2008-09-15 16:10:00,2008-09-15,2008-09-15,2008-09,Monday,16,Evening (16-24),Pass,0,12,0.0439,Low,0.3973,No,0,1.7627,-0.0111,8.4278,0.6108,0.0179,3.877,2.0193,-0.8515,2.99,0.3593
U0852,2008-09-15 16:59:00,2008-09-15,2008-09-15,2008-09,Monday,16,Evening (16-24),Pass,0,28,0.0473,Low,0.4029,No,0,1.9273,-0.0127,8.2832,0.6108,,,6.2851,-0.8515,9.32,0.387
U0853,2008-09-15 19:54:00,2008-09-15,2008-09-15,2008-09,Monday,19,Evening (16-24),Pass,0,4,0.0538,Low,0.4213,No,0,1.2327,-0.0104,8.3588,0.6717,0.0166,3.5536,4.0468,-0.0946,6.21,0.3609
U0854,2008-09-15 21:56:00,2008-09-15,2008-09-15,2008-09,Monday,21,Evening (16-24),Pass,0,8,0.0823,Low,0.3976,No,0,5.4209,-0.0136,8.58,0.6108,0.0446,9.5974,7.0153,-0.8515,10.47,0.4097
U0855,2008-09-15 22:13:00,2008-09-15,2008-09-15,2008-09,Monday,22,Evening (16-24),Pass,0,40,0.0734,Low,0.3918,No,0,5.0818,-0.0086,8.5003,0.8543,,,5.2405,0.7096,7.34,0.3718
U0856,2008-09-15 22:45:00,2008-09-15,2008-09-15,2008-09,Monday,22,Evening (16-24),Pass,0,20,0.0436,Low,0.3925,No,0,5.5109,-0.0115,8.2981,0.6717,0.0166,3.6031,4.9138,-0.0946,6.94,0.4005
U0857,2008-09-15 22:54:00,2008-09-15,2008-09-15,2008-09,Monday,22,Evening (16-24),Pass,0,36,0.0794,Low,0.4471,Yes,2,-0.07,-0.0329,23.1583,0.8543,0.0183,3.9621,7.7911,0.7096,11.47,0.4182
U0858,2008-09-15 23:37:00,2008-09-15,2008-09-15,2008-09,Monday,23,Evening (16-24),Pass,0,28,0.0555,Low,0.4227,No,0,0.5609,-0.0104,9.0121,0.7914,0.012,2.6278,2.8961,0.4731,4.2,0.2273
U0859,2008-09-16 07:39:00,2008-09-16,2008-09-15,2008-09,Tuesday,7,Night (00-08),Pass,0,16,0.0199,Low,0.4032,No,0,5.5964,-0.014,8.272,0.5325,0.0137,2.9644,4.8447,-0.5677,7.12,0.4368
U0860,2008-09-16 07:48:00,2008-09-16,2008-09-15,2008-09,Tuesday,7,Night (00-08),Pass,0,24,0.0815,Low,0.4095,No,0,5.3973,-0.014,8.272,0.5325,,,4.6771,-0.5677,6.95,0.4255
U0861,2008-09-16 08:50:00,2008-09-16,2008-09-15,2008-09,Tuesday,8,Morning (08-16),Pass,0,24,0.0321,Low,0.3935,No,0,2.3182,-0.0105,9.131,0.5325,0.0265,5.7847,8.4018,-0.5677,12.75,0.3801
U0862,2008-09-16 08:52:00,2008-09-16,2008-09-15,2008-09,Tuesday,8,Morning (08-16),Pass,0,44,0.0652,Low,0.4188,No,0,6.0773,-0.0077,8.3436,0.5325,,,3.9105,-0.5677,5.68,0.4123
U0863,2008-09-16 09:37:00,2008-09-16,2008-09-15,2008-09,Tuesday,9,Morning (08-16),Pass,0,28,0.0787,Low,0.4161,No,0,4.3136,-0.0084,8.272,0.5325,0.0177,3.8475,5.1801,-0.5677,7.65,0.4535
U0864,2008-09-16 17:07:00,2008-09-16,2008-09-15,2008-09,Tuesday,17,Evening (16-24),Pass,0,32,0.0871,Low,0.3798,No,0,-2.3509,-0.0123,9.6938,0.8106,0.0297,6.367,10.4136,-0.1419,15.43,0.6752
U0865,2008-09-16 18:09:00,2008-09-16,2008-09-15,2008-09,Tuesday,18,Evening (16-24),Pass,0,8,0.0322,Low,0.4045,No,0,1.1618,-0.0086,8.5596,0.5325,0.0243,5.2735,10.5293,-0.5677,16.04,0.436
U0866,2008-09-16 18:23:00,2008-09-16,2008-09-15,2008-09,Tuesday,18,Evening (16-24),Pass,0,40,0.0322,Low,0.392,No,0,0.5764,-0.0095,8.3273,0.5952,,,4.1425,-0.8988,5.97,0.4243
U0867,2008-09-16 19:34:00,2008-09-16,2008-09-15,2008-09,Tuesday,19,Evening (16-24),Pass,0,44,0.1529,High,0.4102,No,0,6.8491,-0.0134,9.0061,0.8106,,,4.3849,-0.1419,6.57,1.079
U0868,2008-09-16 19:45:00,2008-09-16,2008-09-15,2008-09,Tuesday,19,Evening (16-24),Pass,0,28,0.0436,Low,0.416,No,0,-0.7245,-0.0137,8.287,0.8248,0.0207,4.5344,4.6526,0.0,7.16,0.3187
U0869,2008-09-16 21:21:00,2008-09-16,2008-09-15,2008-09,Tuesday,21,Evening (16-24),Pass,0,12,0.0555,Low,0.3872,No,0,-0.2227,-0.0128,8.7932,0.5952,0.019,4.1108,4.4168,-0.8988,6.39,1.1243
U0870,2008-09-16 22:45:00,2008-09-16,2008-09-15,2008-09,Tuesday,22,Evening (16-24),Pass,0,24,0.1447,Medium,0.4222,No,0,5.9155,-0.0123,8.2832,0.8106,,,5.5662,-0.1419,8.09,1.1376
U0871,2008-09-17 02:01:00,2008-09-17,2008-09-15,2008-09,Wednesday,2,Night (00-08),Pass,0,12,0.1017,Medium,0.4148,No,0,2.4209,-0.0112,9.0145,0.8106,,,6.6675,-0.1419,9.46,0.4375
U0872,2008-09-17 04:23:00,2008-09-17,2008-09-15,2008-09,Wednesday,4,Night (00-08),Fail,1,8,0.1515,High,0.4124,No,1,13.5518,-0.0141,8.9562,0.8106,0.2298,52.5088,5.5608,-0.1419,8.28,1.103
U0873,2008-09-17 07:14:00,2008-09-17,2008-09-15,2008-09,Wednesday,7,Night (00-08),Pass,0,24,0.0589,Low,0.3903,No,0,3.0945,-0.0108,8.3542,0.5952,0.015,3.2553,1.6872,-0.8988,2.3,0.3958
U0874,2008-09-17 07:28:00,2008-09-17,2008-09-15,2008-09,Wednesday,7,Night (00-08),Pass,0,36,0.0516,Low,0.3983,No,0,-1.2336,-0.0131,8.6068,0.8106,0.0202,4.3385,4.0648,-0.1419,5.95,0.4045
U0875,2008-09-17 21:52:00,2008-09-17,2008-09-15,2008-09,Wednesday,21,Evening (16-24),Pass,0,24,0.0838,Low,0.4266,No,0,4.4409,-0.0136,8.2832,0.822,,,4.7966,-1.56,7.3,0.4647
U0876,2008-09-18 00:57:00,2008-09-18,2008-09-15,2008-09,Thursday,0,Night (00-08),Pass,0,24,0.0264,Low,0.3988,No,0,-4.6109,-0.0142,9.0811,0.5952,0.0427,9.1492,6.1402,-0.8988,9.24,0.6568
U0877,2008-09-18 01:40:00,2008-09-18,2008-09-15,2008-09,Thursday,1,Night (00-08),Pass,0,28,0.0748,Low,0.3974,No,0,1.89,-0.0131,8.7373,0.822,0.017,3.7098,3.255,-1.56,4.83,0.4787
U0878,2008-09-18 01:43:00,2008-09-18,2008-09-15,2008-09,Thursday,1,Night (00-08),Pass,0,36,0.0815,Low,0.3859,No,0,0.4527,-0.0107,8.7932,0.8264,0.0401,8.5359,7.173,0.0,11.02,0.4583
U0879,2008-09-18 02:01:00,2008-09-18,2008-09-15,2008-09,Thursday,2,Night (00-08),Pass,0,28,0.0307,Low,0.4177,No,0,-0.2036,-0.0117,8.3591,0.822,0.0227,4.9589,3.2689,-1.56,4.95,1.0796
U0880,2008-09-18 03:58:00,2008-09-18,2008-09-15,2008-09,Thursday,3,Night (00-08),Pass,0,24,0.0375,Low,0.4095,No,0,-3.7536,-0.0134,8.7932,0.822,0.0,0.0,4.8003,-1.56,7.14,0.4594
U0881,2008-09-18 03:58:00,2008-09-18,2008-09-15,2008-09,Thursday,3,Night (00-08),Pass,0,12,0.0897,Low,0.4351,Yes,1,-3.9045,-0.0132,8.6149,0.8264,0.0393,8.3763,5.3634,0.0,7.74,0.4878
U0882,2008-09-18 05:44:00,2008-09-18,2008-09-15,2008-09,Thursday,5,Night (00-08),Pass,0,20,0.0806,Low,0.3926,No,0,-2.81,-0.0121,8.3591,0.822,0.0635,13.5887,4.4836,-1.56,7.04,0.4675
U0883,2008-09-18 05:58:00,2008-09-18,2008-09-15,2008-09,Thursday,5,Night (00-08),Pass,0,12,0.0385,Low,0.3787,No,0,-2.6109,-0.0123,8.5571,0.822,0.0,0.0,2.5503,-1.56,3.84,0.3648
U0884,2008-09-18 08:04:00,2008-09-18,2008-09-15,2008-09,Thursday,8,Morning (08-16),Pass,0,16,0.0603,Low,0.3864,No,0,-2.6273,-0.013,8.7646,0.8559,0.0228,4.9847,5.1077,-0.5677,7.8,0.231
U0885,2008-09-18 10:48:00,2008-09-18,2008-09-15,2008-09,Thursday,10,Morning (08-16),Pass,0,36,0.0575,Low,0.3915,No,0,5.4709,-0.0123,8.8889,0.8264,0.0372,8.0256,5.2009,0.0,7.95,0.4821
U0886,2008-09-18 13:48:00,2008-09-18,2008-09-15,2008-09,Thursday,13,Morning (08-16),Pass,0,16,0.0634,Low,0.3895,No,0,0.5218,-0.0093,8.287,0.6423,0.0249,5.3709,2.9002,0.0473,4.42,1.0494
U0887,2008-09-18 17:22:00,2008-09-18,2008-09-15,2008-09,Thursday,17,Evening (16-24),Pass,0,28,0.0532,Low,0.3874,No,0,4.3982,-0.0127,8.7373,0.7759,0.0207,4.5196,3.2659,0.0,4.85,0.501
U0888,2008-09-18 18:12:00,2008-09-18,2008-09-15,2008-09,Thursday,18,Evening (16-24),Pass,0,28,0.0504,Low,0.3973,No,0,0.5518,-0.0123,8.287,0.6423,0.0225,4.885,6.0246,0.0473,8.84,0.4765
U0889,2008-09-18 18:56:00,2008-09-18,2008-09-15,2008-09,Thursday,18,Evening (16-24),Pass,0,8,0.0212,Low,0.4196,No,0,1.4418,-0.0144,8.6149,0.6423,0.0158,3.3956,4.6325,0.0473,6.93,0.4576
U0890,2008-09-18 21:12:00,2008-09-18,2008-09-15,2008-09,Thursday,21,Evening (16-24),Pass,0,27,0.0685,Low,0.4173,No,0,-2.5955,-0.0115,8.897,0.555,0.0278,5.9795,7.4952,0.0473,10.83,0.9835
U0891,2008-09-18 21:56:00,2008-09-18,2008-09-15,2008-09,Thursday,21,Evening (16-24),Pass,0,24,0.0371,Low,0.415,No,0,-4.9018,-0.011,8.7401,0.555,0.0185,4.0433,4.0905,0.0473,6.06,1.0082
U0892,2008-09-18 23:00:00,2008-09-18,2008-09-15,2008-09,Thursday,23,Evening (16-24),Pass,0,35,0.1409,Medium,0.3934,No,0,0.7636,-0.013,9.0425,0.8201,,,4.7589,0.0,6.85,1.1095
U0893,2008-09-18 23:05:00,2008-09-18,2008-09-15,2008-09,Thursday,23,Evening (16-24),Pass,0,12,0.0717,Low,0.384,No,0,-2.7845,-0.0112,8.7635,0.7965,,,2.6974,-0.4258,4.02,0.4743
U0894,2008-09-18 23:44:00,2008-09-18,2008-09-15,2008-09,Thursday,23,Evening (16-24),Pass,0,8,0.0902,Low,0.3981,No,0,-2.4709,-0.0135,8.7015,0.8201,0.019,4.1078,2.5702,0.0,3.77,1.0922
U0895,2008-09-19 00:30:00,2008-09-19,2008-09-15,2008-09,Friday,0,Night (00-08),Pass,0,12,0.0513,Low,0.3767,No,0,-3.2718,-0.0136,8.5571,0.7759,0.0166,3.5816,4.0368,0.0,6.31,0.3868
U0896,2008-09-19 01:57:00,2008-09-19,2008-09-15,2008-09,Friday,1,Night (00-08),Pass,0,36,0.0716,Low,0.3957,No,0,2.1136,-0.012,8.7373,0.7759,0.2109,46.8556,4.1174,0.0,6.18,0.3986
U0897,2008-09-19 02:44:00,2008-09-19,2008-09-15,2008-09,Friday,2,Night (00-08),Pass,0,12,0.0614,Low,0.3918,No,0,3.9291,-0.0118,9.131,0.7759,0.0217,4.7554,4.1375,0.0,6.12,0.4345
U0898,2008-09-19 04:42:00,2008-09-19,2008-09-15,2008-09,Friday,4,Night (00-08),Pass,0,24,0.0819,Low,0.39,No,0,-0.5336,-0.014,8.7015,0.6423,0.0289,6.1523,5.1598,0.0473,7.56,1.1338
U0899,2008-09-19 05:33:00,2008-09-19,2008-09-15,2008-09,Friday,5,Night (00-08),Pass,0,24,0.0516,Low,0.3965,No,0,-1.1836,-0.0122,8.5571,0.6423,0.0146,3.1598,4.1362,0.0473,6.17,1.0415
U0900,2008-09-19 05:57:00,2008-09-19,2008-09-15,2008-09,Friday,5,Night (00-08),Pass,0,20,0.0826,Low,0.3889,No,0,5.7945,-0.0125,8.9562,0.8559,,,6.0735,-0.5677,8.73,0.4488
U0901,2008-09-19 06:01:00,2008-09-19,2008-09-15,2008-09,Friday,6,Night (00-08),Pass,0,24,0.0245,Low,0.3736,No,0,-4.9682,-0.0117,8.5571,0.5812,0.0279,6.0988,1.8685,-1.608,2.82,0.3844
U0902,2008-09-19 06:44:00,2008-09-19,2008-09-15,2008-09,Friday,6,Night (00-08),Pass,0,28,0.0459,Low,0.3939,No,0,-0.9136,-0.0117,8.6695,0.555,,,5.8689,0.0473,9.11,1.0015
U0903,2008-09-19 07:14:00,2008-09-19,2008-09-15,2008-09,Friday,7,Night (00-08),Pass,0,12,0.0379,Low,0.4029,No,0,-3.65,-0.0122,8.3663,0.5812,0.0148,3.1879,4.6997,-1.608,7.34,0.4697
U0904,2008-09-19 07:18:00,2008-09-19,2008-09-15,2008-09,Friday,7,Night (00-08),Pass,0,12,0.0381,Low,0.4129,No,0,-2.5345,-0.0119,8.8581,0.5812,0.02,4.3403,2.7794,-1.608,4.16,0.5132
U0905,2008-09-19 08:08:00,2008-09-19,2008-09-15,2008-09,Friday,8,Morning (08-16),Pass,0,12,0.0856,Low,0.3836,No,0,0.86,-0.0128,8.7997,0.7965,0.039,8.3753,3.893,-0.4258,5.85,0.5075
U0906,2008-09-19 08:52:00,2008-09-19,2008-09-15,2008-09,Friday,8,Morning (08-16),Pass,0,24,0.0687,Low,0.3922,No,0,-3.4991,-0.0128,8.9833,0.7965,0.0216,4.656,4.3926,-0.4258,6.6,0.9705
U0907,2008-09-19 09:12:00,2008-09-19,2008-09-15,2008-09,Friday,9,Morning (08-16),Pass,0,24,0.0627,Low,0.4187,No,0,-5.2327,-0.0124,8.7401,0.6423,0.0307,6.6443,5.8077,0.0473,8.5,0.4586
U0908,2008-09-19 09:47:00,2008-09-19,2008-09-15,2008-09,Friday,9,Morning (08-16),Pass,0,8,0.0278,Low,0.3858,No,0,-1.79,-0.0136,8.4278,0.5812,0.0196,4.2165,2.2725,-1.608,3.43,0.4227
U0909,2008-09-19 10:45:00,2008-09-19,2008-09-15,2008-09,Friday,10,Morning (08-16),Pass,0,24,0.0188,Low,0.4302,No,0,1.0309,-0.0127,8.7401,0.5812,0.0222,4.8192,5.1741,-1.608,7.48,0.4236
U0910,2008-09-19 11:13:00,2008-09-19,2008-09-15,2008-09,Friday,11,Morning (08-16),Pass,0,8,0.0446,Low,0.4024,No,0,-4.0109,-0.0124,8.3663,0.5812,0.0469,10.2201,5.8152,-1.608,9.12,0.3216
U0911,2008-09-19 11:54:00,2008-09-19,2008-09-15,2008-09,Friday,11,Morning (08-16),Pass,0,24,0.0876,Low,0.3924,No,0,1.4727,-0.013,9.0606,0.7965,0.0436,9.4361,5.654,-0.4258,8.25,0.5081
U0912,2008-09-19 13:59:00,2008-09-19,2008-09-15,2008-09,Friday,13,Morning (08-16),Pass,0,28,0.0795,Low,0.4021,No,0,-1.2427,-0.0133,9.2016,0.8391,0.0498,10.7544,5.5738,-1.135,8.15,0.4981
U0913,2008-09-19 15:31:00,2008-09-19,2008-09-15,2008-09,Friday,15,Morning (08-16),Pass,0,28,0.0851,Low,0.3935,No,0,2.4845,-0.0139,8.8548,0.8391,0.0175,3.7694,4.0141,-1.135,5.9,0.4185
U0914,2008-09-19 16:40:00,2008-09-19,2008-09-15,2008-09,Friday,16,Evening (16-24),Pass,0,24,0.0622,Low,0.4015,No,0,0.79,-0.0117,9.1287,0.8391,0.0597,12.8858,4.9118,-1.135,7.27,0.53
U0915,2008-09-19 16:58:00,2008-09-19,2008-09-15,2008-09,Friday,16,Evening (16-24),Fail,1,12,0.0987,Low,0.3859,No,0,5.6618,-0.0136,8.6772,0.8201,0.0475,10.2268,5.5285,0.0,7.8,1.0866
U0916,2008-09-19 17:47:00,2008-09-19,2008-09-15,2008-09,Friday,17,Evening (16-24),Pass,0,16,0.0443,Low,0.3888,No,0,-2.4345,-0.0101,8.7635,0.5662,,,3.6744,-1.797,5.44,0.4554
U0917,2008-09-19 18:11:00,2008-09-19,2008-09-15,2008-09,Friday,18,Evening (16-24),Pass,0,20,0.0516,Low,0.3947,No,0,-1.4027,-0.0113,8.7635,0.5662,,,3.6998,-1.797,5.51,0.4057
U0918,2008-09-19 18:33:00,2008-09-19,2008-09-15,2008-09,Friday,18,Evening (16-24),Pass,0,20,0.0436,Low,0.3966,No,0,-4.5936,-0.0115,8.7635,0.5662,,,4.1924,-1.797,6.2,0.4442
U0919,2008-09-19 19:18:00,2008-09-19,2008-09-15,2008-09,Friday,19,Evening (16-24),Pass,0,20,0.0306,Low,0.3907,No,0,-0.3309,-0.0118,8.7635,0.5662,,,3.2036,-1.797,4.78,0.4148
U0920,2008-09-19 19:29:00,2008-09-19,2008-09-15,2008-09,Friday,19,Evening (16-24),Pass,0,12,0.0353,Low,0.4083,No,0,2.6718,-0.0107,8.6772,0.5662,0.0248,5.3937,2.7091,-1.797,4.09,0.5782
U0921,2008-09-19 20:05:00,2008-09-19,2008-09-15,2008-09,Friday,20,Evening (16-24),Pass,0,44,0.0748,Low,0.3974,No,0,4.9845,-0.0127,8.5801,0.5638,0.0422,9.1365,4.218,-3.496,6.29,0.4059
U0922,2008-09-19 20:07:00,2008-09-19,2008-09-15,2008-09,Friday,20,Evening (16-24),Pass,0,16,0.0511,Low,0.3935,No,0,-3.4445,-0.0126,8.287,0.5638,,,4.7695,-3.496,6.98,0.5049
U0923,2008-09-19 20:10:00,2008-09-19,2008-09-15,2008-09,Friday,20,Evening (16-24),Pass,0,12,0.0475,Low,0.4135,No,0,2.2855,-0.0141,8.6149,0.5638,0.0174,3.7723,3.9185,-3.496,5.93,0.1756
U0924,2008-09-19 20:17:00,2008-09-19,2008-09-15,2008-09,Friday,20,Evening (16-24),Pass,0,36,0.0789,Low,0.4438,Yes,1,22.4673,-0.0094,8.2395,0.5638,0.025,5.4294,2.5653,-3.496,3.65,0.45
U0925,2008-09-19 20:19:00,2008-09-19,2008-09-15,2008-09,Friday,20,Evening (16-24),Fail,1,16,0.0867,Low,0.4048,No,0,6.5645,-0.0047,8.9475,0.7965,0.0275,5.8767,2.0751,-0.4258,3.1,0.5178
U0926,2008-09-19 21:08:00,2008-09-19,2008-09-15,2008-09,Friday,21,Evening (16-24),Pass,0,12,0.0453,Low,0.403,No,1,-4.6227,-0.0109,8.3591,0.8391,0.0203,4.3996,5.7416,-1.135,8.98,0.4738
U0927,2008-09-19 21:09:00,2008-09-19,2008-09-15,2008-09,Friday,21,Evening (16-24),Fail,1,24,0.1172,Medium,0.3992,No,0,5.5455,-0.0138,8.6772,0.7759,0.0408,8.7812,6.9636,0.0,10.36,1.0541
U0928,2008-09-19 21:13:00,2008-09-19,2008-09-15,2008-09,Friday,21,Evening (16-24),Pass,0,28,0.0362,Low,0.3792,No,0,-2.1518,-0.0126,8.4278,0.5638,0.0219,4.7684,4.4519,-3.496,6.68,0.4258
U0929,2008-09-19 21:14:00,2008-09-19,2008-09-15,2008-09,Friday,21,Evening (16-24),Pass,0,68,0.0603,Low,0.3957,No,0,6.25,-0.0102,8.3436,0.5638,,,4.275,-3.496,6.6,0.4622
U0930,2008-09-19 21:59:00,2008-09-19,2008-09-15,2008-09,Friday,21,Evening (16-24),Fail,1,12,0.0786,Low,0.3993,No,0,3.2509,-0.013,8.6772,0.8391,0.0231,4.9942,5.7289,-1.135,8.71,0.3886
U0931,2008-09-19 23:26:00,2008-09-19,2008-09-15,2008-09,Friday,23,Evening (16-24),Pass,0,12,0.053,Low,0.4062,No,0,0.9909,-0.0118,8.3663,0.562,0.0185,4.0282,4.2708,-3.025,6.09,1.2251
U0932,2008-09-19 23:33:00,2008-09-19,2008-09-15,2008-09,Friday,23,Evening (16-24),Pass,0,24,0.0712,Low,0.4406,Yes,0,-3.8655,-0.0103,8.6611,0.562,0.0321,6.9315,6.381,-3.025,9.55,0.4245
U0933,2008-09-20 00:18:00,2008-09-20,2008-09-15,2008-09,Saturday,0,Night (00-08),Pass,0,8,0.0242,Low,0.4147,No,0,-0.75,-0.0091,8.6544,0.562,0.0181,3.8743,5.8268,-3.025,8.49,0.4381
U0934,2008-09-20 00:33:00,2008-09-20,2008-09-15,2008-09,Saturday,0,Night (00-08),Pass,0,12,0.0283,Low,0.4133,No,0,0.2745,-0.0101,8.6611,0.8391,0.0185,4.0087,2.8753,-1.135,4.28,0.515
U0935,2008-09-20 03:58:00,2008-09-20,2008-09-15,2008-09,Saturday,3,Night (00-08),Pass,0,20,0.0369,Low,0.3872,No,0,-5.9273,-0.0126,8.7635,0.5013,,,5.2422,-3.496,7.66,0.4772
U0936,2008-09-20 04:13:00,2008-09-20,2008-09-15,2008-09,Saturday,4,Night (00-08),Pass,0,8,0.0424,Low,0.4139,No,0,-2.9209,-0.0134,8.287,0.5013,0.0451,9.5096,1.9674,-3.496,3.01,0.205
U0937,2008-09-20 04:28:00,2008-09-20,2008-09-15,2008-09,Saturday,4,Night (00-08),Pass,0,28,0.0288,Low,0.4027,No,0,-3.74,-0.0098,8.5571,0.5638,,,2.7876,-3.496,4.12,0.4158
U0938,2008-09-20 05:22:00,2008-09-20,2008-09-15,2008-09,Saturday,5,Night (00-08),Pass,0,28,0.0501,Low,0.405,No,0,-0.0691,-0.0113,8.7401,0.562,,,2.6536,-3.025,3.91,0.4814
U0939,2008-09-20 05:25:00,2008-09-20,2008-09-15,2008-09,Saturday,5,Night (00-08),Pass,0,8,0.0524,Low,0.422,No,0,5.1136,-0.0121,8.7015,0.562,0.017,3.6536,7.7186,-3.025,11.32,0.52
U0940,2008-09-20 05:34:00,2008-09-20,2008-09-15,2008-09,Saturday,5,Night (00-08),Pass,0,28,0.0694,Low,0.4025,No,0,1.7082,-0.0102,8.9833,0.562,0.0539,11.6838,4.001,-3.025,5.93,1.1952
U0941,2008-09-20 06:08:00,2008-09-20,2008-09-15,2008-09,Saturday,6,Night (00-08),Pass,0,20,0.066,Low,0.4075,No,0,1.5555,-0.0143,8.6149,0.7589,,,2.8002,-1.702,4.19,0.4142
U0942,2008-09-20 07:21:00,2008-09-20,2008-09-15,2008-09,Saturday,7,Night (00-08),Pass,0,24,0.0597,Low,0.4041,No,0,1.3136,-0.0116,9.1287,0.562,,,5.4938,-3.025,8.11,0.3884
U0943,2008-09-20 08:14:00,2008-09-20,2008-09-15,2008-09,Saturday,8,Morning (08-16),Pass,0,28,0.0667,Low,0.4229,No,0,-1.0182,-0.0119,8.7779,0.5013,,,6.2631,-3.496,9.49,1.272
U0944,2008-09-20 10:51:00,2008-09-20,2008-09-15,2008-09,Saturday,10,Morning (08-16),Pass,0,28,0.1121,Medium,0.4063,No,0,-0.9945,-0.0132,8.287,0.8349,0.0097,2.0829,6.5778,-2.647,9.57,0.5016
U0945,2008-09-20 11:18:00,2008-09-20,2008-09-15,2008-09,Saturday,11,Morning (08-16),Pass,0,12,0.04,Low,0.4029,No,0,-0.9236,-0.0112,8.7548,0.562,0.0184,4.0004,6.5365,-3.025,9.56,0.4737
U0946,2008-09-20 12:20:00,2008-09-20,2008-09-15,2008-09,Saturday,12,Morning (08-16),Pass,0,28,0.0681,Low,0.4038,No,0,-0.6609,-0.0109,9.1287,0.5524,,,4.9039,-3.732,7.62,0.4202
U0947,2008-09-20 12:26:00,2008-09-20,2008-09-15,2008-09,Saturday,12,Morning (08-16),Pass,0,12,0.0313,Low,0.4032,No,0,-0.1918,-0.0139,8.4278,0.5524,0.0194,4.1618,3.0794,-3.732,4.54,0.4062
U0948,2008-09-20 12:27:00,2008-09-20,2008-09-15,2008-09,Saturday,12,Morning (08-16),Pass,0,12,0.0586,Low,0.4112,No,0,-2.2818,-0.0115,8.7548,0.5524,0.0607,13.0754,4.6798,-3.732,6.91,0.2106
U0949,2008-09-20 12:36:00,2008-09-20,2008-09-15,2008-09,Saturday,12,Morning (08-16),Pass,0,44,0.0498,Low,0.4239,No,0,-5.9336,-0.0104,8.7199,0.5638,,,6.0378,-3.496,9.04,0.2294
U0950,2008-09-20 12:57:00,2008-09-20,2008-09-15,2008-09,Saturday,12,Morning (08-16),Pass,0,24,0.0431,Low,0.4118,No,0,5.7182,-0.0107,8.8546,0.5524,0.0216,4.6598,7.5307,-3.732,11.24,0.388
U0951,2008-09-20 14:00:00,2008-09-20,2008-09-15,2008-09,Saturday,14,Morning (08-16),Pass,0,36,0.0326,Low,0.4088,No,0,-5.1255,-0.0132,8.3591,0.5524,0.0199,4.3131,3.6831,-3.732,5.47,0.3645
U0952,2008-09-20 14:06:00,2008-09-20,2008-09-15,2008-09,Saturday,14,Morning (08-16),Pass,0,12,0.0595,Low,0.3983,No,0,-2.1309,-0.0103,8.6149,0.5524,0.0197,4.3519,6.4533,-3.732,9.44,0.3986
U0953,2008-09-20 14:42:00,2008-09-20,2008-09-15,2008-09,Saturday,14,Morning (08-16),Pass,0,4,0.0901,Low,0.4277,No,0,0.42,-0.0087,8.6695,0.8349,0.0188,4.1027,6.8146,-2.647,10.38,0.2743
U0954,2008-09-20 14:50:00,2008-09-20,2008-09-15,2008-09,Saturday,14,Morning (08-16),Pass,0,16,0.0679,Low,0.4099,No,0,-1.1945,-0.0106,8.7932,0.5949,,,6.4728,-3.591,9.83,1.1893
U0955,2008-09-20 14:53:00,2008-09-20,2008-09-15,2008-09,Saturday,14,Morning (08-16),Pass,0,24,0.0547,Low,0.4184,No,0,-3.5291,-0.0127,9.0811,0.562,0.0373,8.0029,5.8253,-3.025,8.72,1.2918
U0956,2008-09-20 15:02:00,2008-09-20,2008-09-15,2008-09,Saturday,15,Morning (08-16),Pass,0,8,0.0428,Low,0.401,No,0,-3.4291,-0.0125,8.8562,0.5524,0.0094,2.0825,3.2658,-3.732,4.9,0.3894
U0957,2008-09-20 15:19:00,2008-09-20,2008-09-15,2008-09,Saturday,15,Morning (08-16),Pass,0,16,0.0665,Low,0.4327,Yes,0,-2.1709,-0.0111,8.6611,0.8349,,,4.197,-2.647,6.06,0.4191
U0958,2008-09-20 15:37:00,2008-09-20,2008-09-15,2008-09,Saturday,15,Morning (08-16),Pass,0,8,0.0893,Low,0.3932,No,0,-5.9573,-0.012,8.3663,0.8349,0.0508,10.9298,5.1833,-2.647,8.1,0.4084
U0959,2008-09-20 15:46:00,2008-09-20,2008-09-15,2008-09,Saturday,15,Morning (08-16),Pass,0,24,0.0469,Low,0.3877,No,0,-1.0464,-0.013,8.9562,0.5524,0.0187,4.0598,4.9448,-3.732,7.69,0.3885
U0960,2008-09-20 16:43:00,2008-09-20,2008-09-15,2008-09,Saturday,16,Evening (16-24),Pass,0,20,0.0502,Low,0.3915,No,0,4.2391,-0.0133,8.9833,0.5949,,,5.8338,-3.591,9.04,1.1538
U0961,2008-09-20 16:44:00,2008-09-20,2008-09-15,2008-09,Saturday,16,Evening (16-24),Pass,0,24,0.0563,Low,0.4258,No,0,-1.6873,-0.0113,8.7779,0.5949,0.026,5.6703,4.1093,-3.591,6.02,1.148
U0962,2008-09-20 17:26:00,2008-09-20,2008-09-15,2008-09,Saturday,17,Evening (16-24),Pass,0,32,0.0543,Low,0.3999,No,0,1.0145,-0.0114,8.7073,0.5949,,,3.6118,-3.591,5.42,1.047
U0963,2008-09-20 17:29:00,2008-09-20,2008-09-15,2008-09,Saturday,17,Evening (16-24),Pass,0,8,0.0398,Low,0.4049,No,0,-0.8727,-0.0113,8.6149,0.5949,0.0209,4.5499,4.3145,-3.591,6.39,0.5938
U0964,2008-09-20 18:03:00,2008-09-20,2008-09-15,2008-09,Saturday,18,Evening (16-24),Pass,0,24,0.0497,Low,0.4004,No,0,-4.2364,-0.013,8.7401,0.8349,0.0174,3.8127,3.5871,-2.647,5.52,0.3224
U0965,2008-09-20 18:21:00,2008-09-20,2008-09-15,2008-09,Saturday,18,Evening (16-24),Pass,0,20,0.0519,Low,0.4165,No,0,-5.1391,-0.0109,9.2016,0.5708,0.0365,7.9714,4.3478,-3.779,6.46,0.2581
U0966,2008-09-20 18:56:00,2008-09-20,2008-09-15,2008-09,Saturday,18,Evening (16-24),Pass,0,12,0.0374,Low,0.4061,No,0,1.54,-0.0101,9.0639,0.5708,0.0138,3.0301,5.5782,-3.779,8.65,0.3388
U0967,2008-09-20 19:14:00,2008-09-20,2008-09-15,2008-09,Saturday,19,Evening (16-24),Pass,0,28,0.0875,Low,0.3997,No,0,0.1082,-0.0114,9.2016,0.5524,,,8.686,-3.732,12.76,0.4147
U0968,2008-09-20 19:21:00,2008-09-20,2008-09-15,2008-09,Saturday,19,Evening (16-24),Pass,0,16,0.0471,Low,0.3904,No,0,-1.67,-0.0104,8.9833,0.5949,,,6.8634,-3.591,10.55,0.5134
U0969,2008-09-20 23:34:00,2008-09-20,2008-09-15,2008-09,Saturday,23,Evening (16-24),Pass,0,31,0.0442,Low,0.3869,No,0,-4.89,-0.0122,8.8078,0.5708,0.0224,4.8546,2.9432,-3.779,4.29,0.2949
U0970,2008-09-21 00:48:00,2008-09-21,2008-09-15,2008-09,Sunday,0,Night (00-08),Pass,0,12,0.0346,Low,0.4132,No,0,-6.5282,-0.011,8.1166,0.5949,0.0277,6.0418,3.8322,-3.591,5.59,0.4872
U0971,2008-09-21 01:06:00,2008-09-21,2008-09-15,2008-09,Sunday,1,Night (00-08),Pass,0,20,0.1164,Medium,0.3988,No,0,7.03,-0.0125,8.6068,0.8349,0.0523,11.2894,6.4358,-2.647,9.74,0.4182
U0972,2008-09-21 02:07:00,2008-09-21,2008-09-15,2008-09,Sunday,2,Night (00-08),Pass,0,32,0.0297,Low,0.4081,No,0,-2.6355,-0.0103,9.0606,0.5708,0.0171,3.7182,6.1127,-3.779,8.98,0.2519
U0973,2008-09-21 03:04:00,2008-09-21,2008-09-15,2008-09,Sunday,3,Night (00-08),Pass,0,24,0.0547,Low,0.3946,No,0,1.3936,-0.0111,9.6136,0.8349,0.0236,5.1542,6.4565,-2.647,9.82,0.2175
U0974,2008-09-21 03:47:00,2008-09-21,2008-09-15,2008-09,Sunday,3,Night (00-08),Pass,0,8,0.0396,Low,0.3819,No,0,-3.7045,-0.0128,8.6695,0.5949,0.0179,3.9154,6.9715,-3.591,10.29,0.5101
U0975,2008-09-21 04:17:00,2008-09-21,2008-09-15,2008-09,Sunday,4,Night (00-08),Pass,0,20,0.0335,Low,0.4198,No,0,-0.45,-0.0107,8.7779,0.5708,,,5.1544,-3.779,7.37,0.2367
U0976,2008-09-21 04:49:00,2008-09-21,2008-09-15,2008-09,Sunday,4,Night (00-08),Pass,0,24,0.0294,Low,0.3893,No,0,-1.4564,-0.0124,9.0606,0.5708,0.0201,4.3595,3.5747,-3.779,5.33,0.2885
U0977,2008-09-21 07:30:00,2008-09-21,2008-09-15,2008-09,Sunday,7,Night (00-08),Pass,0,16,0.0417,Low,0.3947,No,0,-2.6364,-0.0098,8.8331,0.5882,,,3.7718,-3.591,5.71,0.3364
U0978,2008-09-21 07:55:00,2008-09-21,2008-09-15,2008-09,Sunday,7,Night (00-08),Pass,0,20,0.0513,Low,0.3931,No,0,3.9818,-0.0116,9.0776,0.8349,0.0193,4.2151,5.3483,-2.647,8.04,0.3618
U0979,2008-09-21 08:22:00,2008-09-21,2008-09-15,2008-09,Sunday,8,Morning (08-16),Pass,0,16,0.0386,Low,0.3802,No,0,-4.2327,-0.0096,8.8546,0.5882,,,7.7983,-3.591,11.51,0.4368
U0980,2008-09-21 08:49:00,2008-09-21,2008-09-15,2008-09,Sunday,8,Morning (08-16),Pass,0,16,0.0555,Low,0.3948,No,0,-0.8045,-0.0093,8.9979,0.5708,,,5.2201,-3.779,7.99,0.508
U0981,2008-09-21 09:16:00,2008-09-21,2008-09-15,2008-09,Sunday,9,Morning (08-16),Pass,0,16,0.0761,Low,0.3857,No,0,-0.0164,-0.0103,8.8548,0.5882,,,4.2753,-3.591,6.11,1.1338
U0982,2008-09-21 09:31:00,2008-09-21,2008-09-15,2008-09,Sunday,9,Morning (08-16),Pass,0,35,0.0469,Low,0.4235,No,0,0.7827,-0.0114,9.0425,0.5882,0.0563,11.9365,6.5144,-3.591,9.7,0.3736
U0983,2008-09-21 10:07:00,2008-09-21,2008-09-15,2008-09,Sunday,10,Morning (08-16),Pass,0,16,0.0356,Low,0.4232,No,0,-0.4409,-0.0118,8.3663,0.5882,,,6.1962,-3.591,8.97,0.4643
U0984,2008-09-21 10:49:00,2008-09-21,2008-09-15,2008-09,Sunday,10,Morning (08-16),Pass,0,12,0.0518,Low,0.3902,No,0,2.1136,-0.0095,8.3663,0.5882,0.0197,4.2907,7.4407,-3.591,10.77,1.1066
U0985,2008-09-21 11:33:00,2008-09-21,2008-09-15,2008-09,Sunday,11,Morning (08-16),Pass,0,12,0.0279,Low,0.405,No,1,-1.66,-0.0099,8.9191,0.5882,0.0183,3.9621,1.942,-3.591,2.9,0.5878
U0986,2008-09-21 12:04:00,2008-09-21,2008-09-15,2008-09,Sunday,12,Morning (08-16),Pass,0,20,0.0952,Low,0.4162,No,0,3.0982,-0.0126,8.8546,0.8349,0.0435,9.3272,4.8741,-2.647,7.05,0.5194
U0987,2008-09-21 14:30:00,2008-09-21,2008-09-15,2008-09,Sunday,14,Morning (08-16),Pass,0,16,0.035,Low,0.4025,No,0,1.4009,-0.0127,8.8581,0.5833,,,4.8971,-3.732,7.07,0.5939
U0988,2008-09-21 14:31:00,2008-09-21,2008-09-15,2008-09,Sunday,14,Morning (08-16),Pass,0,24,0.0409,Low,0.4199,No,0,1.1855,-0.0104,9.2016,0.5833,0.0303,6.6231,4.5385,-3.732,6.9,0.5956
U0989,2008-09-21 14:33:00,2008-09-21,2008-09-15,2008-09,Sunday,14,Morning (08-16),Pass,0,12,0.0431,Low,0.381,No,0,-2.6655,-0.0114,9.6136,0.5882,,,2.2386,-3.591,3.31,0.4046
U0990,2008-09-21 15:15:00,2008-09-21,2008-09-15,2008-09,Sunday,15,Morning (08-16),Pass,0,16,0.0415,Low,0.3914,No,0,-1.31,-0.0106,8.1161,0.5882,,,8.1214,-3.591,11.72,0.4264
U0991,2008-09-21 15:26:00,2008-09-21,2008-09-15,2008-09,Sunday,15,Morning (08-16),Pass,0,28,0.0606,Low,0.3908,No,0,-3.8836,-0.0102,9.2016,0.5833,,,6.528,-3.732,9.74,0.3987
U0992,2008-09-21 15:34:00,2008-09-21,2008-09-15,2008-09,Sunday,15,Morning (08-16),Pass,0,12,0.0212,Low,0.3895,No,0,-1.5945,-0.0117,8.9833,0.5882,,,7.0549,-3.591,11.01,1.1671
U0993,2008-09-21 16:43:00,2008-09-21,2008-09-15,2008-09,Sunday,16,Evening (16-24),Pass,0,32,0.0666,Low,0.4005,No,0,-1.7155,-0.0094,8.8519,0.5833,,,4.2076,-3.732,6.3,0.5532
U0994,2008-09-21 17:26:00,2008-09-21,2008-09-15,2008-09,Sunday,17,Evening (16-24),Pass,0,32,0.0569,Low,0.4019,No,0,-3.2882,-0.0105,8.7997,0.5833,,,4.5105,-3.732,6.66,0.4066
U0995,2008-09-21 17:30:00,2008-09-21,2008-09-15,2008-09,Sunday,17,Evening (16-24),Pass,0,16,0.0539,Low,0.4117,No,0,-2.9182,-0.0108,8.7779,0.5833,,,5.7046,-3.732,8.34,0.2206
U0996,2008-09-21 18:12:00,2008-09-21,2008-09-15,2008-09,Sunday,18,Evening (16-24),Pass,0,92,0.0595,Low,0.3845,No,0,,-0.0103,8.2981,0.8349,0.0126,2.7123,,-2.647,,0.2115
U0997,2008-09-21 19:19:00,2008-09-21,2008-09-15,2008-09,Sunday,19,Evening (16-24),Pass,0,32,0.0382,Low,0.4101,No,0,-3.0882,-0.01,8.7015,0.5833,,,6.6096,-3.732,10.05,0.5514
U0998,2008-09-21 20:35:00,2008-09-21,2008-09-15,2008-09,Sunday,20,Evening (16-24),Pass,0,12,0.0432,Low,0.3867,No,0,-0.0045,-0.0112,8.1161,0.5833,,,7.5303,-3.732,11.06,0.3799
U0999,2008-09-21 21:54:00,2008-09-21,2008-09-15,2008-09,Sunday,21,Evening (16-24),Pass,0,12,0.0731,Low,0.4238,No,1,-5.8564,-0.0039,8.6611,0.5833,0.0369,8.0774,4.6662,-3.732,6.98,0.5817
U1000,2008-09-21 22:02:00,2008-09-21,2008-09-15,2008-09,Sunday,22,Evening (16-24),Pass,0,24,0.0484,Low,0.4028,No,0,3.9673,-0.0117,9.0811,0.5833,0.017,3.6926,5.5115,-3.732,8.13,0.4837
U1001,2008-09-22 00:12:00,2008-09-22,2008-09-22,2008-09,Monday,0,Night (00-08),Pass,0,16,0.04,Low,0.3859,No,0,0.7,-0.0106,8.1161,0.6304,,,3.952,-3.543,5.88,0.2996
U1002,2008-09-22 00:28:00,2008-09-22,2008-09-22,2008-09,Monday,0,Night (00-08),Pass,0,28,0.0519,Low,0.3902,No,0,-6.6618,-0.0109,8.3591,0.6304,0.043,9.1954,5.7503,-3.543,9.07,0.4419
U1003,2008-09-22 00:47:00,2008-09-22,2008-09-22,2008-09,Monday,0,Night (00-08),Pass,0,28,0.0531,Low,0.398,No,0,2.6345,-0.0079,8.7932,0.6304,0.0216,4.6275,4.0633,-3.543,6.14,0.4527
U1004,2008-09-22 01:43:00,2008-09-22,2008-09-22,2008-09,Monday,1,Night (00-08),Pass,0,20,0.0328,Low,0.4121,No,0,-0.6327,-0.0122,8.8581,0.6304,,,3.0271,-3.543,4.51,0.3909
U1005,2008-09-22 03:51:00,2008-09-22,2008-09-22,2008-09,Monday,3,Night (00-08),Pass,0,28,0.0642,Low,0.3814,No,0,-5.8818,-0.0119,8.7373,0.6304,,,3.9671,-3.543,5.81,0.4138
U1006,2008-09-22 06:05:00,2008-09-22,2008-09-22,2008-09,Monday,6,Night (00-08),Pass,0,12,0.0791,Low,0.4039,No,0,-2.2636,-0.0103,8.7373,0.8145,0.0262,5.7009,3.5046,-2.93,5.09,0.4559
U1007,2008-09-22 07:12:00,2008-09-22,2008-09-22,2008-09,Monday,7,Night (00-08),Pass,0,20,0.0149,Low,0.3861,No,0,0.7382,-0.0118,8.1161,0.6304,,,5.8034,-3.543,8.41,0.4854
U1008,2008-09-22 10:43:00,2008-09-22,2008-09-22,2008-09,Monday,10,Morning (08-16),Pass,0,40,0.1148,Medium,0.3899,No,0,4.9082,-0.0127,8.8836,0.8201,,,3.0357,0.0,4.5,1.147
U1009,2008-09-22 11:50:00,2008-09-22,2008-09-22,2008-09,Monday,11,Morning (08-16),Pass,0,24,0.0707,Low,0.3979,No,0,-1.1764,-0.0103,9.1287,0.8145,,,2.9801,-2.93,4.35,1.1459
U1010,2008-09-22 12:11:00,2008-09-22,2008-09-22,2008-09,Monday,12,Morning (08-16),Pass,0,28,0.0674,Low,0.4112,No,0,-3.1182,-0.013,9.0606,0.8145,,,3.6399,-2.93,5.2,1.1694
U1011,2008-09-22 12:45:00,2008-09-22,2008-09-22,2008-09,Monday,12,Morning (08-16),Pass,0,12,0.0882,Low,0.3846,No,0,-2.5191,-0.0113,8.9833,0.8145,0.0629,13.398,7.4066,-2.93,10.48,0.366
U1012,2008-09-22 13:03:00,2008-09-22,2008-09-22,2008-09,Monday,13,Morning (08-16),Pass,0,36,0.0467,Low,0.3914,No,0,-0.9,-0.0085,9.1287,0.5482,,,4.7778,-3.166,7.11,0.3281
U1013,2008-09-22 14:24:00,2008-09-22,2008-09-22,2008-09,Monday,14,Morning (08-16),Pass,0,16,0.0553,Low,0.4093,No,0,2.23,-0.0085,8.7548,0.6304,,,2.0773,-3.543,3.12,0.4648
U1014,2008-09-22 14:27:00,2008-09-22,2008-09-22,2008-09,Monday,14,Morning (08-16),Pass,0,20,0.0552,Low,0.3953,No,0,-1.0909,-0.0037,8.9191,0.5482,,,5.7275,-3.166,8.59,0.7081
U1015,2008-09-22 14:36:00,2008-09-22,2008-09-22,2008-09,Monday,14,Morning (08-16),Pass,0,28,0.0582,Low,0.4147,No,0,-6.0845,-0.0098,9.4336,0.5793,,,5.4246,-3.449,8.07,0.3493
U1016,2008-09-22 16:25:00,2008-09-22,2008-09-22,2008-09,Monday,16,Evening (16-24),Pass,0,36,0.047,Low,0.3876,No,0,0.4382,-0.0123,9.1287,0.8145,,,5.5751,-2.93,7.92,0.6139
U1017,2008-09-22 21:30:00,2008-09-22,2008-09-22,2008-09,Monday,21,Evening (16-24),Pass,0,23,0.0382,Low,0.4101,No,0,2.6227,-0.0104,8.897,0.5793,,,4.3681,-3.449,6.63,0.3941
U1018,2008-09-22 21:31:00,2008-09-22,2008-09-22,2008-09,Monday,21,Evening (16-24),Pass,0,28,0.0473,Low,0.3811,No,0,-6.3391,-0.0113,8.9191,0.5793,0.0551,11.7413,2.5684,-3.449,3.91,0.211
U1019,2008-09-22 22:15:00,2008-09-22,2008-09-22,2008-09,Monday,22,Evening (16-24),Pass,0,28,0.0792,Low,0.4089,No,0,-2.67,-0.01,9.0639,0.5793,,,7.8399,-3.449,11.67,0.698
U1020,2008-09-22 22:17:00,2008-09-22,2008-09-22,2008-09,Monday,22,Evening (16-24),Pass,0,8,0.0661,Low,0.3832,No,0,-2.3891,-0.0114,8.9221,0.6304,0.0242,5.2465,5.9176,-3.543,8.61,0.9998
U1021,2008-09-22 23:01:00,2008-09-22,2008-09-22,2008-09,Monday,23,Evening (16-24),Pass,0,12,0.0358,Low,0.3915,No,0,-3.9218,-0.011,9.6136,0.7595,,,6.2586,-2.789,9.42,0.4145
U1022,2008-09-22 23:10:00,2008-09-22,2008-09-22,2008-09,Monday,23,Evening (16-24),Pass,0,12,0.077,Low,0.3892,No,0,-5.52,-0.0127,8.58,0.7595,,,3.7167,-2.789,5.4,1.2124
U1023,2008-09-23 00:57:00,2008-09-23,2008-09-22,2008-09,Tuesday,0,Night (00-08),Pass,0,20,0.0816,Low,0.396,No,0,-0.0636,-0.0106,8.9191,0.8145,,,10.0705,-2.93,15.35,1.1641
U1024,2008-09-23 06:44:00,2008-09-23,2008-09-22,2008-09,Tuesday,6,Night (00-08),Pass,0,12,0.038,Low,0.3833,No,0,-1.5991,-0.0112,8.5571,0.8145,,,6.0422,-2.93,9.2,0.3447
U1025,2008-09-23 06:44:00,2008-09-23,2008-09-22,2008-09,Tuesday,6,Night (00-08),Pass,0,20,0.0722,Low,0.4086,No,0,-2.2191,-0.0103,8.6544,0.7595,,,3.8687,-2.789,5.73,1.038
U1026,2008-09-23 06:52:00,2008-09-23,2008-09-22,2008-09,Tuesday,6,Night (00-08),Pass,0,24,0.0612,Low,0.4095,No,0,2.9864,-0.0136,9.0639,0.8253,,,5.9771,0.0,8.89,0.3699
U1027,2008-09-23 07:58:00,2008-09-23,2008-09-22,2008-09,Tuesday,7,Night (00-08),Pass,0,20,0.0738,Low,0.3908,No,0,0.2464,-0.0104,8.9191,0.8307,,,6.4316,-3.119,9.52,0.3414
U1028,2008-09-23 08:11:00,2008-09-23,2008-09-22,2008-09,Tuesday,8,Morning (08-16),Pass,0,16,0.0905,Low,0.3857,No,0,0.7136,-0.0126,8.1161,0.8307,,,4.1454,-3.119,5.95,0.3976
U1029,2008-09-23 09:43:00,2008-09-23,2008-09-22,2008-09,Tuesday,9,Morning (08-16),Pass,0,12,0.0956,Low,0.407,No,0,-3.9555,-0.0111,8.6772,0.8307,,,4.0088,-3.119,5.84,1.1879
U1030,2008-09-23 11:14:00,2008-09-23,2008-09-22,2008-09,Tuesday,11,Morning (08-16),Fail,1,28,0.0534,Low,0.4171,No,0,0.5609,-0.014,9.2016,0.6029,,,14.089,0.0,21.24,1.196
U1031,2008-09-23 11:42:00,2008-09-23,2008-09-22,2008-09,Tuesday,11,Morning (08-16),Pass,0,20,0.0469,Low,0.3857,No,0,-2.5682,-0.0117,8.6799,0.8046,,,3.2156,0.0946,4.75,0.2866
U1032,2008-09-23 11:43:00,2008-09-23,2008-09-22,2008-09,Tuesday,11,Morning (08-16),Pass,0,20,0.0622,Low,0.3976,No,0,-1.2991,-0.0146,8.9979,0.8046,,,3.3779,0.0946,4.97,0.5471
U1033,2008-09-23 12:29:00,2008-09-23,2008-09-22,2008-09,Tuesday,12,Morning (08-16),Pass,0,16,0.0675,Low,0.3869,No,0,-2.7282,-0.0129,9.0942,0.8046,0.0175,3.7987,2.8666,0.0946,4.24,0.2302
U1034,2008-09-23 12:31:00,2008-09-23,2008-09-22,2008-09,Tuesday,12,Morning (08-16),Pass,0,16,0.1119,Medium,0.4266,No,1,-5.4691,-0.0092,8.9132,0.8307,,,4.6156,-3.119,6.9,0.3888
U1035,2008-09-23 12:46:00,2008-09-23,2008-09-22,2008-09,Tuesday,12,Morning (08-16),Pass,0,28,0.072,Low,0.3942,No,0,-2.1,-0.0142,8.8546,0.8307,,,6.5737,-3.119,9.98,1.1993
U1036,2008-09-23 13:37:00,2008-09-23,2008-09-22,2008-09,Tuesday,13,Morning (08-16),Pass,0,16,0.0591,Low,0.3831,No,0,-1.9827,-0.0137,8.5862,0.8046,,,3.8989,0.0946,5.95,0.3746
U1037,2008-09-23 15:23:00,2008-09-23,2008-09-22,2008-09,Tuesday,15,Morning (08-16),Pass,0,28,0.0664,Low,0.4073,No,0,-1.0545,-0.0108,9.4336,0.8253,,,9.2151,0.0,14.15,0.4854
U1038,2008-09-23 15:33:00,2008-09-23,2008-09-22,2008-09,Tuesday,15,Morning (08-16),Pass,0,28,0.0535,Low,0.4208,No,0,-3.2055,-0.0132,8.5298,0.8253,,,5.6108,0.0,8.55,0.3465
U1039,2008-09-23 15:58:00,2008-09-23,2008-09-22,2008-09,Tuesday,15,Morning (08-16),Pass,0,31,0.0521,Low,0.412,No,0,1.4609,-0.0107,8.897,0.8046,,,5.8149,0.0946,8.87,0.574
U1040,2008-09-23 18:10:00,2008-09-23,2008-09-22,2008-09,Tuesday,18,Evening (16-24),Pass,0,28,0.0425,Low,0.4029,No,0,-3.1227,-0.0113,8.8581,0.7595,,,3.3196,-2.789,4.85,1.0617
U1041,2008-09-23 18:36:00,2008-09-23,2008-09-22,2008-09,Tuesday,18,Evening (16-24),Pass,0,32,0.0413,Low,0.409,No,0,-3.7509,-0.0086,8.8581,0.5042,,,3.369,-3.449,4.95,0.9898
U1042,2008-09-23 18:56:00,2008-09-23,2008-09-22,2008-09,Tuesday,18,Evening (16-24),Pass,0,20,0.0756,Low,0.384,No,0,-3.2945,-0.0101,8.8624,0.8145,,,5.854,-2.93,8.48,0.3987
U1043,2008-09-23 20:18:00,2008-09-23,2008-09-22,2008-09,Tuesday,20,Evening (16-24),Pass,0,28,0.073,Low,0.4033,No,0,-1.56,-0.0146,8.9979,0.5042,,,2.587,-3.449,3.86,0.3877
U1044,2008-09-23 20:59:00,2008-09-23,2008-09-22,2008-09,Tuesday,20,Evening (16-24),Pass,0,28,0.06,Low,0.3926,No,0,-1.0409,-0.012,9.0606,0.807,0.022,4.7352,4.9073,-2.364,7.32,0.3997
U1045,2008-09-23 21:26:00,2008-09-23,2008-09-22,2008-09,Tuesday,21,Evening (16-24),Pass,0,8,0.0411,Low,0.4028,No,0,-1.24,-0.0111,9.4336,0.7865,0.0186,4.0188,6.5927,-2.364,9.94,0.4336
U1046,2008-09-23 22:25:00,2008-09-23,2008-09-22,2008-09,Tuesday,22,Evening (16-24),Pass,0,12,0.0605,Low,0.3954,No,0,-4.4882,-0.0145,8.7548,0.807,0.0212,4.6687,4.3095,-2.364,6.45,0.4764
U1047,2008-09-24 02:19:00,2008-09-24,2008-09-22,2008-09,Wednesday,2,Night (00-08),Pass,0,20,0.0813,Low,0.3861,No,0,1.4409,-0.0121,8.8331,0.8253,,,5.942,0.0,8.77,0.422
U1048,2008-09-24 02:44:00,2008-09-24,2008-09-22,2008-09,Wednesday,2,Night (00-08),Pass,0,12,0.0923,Low,0.3907,No,0,-0.0509,-0.0094,8.7609,0.7948,,,3.5047,-3.779,5.21,0.3293
U1049,2008-09-24 03:32:00,2008-09-24,2008-09-22,2008-09,Wednesday,3,Night (00-08),Pass,0,20,0.0349,Low,0.4118,No,0,1.7318,-0.0098,8.6544,0.6304,,,3.7079,-3.543,5.62,0.4584
U1050,2008-09-24 03:40:00,2008-09-24,2008-09-22,2008-09,Wednesday,3,Night (00-08),Pass,0,31,0.1089,Medium,0.3892,No,0,-0.2436,-0.013,8.8078,0.8253,,,6.4864,0.0,9.82,0.3621
U1051,2008-09-24 05:13:00,2008-09-24,2008-09-22,2008-09,Wednesday,5,Night (00-08),Pass,0,16,0.0544,Low,0.4012,No,0,0.38,-0.0116,8.1161,0.6029,,,8.6495,0.0,12.73,1.268
U1052,2008-09-24 05:22:00,2008-09-24,2008-09-22,2008-09,Wednesday,5,Night (00-08),Pass,0,16,0.0774,Low,0.3868,No,0,-2.1409,-0.0126,8.7402,0.7948,,,4.4298,-3.779,6.62,0.2582
U1053,2008-09-24 06:13:00,2008-09-24,2008-09-22,2008-09,Wednesday,6,Night (00-08),Pass,0,20,0.0992,Medium,0.405,No,1,-2.0655,-0.0125,8.7609,0.8307,,,3.8622,-3.119,5.78,0.2364
U1054,2008-09-24 06:14:00,2008-09-24,2008-09-22,2008-09,Wednesday,6,Night (00-08),Pass,0,20,0.0931,Low,0.3963,No,1,-4.3955,-0.0185,13.5481,0.8307,,,5.4073,-3.119,8.13,0.4454
U1055,2008-09-24 07:23:00,2008-09-24,2008-09-22,2008-09,Wednesday,7,Night (00-08),Pass,0,92,0.0547,Low,0.4028,No,0,-1.9291,,8.9979,0.7865,,,4.0911,-2.364,6.14,0.4289
U1056,2008-09-24 10:10:00,2008-09-24,2008-09-22,2008-09,Wednesday,10,Morning (08-16),Pass,0,20,0.0818,Low,0.393,No,0,-4.6591,-0.013,8.8889,0.807,0.0198,4.2969,5.8666,-2.364,8.61,0.3843
U1057,2008-09-24 10:53:00,2008-09-24,2008-09-22,2008-09,Wednesday,10,Morning (08-16),Pass,0,12,0.0851,Low,0.4273,No,0,-0.5327,-0.0112,8.6611,0.8253,0.0216,4.6706,6.4537,0.0,9.28,0.4077
U1058,2008-09-24 10:59:00,2008-09-24,2008-09-22,2008-09,Wednesday,10,Morning (08-16),Pass,0,20,0.0542,Low,0.3788,No,0,-1.0827,-0.0133,8.598,0.7948,,,5.5896,-3.779,8.3,0.2984
U1059,2008-09-24 11:47:00,2008-09-24,2008-09-22,2008-09,Wednesday,11,Morning (08-16),Pass,0,24,0.0422,Low,0.3948,No,0,-0.3727,-0.0179,8.6074,0.7948,0.0213,4.5505,6.8759,-3.779,10.44,0.261
U1060,2008-09-24 12:04:00,2008-09-24,2008-09-22,2008-09,Wednesday,12,Morning (08-16),Pass,0,12,0.1163,Medium,0.397,No,0,-1.0473,-0.0131,9.4336,0.8253,,,4.6312,0.0,6.99,0.3407
U1061,2008-09-24 12:35:00,2008-09-24,2008-09-22,2008-09,Wednesday,12,Morning (08-16),Pass,0,16,0.0439,Low,0.3843,No,1,0.9736,-0.0139,13.5481,0.7865,,,5.374,-2.364,8.06,0.4175
U1062,2008-09-24 13:01:00,2008-09-24,2008-09-22,2008-09,Wednesday,13,Morning (08-16),Pass,0,12,0.0752,Low,0.3819,No,0,-3.9509,-0.0147,8.5735,0.8307,0.021,4.5042,4.1335,-3.119,6.14,1.1284
U1063,2008-09-24 15:05:00,2008-09-24,2008-09-22,2008-09,Wednesday,15,Morning (08-16),Fail,1,20,0.07,Low,0.394,No,0,1.0027,-0.0139,8.9132,0.8253,,,7.1443,0.0,10.4,0.3362
U1064,2008-09-24 15:39:00,2008-09-24,2008-09-22,2008-09,Wednesday,15,Morning (08-16),Pass,0,20,0.0876,Low,0.3902,No,0,2.8109,-0.0093,8.9132,0.8253,,,5.9339,0.0,8.8,0.368
U1065,2008-09-24 15:42:00,2008-09-24,2008-09-22,2008-09,Wednesday,15,Morning (08-16),Pass,0,28,0.0575,Low,0.4046,No,0,-3.6145,-0.0151,8.5298,0.7948,,,3.0022,-3.779,4.5,0.2434
U1066,2008-09-24 15:43:00,2008-09-24,2008-09-22,2008-09,Wednesday,15,Morning (08-16),Pass,0,8,0.1089,Medium,0.4116,No,0,-5.76,-0.0121,9.6136,0.8307,0.0207,4.53,3.5226,-3.119,5.19,1.1007
U1067,2008-09-24 16:26:00,2008-09-24,2008-09-22,2008-09,Wednesday,16,Evening (16-24),Pass,0,20,0.0582,Low,0.3873,No,0,-1.6109,-0.0069,8.4537,0.8568,0.0485,10.3001,5.824,-1.939,8.56,0.262
U1068,2008-09-24 17:54:00,2008-09-24,2008-09-22,2008-09,Wednesday,17,Evening (16-24),Pass,0,28,0.0733,Low,0.3846,No,0,2.32,-0.0131,8.7646,0.8145,,,4.7428,-2.93,6.81,1.0816
U1069,2008-09-24 18:05:00,2008-09-24,2008-09-22,2008-09,Wednesday,18,Evening (16-24),Pass,0,32,0.0642,Low,0.3885,No,0,-1.2491,-0.009,8.4537,0.8443,,,3.8315,-2.553,5.7,0.3738
U1070,2008-09-25 01:05:00,2008-09-25,2008-09-22,2008-09,Thursday,1,Night (00-08),Pass,0,16,0.0485,Low,0.439,Yes,0,0.1873,-0.0137,8.6544,0.8826,,,3.4793,-2.033,5.2,0.6247
U1071,2008-09-25 02:03:00,2008-09-25,2008-09-22,2008-09,Thursday,2,Night (00-08),Pass,0,20,0.0448,Low,0.3805,No,0,4.8791,-0.0103,8.942,0.8443,,,3.1537,-2.553,4.55,0.414
U1072,2008-09-25 06:21:00,2008-09-25,2008-09-22,2008-09,Thursday,6,Night (00-08),Pass,0,12,0.0226,Low,0.3885,No,0,-2.0209,-0.0126,8.4537,0.8238,0.0159,3.4491,2.5282,-3.072,3.66,0.2739
U1073,2008-09-25 07:12:00,2008-09-25,2008-09-22,2008-09,Thursday,7,Night (00-08),Pass,0,20,0.0336,Low,0.4028,No,1,-0.7391,-0.0114,13.5481,0.7932,,,5.1621,-2.505,7.92,0.4981
U1074,2008-09-25 07:58:00,2008-09-25,2008-09-22,2008-09,Thursday,7,Night (00-08),Pass,0,16,0.0324,Low,0.3934,No,0,-2.8727,-0.0141,8.58,0.8036,,,3.7156,-2.458,5.6,0.4116
U1075,2008-09-25 08:45:00,2008-09-25,2008-09-22,2008-09,Thursday,8,Morning (08-16),Pass,0,16,0.0408,Low,0.4121,No,0,2.6036,-0.009,8.942,0.8443,,,4.3881,-2.553,6.45,0.8
U1076,2008-09-25 09:31:00,2008-09-25,2008-09-22,2008-09,Thursday,9,Morning (08-16),Pass,0,40,0.0456,Low,0.4167,No,0,-5.9418,-0.0122,8.7779,0.8036,,,7.3721,-2.458,11.04,0.4955
U1077,2008-09-25 10:23:00,2008-09-25,2008-09-22,2008-09,Thursday,10,Morning (08-16),Pass,0,28,0.0667,Low,0.3998,No,0,-4.9891,-0.0137,8.8519,0.8443,0.02,4.3116,2.4393,-2.553,3.66,0.4437
U1078,2008-09-25 11:08:00,2008-09-25,2008-09-22,2008-09,Thursday,11,Morning (08-16),Pass,0,20,0.0579,Low,0.386,No,0,-2.9718,-0.013,8.8331,0.7696,,,2.9925,-2.6,4.45,0.3765
U1079,2008-09-25 11:09:00,2008-09-25,2008-09-22,2008-09,Thursday,11,Morning (08-16),Pass,0,8,0.0353,Low,0.3986,No,0,-0.9364,-0.0158,8.5851,0.7822,,,2.9235,-2.222,4.38,0.2558
U1080,2008-09-25 11:55:00,2008-09-25,2008-09-22,2008-09,Thursday,11,Morning (08-16),Pass,0,27,0.0747,Low,0.3911,No,0,1.1673,-0.0184,8.9154,0.8318,,,3.0408,-2.175,4.47,1.1488
U1081,2008-09-25 13:42:00,2008-09-25,2008-09-22,2008-09,Thursday,13,Morning (08-16),Pass,0,12,0.1085,Medium,0.3956,No,0,0.6009,-0.0094,8.8105,0.8318,,,4.5318,-2.175,6.63,1.0541
U1082,2008-09-25 14:08:00,2008-09-25,2008-09-22,2008-09,Thursday,14,Morning (08-16),Pass,0,24,0.0502,Low,0.402,No,0,2.6473,-0.0103,8.1166,0.8405,,,3.2434,-2.08,4.82,0.4239
U1083,2008-09-25 14:28:00,2008-09-25,2008-09-22,2008-09,Thursday,14,Morning (08-16),Pass,0,16,0.1153,Medium,0.3913,No,0,0.5364,-0.0132,8.7609,0.7696,,,4.1514,-2.6,6.08,0.4977
U1084,2008-09-25 15:12:00,2008-09-25,2008-09-22,2008-09,Thursday,15,Morning (08-16),Pass,0,16,0.0315,Low,0.4149,No,0,-2.5036,-0.0115,8.7383,0.7932,,,5.4421,-2.505,7.9,0.4269
U1085,2008-09-25 15:40:00,2008-09-25,2008-09-22,2008-09,Thursday,15,Morning (08-16),Pass,0,35,0.0584,Low,0.3984,No,0,-0.6327,-0.0119,8.8078,0.8405,,,5.515,-2.08,8.16,0.4231
U1086,2008-09-25 15:55:00,2008-09-25,2008-09-22,2008-09,Thursday,15,Morning (08-16),Pass,0,20,0.0603,Low,0.3928,No,0,0.77,-0.0115,8.8097,0.8443,,,3.9462,-2.553,5.73,0.683
U1087,2008-09-25 16:44:00,2008-09-25,2008-09-22,2008-09,Thursday,16,Evening (16-24),Pass,0,16,0.0414,Low,0.4198,No,0,-3.1818,-0.0157,8.6611,0.7932,,,2.9339,-2.505,4.35,0.281
U1088,2008-09-25 17:28:00,2008-09-25,2008-09-22,2008-09,Thursday,17,Evening (16-24),Pass,0,12,0.071,Low,0.3821,No,0,-0.8436,-0.0095,8.598,0.7932,,,6.6223,-2.505,9.84,0.3935
U1089,2008-09-25 17:29:00,2008-09-25,2008-09-22,2008-09,Thursday,17,Evening (16-24),Pass,0,16,0.0583,Low,0.3993,No,0,-2.2409,-0.0127,8.8562,0.8318,,,5.1201,-2.175,7.76,1.074
U1090,2008-09-25 19:49:00,2008-09-25,2008-09-22,2008-09,Thursday,19,Evening (16-24),Pass,0,28,0.0892,Low,0.4017,No,0,2.2982,-0.0138,8.6799,0.8318,,,4.252,-2.175,6.12,1.1117
U1091,2008-09-25 22:05:00,2008-09-25,2008-09-22,2008-09,Thursday,22,Evening (16-24),Pass,0,16,0.07,Low,0.3921,No,0,-3.1255,-0.0129,8.5862,0.8405,,,4.0177,-2.08,5.98,0.4081
U1092,2008-09-25 23:04:00,2008-09-25,2008-09-22,2008-09,Thursday,23,Evening (16-24),Pass,0,12,0.048,Low,0.4013,No,0,-1.1727,-0.0114,8.7646,0.8037,0.0515,11.1066,4.338,-2.647,6.64,0.4125
U1093,2008-09-25 23:48:00,2008-09-25,2008-09-22,2008-09,Thursday,23,Evening (16-24),Pass,0,16,0.1571,High,0.4189,No,0,1.2955,-0.0108,8.9818,0.8037,,,4.624,-2.647,7.19,0.4144
U1094,2008-09-26 00:19:00,2008-09-26,2008-09-22,2008-09,Friday,0,Night (00-08),Pass,0,12,0.088,Low,0.3922,No,0,-2.9727,-0.0122,9.0942,0.8037,,,5.8586,-2.647,9.05,0.4176
U1095,2008-09-26 01:21:00,2008-09-26,2008-09-22,2008-09,Friday,1,Night (00-08),Pass,0,16,0.1063,Medium,0.4246,No,0,4.3955,-0.0129,9.0942,0.8037,,,3.3263,-2.647,5.05,0.4496
U1096,2008-09-26 02:26:00,2008-09-26,2008-09-22,2008-09,Friday,2,Night (00-08),Pass,0,16,0.0712,Low,0.3937,No,0,-3.4964,-0.0113,8.7646,0.8037,0.0353,7.5566,6.2188,-2.647,9.6,0.452
U1097,2008-09-26 03:12:00,2008-09-26,2008-09-22,2008-09,Friday,3,Night (00-08),Pass,0,12,0.0316,Low,0.3888,No,0,-3.2155,-0.014,8.8597,0.809,,,2.7452,-3.025,3.99,0.3854
U1098,2008-09-26 03:29:00,2008-09-26,2008-09-22,2008-09,Friday,3,Night (00-08),Pass,0,16,0.0486,Low,0.3991,No,0,2.0282,-0.0144,8.6772,0.7932,,,6.4921,-2.505,9.98,0.2695
U1099,2008-09-26 04:14:00,2008-09-26,2008-09-22,2008-09,Friday,4,Night (00-08),Pass,0,28,0.0317,Low,0.3968,No,0,-3.6155,-0.0093,8.7383,0.825,0.0,0.0,2.9962,-2.317,4.27,0.4161
U1100,2008-09-26 05:32:00,2008-09-26,2008-09-22,2008-09,Friday,5,Night (00-08),Pass,0,20,0.0595,Low,0.3838,No,0,-4.1018,-0.0156,8.8097,0.7932,,,4.0088,-2.505,5.97,0.3445
U1101,2008-09-26 11:08:00,2008-09-26,2008-09-22,2008-09,Friday,11,Morning (08-16),Pass,0,12,0.034,Low,0.4119,No,0,0.1982,-0.0116,8.9818,0.8037,,,2.5177,-2.647,3.69,0.4269
U1102,2008-09-26 13:36:00,2008-09-26,2008-09-22,2008-09,Friday,13,Morning (08-16),Pass,0,16,0.0687,Low,0.3829,No,0,-5.9682,-0.0098,8.9132,0.8224,0.0146,3.1512,3.8774,-1.797,5.65,0.481
U1103,2008-09-26 13:45:00,2008-09-26,2008-09-22,2008-09,Friday,13,Morning (08-16),Pass,0,24,0.0688,Low,0.3872,No,0,-1.4409,-0.012,8.942,0.8318,0.0518,11.1269,2.5745,-2.175,3.87,0.4913
U1104,2008-09-26 14:20:00,2008-09-26,2008-09-22,2008-09,Friday,14,Morning (08-16),Pass,0,24,0.087,Low,0.3864,No,0,-2.6709,-0.0132,8.7932,0.8318,0.0247,5.3643,3.1113,-2.175,4.75,0.3631
U1105,2008-09-26 14:51:00,2008-09-26,2008-09-22,2008-09,Friday,14,Morning (08-16),Pass,0,20,0.0806,Low,0.4159,No,0,0.0327,-0.0121,8.8519,0.7932,0.0159,3.4785,2.5159,-2.505,3.78,0.421
U1106,2008-09-26 15:06:00,2008-09-26,2008-09-22,2008-09,Friday,15,Morning (08-16),Pass,0,20,0.08,Low,0.4108,No,0,1.7018,-0.0112,8.6472,0.7644,0.0233,5.079,4.1438,-2.458,5.97,0.4147
U1107,2008-09-26 15:36:00,2008-09-26,2008-09-22,2008-09,Friday,15,Morning (08-16),Pass,0,16,0.0568,Low,0.4112,No,1,-3.3455,-0.0095,13.5481,0.8238,,,5.7818,-3.072,8.61,0.4085
U1108,2008-09-26 15:49:00,2008-09-26,2008-09-22,2008-09,Friday,15,Morning (08-16),Pass,0,20,0.076,Low,0.3969,No,0,-2.4373,-0.0116,8.9979,0.7696,,,3.6829,-2.6,5.45,0.4139
U1109,2008-09-26 16:31:00,2008-09-26,2008-09-22,2008-09,Friday,16,Evening (16-24),Pass,0,16,0.0376,Low,0.3829,No,1,-6.0455,-0.0123,8.598,0.8224,,,3.5785,-1.797,5.2,0.3044
U1110,2008-09-26 17:59:00,2008-09-26,2008-09-22,2008-09,Friday,17,Evening (16-24),Pass,0,12,0.0906,Low,0.3824,No,0,-3.2255,-0.0139,8.598,0.7932,,,3.911,-2.505,5.58,0.4026
U1111,2008-09-26 18:54:00,2008-09-26,2008-09-22,2008-09,Friday,18,Evening (16-24),Pass,0,12,0.0802,Low,0.3974,No,0,-9.1,-0.0088,8.9857,0.8014,0.0136,2.9501,6.1557,-2.553,9.17,0.2878
U1112,2008-09-26 19:38:00,2008-09-26,2008-09-22,2008-09,Friday,19,Evening (16-24),Pass,0,12,0.0537,Low,0.3956,No,0,2.2727,-0.0172,8.3159,0.8525,0.03,6.4633,5.0108,-2.6,7.28,0.277
U1113,2008-09-26 19:45:00,2008-09-26,2008-09-22,2008-09,Friday,19,Evening (16-24),Pass,0,12,0.0404,Low,0.432,Yes,0,-0.9536,-0.0128,8.1166,0.809,,,4.7569,-3.025,7.06,0.557
U1114,2008-09-26 19:55:00,2008-09-26,2008-09-22,2008-09,Friday,19,Evening (16-24),Pass,0,12,0.0653,Low,0.3975,No,0,-2.5027,-0.0092,8.8562,0.7696,0.0269,5.7857,4.6539,-2.6,6.96,0.4216
U1115,2008-09-26 20:23:00,2008-09-26,2008-09-22,2008-09,Friday,20,Evening (16-24),Pass,0,12,0.0795,Low,0.4051,No,0,-3.8791,-0.0109,8.9857,0.8014,,,5.1665,-2.553,7.82,0.4101
U1116,2008-09-26 20:31:00,2008-09-26,2008-09-22,2008-09,Friday,20,Evening (16-24),Pass,0,16,0.068,Low,0.3945,No,0,-6.6409,-0.0143,9.4336,0.809,,,2.9266,-3.025,4.46,0.4563
U1117,2008-09-27 00:16:00,2008-09-27,2008-09-22,2008-09,Saturday,0,Night (00-08),Pass,0,12,0.071,Low,0.3943,No,0,-5.6945,-0.0121,8.8331,0.8568,,,3.8017,-1.939,5.57,0.3594
U1118,2008-09-27 00:17:00,2008-09-27,2008-09-22,2008-09,Saturday,0,Night (00-08),Pass,0,32,0.0521,Low,0.3962,No,1,1.5927,-0.0115,9.0121,0.7932,,,3.3409,-2.505,4.84,0.3624
U1119,2008-09-27 01:29:00,2008-09-27,2008-09-22,2008-09,Saturday,1,Night (00-08),Pass,0,28,0.1196,Medium,0.3991,No,0,-2.5345,-0.0128,8.5862,0.8405,,,2.8331,-2.08,4.24,0.4485
U1120,2008-09-27 03:53:00,2008-09-27,2008-09-22,2008-09,Saturday,3,Night (00-08),Pass,0,12,0.0509,Low,0.388,No,0,-0.5955,-0.014,8.6799,0.8036,,,2.1151,-2.458,3.18,0.3679
U1121,2008-09-27 10:10:00,2008-09-27,2008-09-22,2008-09,Saturday,10,Morning (08-16),Pass,0,24,0.0331,Low,0.3994,No,1,-4.7818,-0.0114,8.8097,0.825,0.0267,5.7892,3.7689,-2.317,5.54,0.5469
U1122,2008-09-27 10:13:00,2008-09-27,2008-09-22,2008-09,Saturday,10,Morning (08-16),Pass,0,12,0.0718,Low,0.3945,No,1,1.63,-0.0114,8.324,0.8454,0.0,0.0,6.7438,-2.458,10.14,0.2661
U1123,2008-09-27 11:04:00,2008-09-27,2008-09-22,2008-09,Saturday,11,Morning (08-16),Pass,0,16,0.0429,Low,0.4056,No,0,-0.4109,-0.0138,8.7383,0.8238,,,4.7785,-3.072,6.9,0.7415
U1124,2008-09-27 11:45:00,2008-09-27,2008-09-22,2008-09,Saturday,11,Morning (08-16),Pass,0,32,0.0685,Low,0.4741,Yes,0,-2.9573,-0.0122,8.7779,0.7859,,,5.1967,-2.08,7.69,0.1959
U1125,2008-09-27 11:54:00,2008-09-27,2008-09-22,2008-09,Saturday,11,Morning (08-16),Pass,0,16,0.1424,Medium,0.453,Yes,1,-0.2136,-0.0019,8.9818,0.7651,,,4.141,-2.08,6.03,0.566
U1126,2008-09-27 12:26:00,2008-09-27,2008-09-22,2008-09,Saturday,12,Morning (08-16),Pass,0,16,0.0414,Low,0.3896,No,0,-1.6045,-0.0138,8.9818,0.809,,,3.8038,-3.025,5.65,0.4339
U1127,2008-09-27 12:28:00,2008-09-27,2008-09-22,2008-09,Saturday,12,Morning (08-16),Pass,0,28,0.0727,Low,0.3869,No,0,-0.0236,-0.0129,8.7383,0.7932,,,5.4204,-2.505,8.12,0.4001
U1128,2008-09-27 12:36:00,2008-09-27,2008-09-22,2008-09,Saturday,12,Morning (08-16),Pass,0,27,0.0491,Low,0.3994,No,0,-0.0882,-0.0118,8.9154,0.8238,,,3.3565,-3.072,5.03,0.4257
U1129,2008-09-27 13:14:00,2008-09-27,2008-09-22,2008-09,Saturday,13,Morning (08-16),Pass,0,28,0.0156,Low,0.3892,No,0,-0.5973,-0.0151,8.942,0.8036,0.0156,3.3442,3.816,-2.458,5.71,0.4659
U1130,2008-09-27 13:19:00,2008-09-27,2008-09-22,2008-09,Saturday,13,Morning (08-16),Pass,0,16,0.0867,Low,0.4149,No,0,-0.4682,-0.012,8.8105,0.8037,,,4.8846,-2.647,7.27,0.2877
U1131,2008-09-27 14:01:00,2008-09-27,2008-09-22,2008-09,Saturday,14,Morning (08-16),Pass,0,20,0.0532,Low,0.3808,No,1,-4.7991,-0.0132,8.8624,0.8568,,,3.1549,-1.939,4.67,0.3814
U1132,2008-09-27 14:05:00,2008-09-27,2008-09-22,2008-09,Saturday,14,Morning (08-16),Pass,0,20,0.0912,Low,0.4096,No,0,-0.0073,-0.0112,8.322,0.8454,,,6.7336,-2.458,10.03,0.3848
U1133,2008-09-27 14:46:00,2008-09-27,2008-09-22,2008-09,Saturday,14,Morning (08-16),Pass,0,12,0.0994,Medium,0.3828,No,0,-2.5436,-0.0131,8.8105,0.7651,0.0302,6.4961,5.4237,-2.08,8.22,0.5558
U1134,2008-09-27 15:09:00,2008-09-27,2008-09-22,2008-09,Saturday,15,Morning (08-16),Pass,0,12,0.1132,Medium,0.3986,No,0,3.9982,-0.0103,8.6472,0.8454,0.0216,4.6936,4.4321,-2.458,6.58,0.3072
U1135,2008-09-27 15:30:00,2008-09-27,2008-09-22,2008-09,Saturday,15,Morning (08-16),Pass,0,12,0.0317,Low,0.4031,No,1,-0.5745,-0.0145,8.8546,0.8224,,,2.6894,-1.797,3.97,0.5161
U1136,2008-09-27 16:13:00,2008-09-27,2008-09-22,2008-09,Saturday,16,Evening (16-24),Pass,0,28,0.0817,Low,0.3986,No,0,-9.4318,-0.0116,8.8597,0.8318,,,5.5267,-2.175,8.28,0.4059
U1137,2008-09-27 17:26:00,2008-09-27,2008-09-22,2008-09,Saturday,17,Evening (16-24),Pass,0,8,0.0621,Low,0.4256,No,0,1.47,-0.0111,8.6544,0.7651,0.0138,3.0089,5.7143,-2.08,8.24,0.5644
U1138,2008-09-27 18:14:00,2008-09-27,2008-09-22,2008-09,Saturday,18,Evening (16-24),Pass,0,16,0.073,Low,0.3974,No,0,3.1645,-0.0103,8.9818,0.8525,,,3.11,-2.6,4.55,0.276
U1139,2008-09-27 19:16:00,2008-09-27,2008-09-22,2008-09,Saturday,19,Evening (16-24),Pass,0,32,0.0648,Low,0.4011,No,0,-0.8173,-0.0134,8.942,0.825,,,4.5853,-2.317,6.81,0.6415
U1140,2008-09-27 20:46:00,2008-09-27,2008-09-22,2008-09,Saturday,20,Evening (16-24),Pass,0,36,0.0676,Low,0.3954,No,0,4.1655,-0.0125,8.8889,0.809,,,3.9945,-3.025,5.93,0.3462
U1141,2008-09-27 21:45:00,2008-09-27,2008-09-22,2008-09,Saturday,21,Evening (16-24),Pass,0,52,0.0704,Low,0.3932,No,0,-4.15,-0.0085,8.7199,0.7696,,,3.8611,-2.6,5.72,0.5076
U1142,2008-09-28 00:51:00,2008-09-28,2008-09-22,2008-09,Sunday,0,Night (00-08),Pass,0,20,0.1043,Medium,0.408,No,0,3.2173,-0.0129,8.7597,0.8568,,,5.4916,-1.939,8.34,0.4034
U1143,2008-09-28 01:22:00,2008-09-28,2008-09-22,2008-09,Sunday,1,Night (00-08),Pass,0,16,0.0855,Low,0.4009,No,0,-2.9355,-0.0129,8.9979,0.8336,0.0203,4.3147,4.0987,-2.789,6.03,0.4181
U1144,2008-09-28 03:55:00,2008-09-28,2008-09-22,2008-09,Sunday,3,Night (00-08),Pass,0,12,0.0271,Low,0.3954,No,0,-4.4927,-0.01,8.58,0.8014,0.0162,3.5462,4.5795,-2.553,6.78,0.2898
U1145,2008-09-28 04:45:00,2008-09-28,2008-09-22,2008-09,Sunday,4,Night (00-08),Fail,1,16,0.0836,Low,0.436,Yes,0,-5.3318,-0.0116,8.9818,0.7651,,,3.9171,-2.08,5.71,0.543
U1146,2008-09-28 05:31:00,2008-09-28,2008-09-22,2008-09,Sunday,5,Night (00-08),Pass,0,28,0.0716,Low,0.4116,No,0,-0.2627,-0.0115,8.8424,0.8454,,,2.7083,-2.458,4.09,0.3057
U1147,2008-09-28 06:22:00,2008-09-28,2008-09-22,2008-09,Sunday,6,Night (00-08),Pass,0,12,0.076,Low,0.4029,No,0,-4.8382,-0.0092,8.9857,0.7651,0.0326,6.9769,5.0567,-2.08,7.54,0.523
U1148,2008-09-28 07:38:00,2008-09-28,2008-09-22,2008-09,Sunday,7,Night (00-08),Pass,0,28,0.0884,Low,0.4194,No,0,-1.02,-0.0088,8.8356,0.7644,,,3.5486,-2.458,5.29,0.6975
U1149,2008-09-28 07:52:00,2008-09-28,2008-09-22,2008-09,Sunday,7,Night (00-08),Pass,0,16,0.0962,Low,0.3914,No,0,-0.5045,-0.0093,8.2776,0.8336,,,2.8381,-2.789,4.2,0.5356
U1150,2008-09-28 08:40:00,2008-09-28,2008-09-22,2008-09,Sunday,8,Morning (08-16),Pass,0,16,0.0787,Low,0.3936,No,0,-0.1545,-0.0164,8.8909,0.8343,0.0219,4.7976,4.319,0.0473,6.33,0.4462
U1151,2008-09-28 08:41:00,2008-09-28,2008-09-22,2008-09,Sunday,8,Morning (08-16),Pass,0,16,0.0807,Low,0.4188,No,0,-1.6864,-0.0148,8.0787,0.8238,,,5.5709,-3.072,8.47,0.5044
U1152,2008-09-28 09:50:00,2008-09-28,2008-09-22,2008-09,Sunday,9,Morning (08-16),Fail,1,20,0.0766,Low,0.4246,No,1,-0.8218,0.0062,9.0942,0.8336,,,2.3996,-2.789,3.63,0.452
U1153,2008-09-28 17:05:00,2008-09-28,2008-09-22,2008-09,Sunday,17,Evening (16-24),Pass,0,100,0.0472,Low,0.3815,No,0,1.6336,,8.942,0.8414,,,3.5061,-2.647,5.03,0.4725
U1154,2008-09-28 17:06:00,2008-09-28,2008-09-22,2008-09,Sunday,17,Evening (16-24),Pass,0,28,0.1331,Medium,0.3887,No,0,-1.4973,-0.0109,9.3868,0.8414,0.0496,10.6923,4.486,-2.647,6.76,0.5097
U1155,2008-09-28 17:49:00,2008-09-28,2008-09-22,2008-09,Sunday,17,Evening (16-24),Pass,0,20,0.0636,Low,0.395,No,0,4.0809,-0.0114,8.322,0.8529,,,3.2357,-1.986,4.87,0.2477
U1156,2008-09-28 17:55:00,2008-09-28,2008-09-22,2008-09,Sunday,17,Evening (16-24),Pass,0,16,0.0673,Low,0.3992,No,0,2.8464,-0.0088,8.9036,0.8414,,,6.913,-2.647,10.22,0.4362
U1157,2008-09-28 18:34:00,2008-09-28,2008-09-22,2008-09,Sunday,18,Evening (16-24),Pass,0,16,0.0571,Low,0.3962,No,0,3.6536,-0.0136,8.9191,0.8037,0.0302,6.5001,7.3859,-2.647,10.58,0.3973
U1158,2008-09-28 18:43:00,2008-09-28,2008-09-22,2008-09,Sunday,18,Evening (16-24),Pass,0,16,0.0997,Medium,0.4109,No,0,-1.4355,-0.0131,9.3181,0.8343,0.0,0.0,4.497,0.0473,6.66,0.212
U1159,2008-09-28 19:18:00,2008-09-28,2008-09-22,2008-09,Sunday,19,Evening (16-24),Pass,0,24,0.0598,Low,0.4029,No,0,-0.7155,-0.0109,8.6799,0.8343,0.0289,6.3209,2.1779,0.0473,3.19,0.1664
U1160,2008-09-28 19:29:00,2008-09-28,2008-09-22,2008-09,Sunday,19,Evening (16-24),Pass,0,24,0.0692,Low,0.4112,No,0,0.3209,-0.0101,8.2832,0.8336,,,3.7579,-2.789,5.72,0.4471
U1161,2008-09-28 20:02:00,2008-09-28,2008-09-22,2008-09,Sunday,20,Evening (16-24),Pass,0,20,0.0856,Low,0.394,No,0,-4.4109,-0.0101,8.6544,0.8014,,,3.706,-2.553,5.5,0.5288
U1162,2008-09-28 20:42:00,2008-09-28,2008-09-22,2008-09,Sunday,20,Evening (16-24),Pass,0,28,0.1129,Medium,0.4009,No,0,-5.7473,-0.0074,9.0942,0.8336,,,2.6227,-2.789,3.86,0.5409
U1163,2008-09-28 21:08:00,2008-09-28,2008-09-22,2008-09,Sunday,21,Evening (16-24),Pass,0,16,0.0423,Low,0.4025,No,0,-0.0945,-0.0147,8.8546,0.8036,,,4.0299,-2.458,6.0,0.5376
U1164,2008-09-28 21:27:00,2008-09-28,2008-09-22,2008-09,Sunday,21,Evening (16-24),Pass,0,16,0.0631,Low,0.396,No,0,2.0909,-0.0143,8.8909,0.8529,0.0186,3.9654,4.8154,-1.986,7.1,0.4869
U1165,2008-09-28 22:44:00,2008-09-28,2008-09-22,2008-09,Sunday,22,Evening (16-24),Pass,0,8,0.0417,Low,0.4043,No,0,-0.1464,-0.0118,8.662,0.8121,0.016,3.4358,4.58,-2.033,6.87,0.1744
U1166,2008-09-28 23:54:00,2008-09-28,2008-09-22,2008-09,Sunday,23,Evening (16-24),Pass,0,16,0.0733,Low,0.4077,No,0,1.1473,-0.017,8.2776,0.8414,,,5.5049,-2.647,8.25,0.1684
U1167,2008-09-29 02:06:00,2008-09-29,2008-09-29,2008-09,Monday,2,Night (00-08),Pass,0,28,0.0885,Low,0.3881,No,0,-1.9382,-0.0116,9.3181,0.8376,0.0185,4.0263,4.8264,-2.694,6.83,0.2199
U1168,2008-09-29 03:07:00,2008-09-29,2008-09-29,2008-09,Monday,3,Night (00-08),Pass,0,24,0.052,Low,0.4297,No,0,3.5436,-0.0143,8.8519,0.8121,0.0,0.0,4.3696,-2.033,6.56,0.2673
U1169,2008-09-29 03:50:00,2008-09-29,2008-09-29,2008-09,Monday,3,Night (00-08),Pass,0,12,0.0633,Low,0.3989,No,0,0.2073,-0.016,8.8597,0.8376,0.0,0.0,3.9776,-2.694,5.79,1.1169
U1170,2008-09-29 04:18:00,2008-09-29,2008-09-29,2008-09,Monday,4,Night (00-08),Pass,0,24,0.0603,Low,0.4155,No,0,-0.1191,-0.0128,8.2832,0.8343,,,2.8254,0.0473,4.17,0.802
U1171,2008-09-29 04:47:00,2008-09-29,2008-09-29,2008-09,Monday,4,Night (00-08),Pass,0,8,0.0741,Low,0.3977,No,0,-1.8827,-0.0141,8.8909,0.8121,0.0186,4.0038,3.4658,-2.033,5.28,0.2085
U1172,2008-09-29 05:32:00,2008-09-29,2008-09-29,2008-09,Monday,5,Night (00-08),Pass,0,12,0.1254,Medium,0.3826,No,0,3.3882,-0.0093,9.7137,0.8336,0.0265,5.6947,3.9686,-2.789,5.79,0.5485
U1173,2008-09-29 07:53:00,2008-09-29,2008-09-29,2008-09,Monday,7,Night (00-08),Pass,0,12,0.0512,Low,0.3998,No,0,4.5382,-0.0147,8.135,0.8376,0.0235,5.0862,4.351,-2.694,6.59,0.4695
U1174,2008-09-29 09:15:00,2008-09-29,2008-09-29,2008-09,Monday,9,Morning (08-16),Pass,0,28,0.0585,Low,0.3934,No,0,0.4982,-0.0076,8.1161,0.812,0.0228,4.9964,7.2128,-1.655,10.61,0.3001
U1175,2008-09-29 11:13:00,2008-09-29,2008-09-29,2008-09,Monday,11,Morning (08-16),Pass,0,16,0.1262,Medium,0.4121,No,0,4.0736,-0.013,8.8105,0.8068,,,5.5816,0.0,8.34,0.5064
U1176,2008-09-29 11:53:00,2008-09-29,2008-09-29,2008-09,Monday,11,Morning (08-16),Pass,0,12,0.0589,Low,0.4042,No,1,1.4427,-0.0148,13.5481,0.81,0.0,0.0,4.9264,-2.222,7.56,0.4289
U1177,2008-09-29 12:25:00,2008-09-29,2008-09-29,2008-09,Monday,12,Morning (08-16),Pass,0,16,0.0545,Low,0.3915,No,0,1.0,-0.0145,8.6968,0.81,0.0165,3.5969,3.1456,-2.222,4.6,0.4863
U1178,2008-09-29 14:03:00,2008-09-29,2008-09-29,2008-09,Monday,14,Morning (08-16),Pass,0,8,0.0653,Low,0.4498,Yes,3,-0.95,-0.0127,8.662,0.81,0.2932,184.3488,4.3441,-2.222,6.28,0.4186
U1179,2008-09-29 14:04:00,2008-09-29,2008-09-29,2008-09,Monday,14,Morning (08-16),Pass,0,12,0.0899,Low,0.3911,No,0,-2.2364,-0.0132,8.9857,0.8036,,,4.0483,-2.458,6.0,0.719
U1180,2008-09-29 14:08:00,2008-09-29,2008-09-29,2008-09,Monday,14,Morning (08-16),Pass,0,16,0.0423,Low,0.4015,No,0,1.2236,-0.0152,8.662,0.81,,,3.177,-2.222,4.64,0.4077
U1181,2008-09-29 15:09:00,2008-09-29,2008-09-29,2008-09,Monday,15,Morning (08-16),Pass,0,8,0.0899,Low,0.3909,No,0,1.3555,-0.0107,8.7782,0.7931,0.021,4.4904,4.8659,-2.128,7.53,0.9841
U1182,2008-09-29 15:16:00,2008-09-29,2008-09-29,2008-09,Monday,15,Morning (08-16),Pass,0,20,0.0433,Low,0.3944,No,0,0.59,-0.0129,8.4537,0.8121,0.0178,3.8922,2.3731,-2.033,3.47,0.4629
U1183,2008-09-29 16:27:00,2008-09-29,2008-09-29,2008-09,Monday,16,Evening (16-24),Pass,0,8,0.0518,Low,0.3912,No,0,4.5355,-0.012,8.0787,0.828,,,4.1739,-2.742,6.16,0.4549
U1184,2008-09-29 17:21:00,2008-09-29,2008-09-29,2008-09,Monday,17,Evening (16-24),Pass,0,8,0.0679,Low,0.4097,No,0,-2.3364,-0.0141,8.8355,0.8376,0.0209,4.5251,3.2527,-2.694,4.73,0.4409
U1185,2008-09-29 21:26:00,2008-09-29,2008-09-29,2008-09,Monday,21,Evening (16-24),Pass,0,12,0.074,Low,0.3895,No,0,-10.4455,-0.0097,8.6556,0.8201,0.014,3.0524,5.4725,-1.088,8.04,0.2138
U1186,2008-09-29 21:48:00,2008-09-29,2008-09-29,2008-09,Monday,21,Evening (16-24),Fail,1,16,0.041,Low,0.4022,No,0,-2.9491,-0.0144,8.7402,0.828,,,3.5892,-2.742,5.28,5.8658
U1187,2008-09-29 22:13:00,2008-09-29,2008-09-29,2008-09,Monday,22,Evening (16-24),Pass,0,24,0.0689,Low,0.4101,No,0,0.4782,-0.0114,8.3591,0.81,0.0169,3.6155,5.2546,-2.222,7.66,0.3952
U1188,2008-09-30 01:33:00,2008-09-30,2008-09-29,2008-09,Tuesday,1,Night (00-08),Pass,0,20,0.0877,Low,0.4013,No,0,1.4055,-0.0123,8.7597,0.8376,0.0161,3.5072,7.1475,-2.694,10.5,0.8267
U1189,2008-09-30 01:36:00,2008-09-30,2008-09-29,2008-09,Tuesday,1,Night (00-08),Pass,0,28,0.071,Low,0.4154,No,0,-7.0082,-0.0141,8.5298,0.8568,,,7.8141,-1.939,11.94,0.4233
U1190,2008-09-30 02:44:00,2008-09-30,2008-09-29,2008-09,Tuesday,2,Night (00-08),Fail,1,12,0.0267,Low,0.3938,No,0,1.9336,-0.0128,8.2776,0.828,0.0147,3.1799,3.6107,-2.742,5.29,1.2099
U1191,2008-09-30 04:01:00,2008-09-30,2008-09-29,2008-09,Tuesday,4,Night (00-08),Pass,0,28,0.0985,Low,0.4146,No,0,6.3491,-0.0084,8.8424,0.8285,,,3.6306,0.0473,5.53,0.2333
U1192,2008-09-30 04:42:00,2008-09-30,2008-09-29,2008-09,Tuesday,4,Night (00-08),Pass,0,12,0.1035,Medium,0.3947,No,0,6.2755,-0.013,8.5735,0.8121,0.0211,4.5615,3.2291,-2.033,4.79,0.4865
U1193,2008-09-30 08:44:00,2008-09-30,2008-09-29,2008-09,Tuesday,8,Morning (08-16),Pass,0,8,0.095,Low,0.3843,No,0,5.6364,-0.0131,8.9562,0.8068,0.0391,8.5961,2.7661,0.0,4.19,0.527
U1194,2008-09-30 12:31:00,2008-09-30,2008-09-29,2008-09,Tuesday,12,Morning (08-16),Pass,0,31,0.0524,Low,0.4027,No,0,-3.7791,-0.0097,8.8078,0.7696,0.0,0.0,3.574,-2.6,5.29,0.4487
U1195,2008-09-30 13:29:00,2008-09-30,2008-09-29,2008-09,Tuesday,13,Morning (08-16),Pass,0,16,0.0493,Low,0.4011,No,1,-1.9482,-0.0111,8.3159,0.828,,,5.7,-2.742,8.51,0.3947
U1196,2008-09-30 14:20:00,2008-09-30,2008-09-29,2008-09,Tuesday,14,Morning (08-16),Pass,0,12,0.1005,Medium,0.4178,No,0,1.3282,-0.0048,8.0787,0.8201,0.0691,14.7595,2.8024,-1.088,4.11,0.4248
U1197,2008-09-30 14:36:00,2008-09-30,2008-09-29,2008-09,Tuesday,14,Morning (08-16),Pass,0,12,0.1118,Medium,0.4032,No,0,0.1536,-0.0125,9.4336,0.7696,,,7.5974,-2.6,11.65,0.4799
U1198,2008-09-30 15:16:00,2008-09-30,2008-09-29,2008-09,Tuesday,15,Morning (08-16),Pass,0,19,0.0211,Low,0.4075,No,0,-1.3127,-0.0112,8.897,0.7931,0.019,4.1469,4.3131,-2.128,6.28,1.0925
U1199,2008-09-30 15:26:00,2008-09-30,2008-09-29,2008-09,Tuesday,15,Morning (08-16),Pass,0,16,0.0593,Low,0.3949,No,0,-1.86,-0.0099,8.322,0.8405,,,4.7955,-2.08,7.07,0.4699
U1200,2008-09-30 16:13:00,2008-09-30,2008-09-29,2008-09,Tuesday,16,Evening (16-24),Pass,0,8,0.0618,Low,0.4106,No,0,3.4318,-0.0134,8.0787,0.8336,0.0311,6.7908,5.2435,-2.789,7.89,2.0745
U1201,2008-09-30 16:50:00,2008-09-30,2008-09-29,2008-09,Tuesday,16,Evening (16-24),Pass,0,24,0.041,Low,0.3858,No,0,3.1764,-0.0084,8.1166,0.8343,0.0179,3.8743,4.0713,0.0473,6.08,0.3768
U1202,2008-09-30 17:27:00,2008-09-30,2008-09-29,2008-09,Tuesday,17,Evening (16-24),Pass,0,20,0.0577,Low,0.399,No,0,-2.3591,-0.0123,8.8424,0.8376,0.0173,3.768,5.7786,-2.694,8.72,0.7914
U1203,2008-09-30 19:17:00,2008-09-30,2008-09-29,2008-09,Tuesday,19,Evening (16-24),Pass,0,8,0.0593,Low,0.4002,No,0,2.3418,-0.0055,8.1166,0.828,,,5.5691,-2.742,8.19,0.4219
U1204,2008-09-30 19:17:00,2008-09-30,2008-09-29,2008-09,Tuesday,19,Evening (16-24),Pass,0,8,0.099,Low,0.4123,No,0,-6.0255,-0.0105,8.9857,0.8343,0.0219,4.7303,3.6401,0.0473,5.4,0.4815
U1205,2008-09-30 21:39:00,2008-09-30,2008-09-29,2008-09,Tuesday,21,Evening (16-24),Pass,0,16,0.113,Medium,0.3949,No,0,0.1973,-0.0089,8.8356,0.8336,,,5.9703,-2.789,9.12,0.4759
U1206,2008-09-30 21:42:00,2008-09-30,2008-09-29,2008-09,Tuesday,21,Evening (16-24),Pass,0,8,0.0539,Low,0.4051,No,0,2.0673,-0.0134,9.0639,0.8238,,,6.3906,-3.072,9.6,0.3426
U1207,2008-09-30 23:34:00,2008-09-30,2008-09-29,2008-09,Tuesday,23,Evening (16-24),Pass,0,76,0.1398,Medium,0.3909,No,0,,-0.0052,8.0787,0.8014,,,,-2.553,,0.3578
U1208,2008-09-30 23:58:00,2008-09-30,2008-09-29,2008-09,Tuesday,23,Evening (16-24),Pass,0,12,0.0553,Low,0.4057,No,0,0.2355,-0.0134,8.7782,0.8336,,,5.5748,-2.789,7.87,0.459
U1209,2008-10-01 00:20:00,2008-10-01,2008-09-29,2008-10,Wednesday,0,Night (00-08),Pass,0,4,0.0806,Low,0.4,No,0,-3.01,-0.0095,9.0639,0.825,,,2.7758,-2.317,4.16,0.2887
U1210,2008-10-01 01:11:00,2008-10-01,2008-09-29,2008-10,Wednesday,1,Night (00-08),Pass,0,24,0.0506,Low,0.3979,No,0,1.28,-0.0135,8.7782,0.8376,0.0306,6.5641,8.226,-2.694,12.04,0.7604
U1211,2008-10-01 02:53:00,2008-10-01,2008-09-29,2008-10,Wednesday,2,Night (00-08),Pass,0,16,0.1224,Medium,0.3948,No,0,2.2009,-0.01,8.8356,0.7931,,,3.977,-2.128,6.07,1.03
U1212,2008-10-01 05:56:00,2008-10-01,2008-09-29,2008-10,Wednesday,5,Night (00-08),Fail,1,28,0.0581,Low,0.3902,No,0,-3.0055,-0.0095,8.7597,0.8568,,,4.3632,-1.939,6.46,0.3949
U1213,2008-10-01 07:19:00,2008-10-01,2008-09-29,2008-10,Wednesday,7,Night (00-08),Pass,0,12,0.0607,Low,0.3836,No,0,-1.0982,-0.0097,8.2914,0.733,,,3.6475,-0.2365,5.25,0.284
U1214,2008-10-01 07:28:00,2008-10-01,2008-09-29,2008-10,Wednesday,7,Night (00-08),Pass,0,12,0.07,Low,0.3883,No,0,-2.0309,-0.0063,8.322,0.733,,,3.7989,-0.2365,5.4,0.2928
U1215,2008-10-01 08:15:00,2008-10-01,2008-09-29,2008-10,Wednesday,8,Morning (08-16),Pass,0,28,0.1072,Medium,0.4035,No,0,-6.6464,-0.009,8.8215,0.733,,,4.6056,-0.2365,6.96,0.3228
U1216,2008-10-01 09:15:00,2008-10-01,2008-09-29,2008-10,Wednesday,9,Morning (08-16),Pass,0,32,0.0612,Low,0.4102,No,0,-0.5455,-0.0088,8.8581,0.733,,,5.4201,-0.2365,7.82,0.1888
U1217,2008-10-01 09:16:00,2008-10-01,2008-09-29,2008-10,Wednesday,9,Morning (08-16),Pass,0,28,0.0986,Low,0.3987,No,0,-7.1518,-0.0085,8.7556,0.733,,,3.2322,-0.2365,4.86,0.2437
U1218,2008-10-01 14:22:00,2008-10-01,2008-09-29,2008-10,Wednesday,14,Morning (08-16),Pass,0,16,0.1257,Medium,0.4181,No,0,-6.3845,-0.0052,8.662,0.7672,0.0407,8.6862,5.1659,0.0,7.61,0.2375
U1219,2008-10-01 15:16:00,2008-10-01,2008-09-29,2008-10,Wednesday,15,Morning (08-16),Pass,0,32,0.1321,Medium,0.3874,No,0,-0.1545,-0.0056,9.4749,0.733,0.0184,3.9018,4.4263,-0.2365,6.5,0.2361
U1220,2008-10-01 16:43:00,2008-10-01,2008-09-29,2008-10,Wednesday,16,Evening (16-24),Pass,0,8,0.0774,Low,0.3846,No,0,-1.4327,-0.0126,8.7646,0.8238,0.0658,14.0359,3.8467,-3.072,5.79,1.2092
U1221,2008-10-01 19:57:00,2008-10-01,2008-09-29,2008-10,Wednesday,19,Evening (16-24),Pass,0,20,0.083,Low,0.3973,No,0,-5.65,-0.0102,8.8097,0.7672,0.0202,4.3313,3.7154,0.0,5.49,0.2471
U1222,2008-10-01 21:15:00,2008-10-01,2008-09-29,2008-10,Wednesday,21,Evening (16-24),Pass,0,20,0.1182,Medium,0.4093,No,0,0.6573,-0.0091,8.5298,0.7772,0.0212,4.5618,7.1117,0.2838,10.72,0.3642
U1223,2008-10-01 21:50:00,2008-10-01,2008-09-29,2008-10,Wednesday,21,Evening (16-24),Pass,0,16,0.1514,High,0.4021,No,0,-1.9727,-0.012,8.3808,0.7772,,,2.7865,0.2838,4.09,0.2746
U1224,2008-10-01 22:47:00,2008-10-01,2008-09-29,2008-10,Wednesday,22,Evening (16-24),Pass,0,16,0.0708,Low,0.4119,No,0,5.0691,-0.0111,8.7782,0.7772,,,2.7352,0.2838,4.13,0.5416
U1225,2008-10-01 23:34:00,2008-10-01,2008-09-29,2008-10,Wednesday,23,Evening (16-24),Pass,0,16,0.1115,Medium,0.3833,No,0,-0.5127,-0.0095,8.7037,0.8435,,,4.7687,0.9934,7.09,0.4039
U1226,2008-10-02 00:21:00,2008-10-02,2008-09-29,2008-10,Thursday,0,Night (00-08),Pass,0,12,0.1596,High,0.3901,No,0,4.1591,-0.01,8.7402,0.8435,0.0261,5.7045,2.9657,0.9934,4.51,0.3712
U1227,2008-10-02 00:22:00,2008-10-02,2008-09-29,2008-10,Thursday,0,Night (00-08),Pass,0,12,0.1067,Medium,0.3975,No,0,3.1373,-0.0085,8.3808,0.8435,,,5.3052,0.9934,7.84,0.3608
U1228,2008-10-02 03:17:00,2008-10-02,2008-09-29,2008-10,Thursday,3,Night (00-08),Fail,1,20,0.1103,Medium,0.4033,No,1,3.8682,-0.0075,8.8356,0.7772,0.0238,5.2624,2.3751,0.2838,3.47,0.3412
U1229,2008-10-02 03:27:00,2008-10-02,2008-09-29,2008-10,Thursday,3,Night (00-08),Pass,0,16,0.1165,Medium,0.3992,No,0,-5.4145,-0.0087,8.8215,0.7284,,,8.1944,-0.1419,11.84,0.3942
U1230,2008-10-02 04:11:00,2008-10-02,2008-09-29,2008-10,Thursday,4,Night (00-08),Pass,0,16,0.0731,Low,0.3935,No,0,-0.6818,-0.0093,8.7646,0.7284,,,4.6431,-0.1419,6.79,0.3486
U1231,2008-10-02 04:23:00,2008-10-02,2008-09-29,2008-10,Thursday,4,Night (00-08),Pass,0,28,0.1077,Medium,0.4474,Yes,0,4.6891,-0.0088,8.8355,0.7284,,,6.0446,-0.1419,9.41,0.4913
U1232,2008-10-02 04:24:00,2008-10-02,2008-09-29,2008-10,Thursday,4,Night (00-08),Pass,0,20,0.056,Low,0.3943,No,0,0.7736,-0.0138,8.322,0.8435,,,7.4113,0.9934,10.91,0.2833
U1233,2008-10-02 06:49:00,2008-10-02,2008-09-29,2008-10,Thursday,6,Night (00-08),Pass,0,24,0.0725,Low,0.3995,No,0,-0.7109,-0.0139,8.7037,0.7772,0.015,3.2855,3.1153,0.2838,4.54,0.356
U1234,2008-10-02 07:35:00,2008-10-02,2008-09-29,2008-10,Thursday,7,Night (00-08),Pass,0,35,0.1174,Medium,0.404,No,0,3.1527,-0.0076,8.897,0.7284,,,5.1688,-0.1419,7.56,0.5714
U1235,2008-10-02 07:58:00,2008-10-02,2008-09-29,2008-10,Thursday,7,Night (00-08),Pass,0,68,0.1518,High,0.407,No,0,,-0.0109,8.662,0.7772,,,,0.2838,,0.5149
U1236,2008-10-02 08:24:00,2008-10-02,2008-09-29,2008-10,Thursday,8,Morning (08-16),Pass,0,20,0.0942,Low,0.3952,No,0,-3.8864,-0.0084,8.2776,0.7304,0.0246,5.4307,3.9177,1.513,5.69,0.256
U1237,2008-10-02 08:52:00,2008-10-02,2008-09-29,2008-10,Thursday,8,Morning (08-16),Pass,0,12,0.0635,Low,0.4029,No,0,-6.8764,-0.007,8.6556,0.7284,,,4.0285,-0.1419,6.2,0.5753
U1238,2008-10-02 08:57:00,2008-10-02,2008-09-29,2008-10,Thursday,8,Morning (08-16),Pass,0,32,0.0987,Low,0.4149,No,0,-0.3955,-0.0071,8.7326,0.7284,,,5.28,-0.1419,7.82,0.4264
U1239,2008-10-02 09:10:00,2008-10-02,2008-09-29,2008-10,Thursday,9,Morning (08-16),Fail,1,8,0.0586,Low,0.4174,No,0,0.1364,-0.0098,8.8356,0.8435,,,4.6148,0.9934,7.16,0.3921
U1240,2008-10-02 09:42:00,2008-10-02,2008-09-29,2008-10,Thursday,9,Morning (08-16),Pass,0,16,0.1013,Medium,0.3894,No,0,0.5536,-0.0085,9.1141,0.7284,0.0206,4.4754,3.1414,-0.1419,4.57,0.308
U1241,2008-10-02 10:03:00,2008-10-02,2008-09-29,2008-10,Thursday,10,Morning (08-16),Pass,0,24,0.106,Medium,0.4043,No,0,3.2573,-0.0056,8.9979,0.7284,0.0251,5.3928,2.991,-0.1419,4.33,0.2918
U1242,2008-10-02 14:07:00,2008-10-02,2008-09-29,2008-10,Thursday,14,Morning (08-16),Fail,1,16,0.0361,Low,0.3903,No,0,0.8527,-0.0126,9.3868,0.8435,,,5.5495,0.9934,8.36,0.3105
U1243,2008-10-02 14:10:00,2008-10-02,2008-09-29,2008-10,Thursday,14,Morning (08-16),Fail,1,20,0.1727,High,0.421,No,1,-5.7091,-0.0057,8.8105,0.7772,,,5.605,0.2838,7.91,0.47
U1244,2008-10-02 14:54:00,2008-10-02,2008-09-29,2008-10,Thursday,14,Morning (08-16),Pass,0,16,0.0801,Low,0.3838,No,0,3.0718,-0.0113,8.2914,0.821,,,6.275,1.419,9.16,0.3695
U1245,2008-10-02 15:10:00,2008-10-02,2008-09-29,2008-10,Thursday,15,Morning (08-16),Pass,0,12,0.1188,Medium,0.4043,No,0,4.9382,-0.0103,8.7037,0.821,,,4.6676,1.419,6.93,0.2625
U1246,2008-10-02 15:44:00,2008-10-02,2008-09-29,2008-10,Thursday,15,Morning (08-16),Pass,0,8,0.0637,Low,0.4251,No,0,2.8727,-0.0136,8.8355,0.8121,0.0183,3.9422,5.1336,-2.033,7.46,0.4338
U1247,2008-10-02 15:58:00,2008-10-02,2008-09-29,2008-10,Thursday,15,Morning (08-16),Pass,0,4,0.057,Low,0.3994,No,0,-0.63,-0.0114,8.8355,0.6778,0.0317,6.9836,2.9179,0.5204,4.23,0.25
U1248,2008-10-02 16:32:00,2008-10-02,2008-09-29,2008-10,Thursday,16,Evening (16-24),Pass,0,12,0.0375,Low,0.4132,No,0,-1.4355,-0.0119,9.7137,0.8557,0.0139,3.027,5.0005,1.419,7.29,0.1609
U1249,2008-10-02 16:58:00,2008-10-02,2008-09-29,2008-10,Thursday,16,Evening (16-24),Pass,0,16,0.1159,Medium,0.3922,No,0,3.7136,-0.0107,8.2345,0.821,,,3.787,1.419,5.48,0.6491
U1250,2008-10-02 17:00:00,2008-10-02,2008-09-29,2008-10,Thursday,17,Evening (16-24),Pass,0,16,0.0767,Low,0.4028,No,0,1.04,-0.0111,8.8355,0.821,0.017,3.7019,3.251,1.419,4.67,0.7734
U1251,2008-10-02 17:19:00,2008-10-02,2008-09-29,2008-10,Thursday,17,Evening (16-24),Pass,0,20,0.1461,Medium,0.4045,No,0,-3.0909,-0.0053,8.7556,0.7304,,,7.2454,1.513,10.27,0.4548
U1252,2008-10-02 19:21:00,2008-10-02,2008-09-29,2008-10,Thursday,19,Evening (16-24),Pass,0,12,0.0501,Low,0.3944,No,0,-1.41,-0.0129,9.534,0.821,,,4.9715,1.419,7.19,0.2891
U1253,2008-10-02 19:25:00,2008-10-02,2008-09-29,2008-10,Thursday,19,Evening (16-24),Pass,0,12,0.1265,Medium,0.4201,No,1,-0.0182,-0.0084,21.5944,0.7304,0.0141,3.0637,4.277,1.513,6.33,0.5441
U1254,2008-10-02 20:54:00,2008-10-02,2008-09-29,2008-10,Thursday,20,Evening (16-24),Pass,0,12,0.1357,Medium,0.3995,No,0,2.9282,-0.0086,9.534,0.6778,,,4.7353,0.5204,6.99,0.7795
U1255,2008-10-02 21:32:00,2008-10-02,2008-09-29,2008-10,Thursday,21,Evening (16-24),Fail,1,12,0.0591,Low,0.4204,No,0,3.8882,-0.009,8.7037,0.6778,0.0208,4.5273,3.9965,0.5204,6.18,0.8259
U1256,2008-10-02 21:33:00,2008-10-02,2008-09-29,2008-10,Thursday,21,Evening (16-24),Pass,0,12,0.0786,Low,0.4056,No,0,-3.5727,-0.0082,9.0447,0.6778,,,6.4423,0.5204,9.31,0.3003
U1257,2008-10-02 22:23:00,2008-10-02,2008-09-29,2008-10,Thursday,22,Evening (16-24),Pass,0,4,0.062,Low,0.4076,No,0,0.1627,-0.0093,8.6472,0.821,0.0233,5.0895,3.2662,1.419,4.89,0.5309
U1258,2008-10-02 22:33:00,2008-10-02,2008-09-29,2008-10,Thursday,22,Evening (16-24),Pass,0,16,0.1206,Medium,0.4447,Yes,0,1.7909,-0.0097,9.534,0.6778,,,5.1569,0.5204,7.74,0.7625
U1259,2008-10-02 23:32:00,2008-10-02,2008-09-29,2008-10,Thursday,23,Evening (16-24),Pass,0,16,0.0847,Low,0.3945,No,0,-2.4818,-0.0091,8.2914,0.6778,,,3.3746,0.5204,4.96,0.2369
U1260,2008-10-02 23:32:00,2008-10-02,2008-09-29,2008-10,Thursday,23,Evening (16-24),Pass,0,12,0.0641,Low,0.42,No,0,0.67,-0.0119,9.0402,0.7492,,,3.9365,-0.5204,5.88,0.2634
U1261,2008-10-03 00:24:00,2008-10-03,2008-09-29,2008-10,Friday,0,Night (00-08),Pass,0,16,0.0735,Low,0.432,No,0,1.7273,-0.0124,9.0402,0.7492,,,3.4184,-0.5204,5.09,0.2493
U1262,2008-10-03 00:55:00,2008-10-03,2008-09-29,2008-10,Friday,0,Night (00-08),Pass,0,12,0.0799,Low,0.4119,No,0,1.8609,-0.0092,8.8097,0.821,0.0219,4.7375,2.582,1.419,3.85,0.836
U1263,2008-10-03 02:41:00,2008-10-03,2008-09-29,2008-10,Friday,2,Night (00-08),Pass,0,28,0.1046,Medium,0.4101,No,0,2.5055,-0.0077,8.5298,0.6778,,,6.284,0.5204,9.49,0.8261
U1264,2008-10-03 03:52:00,2008-10-03,2008-09-29,2008-10,Friday,3,Night (00-08),Pass,0,12,0.0605,Low,0.3977,No,1,1.9764,-0.0138,13.5481,0.821,,,6.6172,1.419,9.58,0.3964
U1265,2008-10-03 03:56:00,2008-10-03,2008-09-29,2008-10,Friday,3,Night (00-08),Pass,0,12,0.1009,Medium,0.4067,No,0,3.3064,-0.0084,9.2064,0.8557,,,5.1124,1.419,7.58,0.3789
U1266,2008-10-03 04:49:00,2008-10-03,2008-09-29,2008-10,Friday,4,Night (00-08),Pass,0,16,0.0692,Low,0.4063,No,0,-2.1009,-0.0064,8.7556,0.8557,,,4.1239,1.419,6.07,0.7072
U1267,2008-10-03 05:01:00,2008-10-03,2008-09-29,2008-10,Friday,5,Night (00-08),Pass,0,20,0.0988,Low,0.4106,No,0,0.7864,-0.0084,8.8973,0.8557,,,5.0348,1.419,7.68,0.2533
U1268,2008-10-03 05:45:00,2008-10-03,2008-09-29,2008-10,Friday,5,Night (00-08),Pass,0,8,0.1208,Medium,0.4261,No,0,0.9573,-0.0093,8.8356,0.6778,,,5.5044,0.5204,8.32,0.2529
U1269,2008-10-03 06:15:00,2008-10-03,2008-09-29,2008-10,Friday,6,Night (00-08),Pass,0,12,0.0737,Low,0.4132,No,0,0.2236,-0.008,8.3808,0.6778,,,3.3124,0.5204,4.83,0.8781
U1270,2008-10-03 08:35:00,2008-10-03,2008-09-29,2008-10,Friday,8,Morning (08-16),Pass,0,16,0.0566,Low,0.404,No,0,3.4845,-0.013,9.0402,0.7573,,,3.5149,0.9461,5.16,0.4001
U1271,2008-10-03 09:30:00,2008-10-03,2008-09-29,2008-10,Friday,9,Morning (08-16),Pass,0,16,0.0642,Low,0.4046,No,0,-0.1891,-0.011,8.2914,0.7403,,,2.3933,-0.7569,3.5,0.2283
U1272,2008-10-03 11:40:00,2008-10-03,2008-09-29,2008-10,Friday,11,Morning (08-16),Pass,0,20,0.1252,Medium,0.3987,No,0,-5.55,-0.0078,8.8215,0.7403,,,2.4673,-0.7569,3.53,0.2156
U1273,2008-10-03 12:31:00,2008-10-03,2008-09-29,2008-10,Friday,12,Morning (08-16),Pass,0,20,0.1493,Medium,0.3969,No,0,0.7955,-0.0065,8.8909,0.7182,,,2.4776,-1.83,3.55,0.3308
U1274,2008-10-03 18:45:00,2008-10-03,2008-09-29,2008-10,Friday,18,Evening (16-24),Pass,0,28,0.06,Low,0.396,No,0,1.5036,-0.0136,8.3383,0.8346,,,3.5466,2.458,5.24,0.5468
U1275,2008-10-03 19:23:00,2008-10-03,2008-09-29,2008-10,Friday,19,Evening (16-24),Pass,0,32,0.0667,Low,0.4106,No,0,-0.3445,-0.0125,9.7137,0.8346,,,9.8065,2.458,14.5,0.3865
U1276,2008-10-03 19:23:00,2008-10-03,2008-09-29,2008-10,Friday,19,Evening (16-24),Pass,0,28,0.0742,Low,0.4053,No,0,-7.1427,-0.0108,8.3383,0.8346,,,4.0128,2.458,5.86,0.5795
U1277,2008-10-03 20:11:00,2008-10-03,2008-09-29,2008-10,Friday,20,Evening (16-24),Pass,0,28,0.0398,Low,0.4006,No,0,-4.72,-0.0116,8.3383,0.8346,,,5.7591,2.458,8.44,0.3962
U1278,2008-10-03 20:26:00,2008-10-03,2008-09-29,2008-10,Friday,20,Evening (16-24),Pass,0,24,0.0597,Low,0.4017,No,0,0.9427,-0.0114,8.3383,0.8346,,,4.6356,2.458,6.75,0.666
U1279,2008-10-03 20:35:00,2008-10-03,2008-09-29,2008-10,Friday,20,Evening (16-24),Pass,0,28,0.0988,Low,0.3939,No,0,1.8782,-0.0051,8.3159,0.8557,,,4.3128,1.419,6.47,0.2529
U1280,2008-10-03 20:46:00,2008-10-03,2008-09-29,2008-10,Friday,20,Evening (16-24),Pass,0,20,0.1219,Medium,0.4232,No,0,-3.3427,-0.0112,8.7556,0.7182,,,5.7178,-1.83,8.4,0.2376
U1281,2008-10-03 21:15:00,2008-10-03,2008-09-29,2008-10,Friday,21,Evening (16-24),Pass,0,20,0.2135,High,0.4109,No,0,0.6855,-0.0059,8.6556,0.7182,,,4.4256,-1.83,6.41,0.5747
U1282,2008-10-03 21:52:00,2008-10-03,2008-09-29,2008-10,Friday,21,Evening (16-24),Pass,0,16,0.0764,Low,0.4086,No,0,-3.6036,-0.0102,9.0447,0.7154,,,6.5672,-0.5204,9.63,0.4819
U1283,2008-10-03 22:08:00,2008-10-03,2008-09-29,2008-10,Friday,22,Evening (16-24),Pass,0,16,0.1021,Medium,0.3954,No,0,1.1991,-0.0084,8.2345,0.7182,,,4.6582,-1.83,6.76,0.5571
U1284,2008-10-03 22:53:00,2008-10-03,2008-09-29,2008-10,Friday,22,Evening (16-24),Pass,0,20,0.1032,Medium,0.4119,No,0,1.5882,-0.0097,8.6556,0.7573,,,5.4022,0.9461,7.96,0.49
U1285,2008-10-03 23:46:00,2008-10-03,2008-09-29,2008-10,Friday,23,Evening (16-24),Pass,0,20,0.1079,Medium,0.4025,No,0,-6.0636,-0.0079,8.9036,0.6814,,,4.5022,-0.5204,6.61,0.5427
U1286,2008-10-04 00:58:00,2008-10-04,2008-09-29,2008-10,Saturday,0,Night (00-08),Pass,0,20,0.072,Low,0.3984,No,0,2.5855,-0.0086,9.3868,0.7573,,,3.1843,0.9461,4.68,0.3201
U1287,2008-10-04 01:49:00,2008-10-04,2008-09-29,2008-10,Saturday,1,Night (00-08),Pass,0,16,0.0743,Low,0.4024,No,0,-1.8809,-0.0082,9.0744,0.6814,,,2.3399,-0.5204,3.4,0.6167
U1288,2008-10-04 02:36:00,2008-10-04,2008-09-29,2008-10,Saturday,2,Night (00-08),Pass,0,28,0.0425,Low,0.3843,No,0,-3.7773,-0.0112,8.3383,0.7131,,,2.2464,0.1419,3.36,0.4174
U1289,2008-10-04 03:53:00,2008-10-04,2008-09-29,2008-10,Saturday,3,Night (00-08),Pass,0,16,0.0437,Low,0.3825,No,0,-2.1464,-0.0137,8.3383,0.6812,,,2.6374,-0.9934,3.9,0.2642
U1290,2008-10-04 04:12:00,2008-10-04,2008-09-29,2008-10,Saturday,4,Night (00-08),Pass,0,16,0.0679,Low,0.4193,No,0,0.8045,-0.0096,8.9541,0.6814,,,7.4993,-0.5204,11.32,0.5669
U1291,2008-10-04 04:45:00,2008-10-04,2008-09-29,2008-10,Saturday,4,Night (00-08),Pass,0,28,0.0693,Low,0.3797,No,0,-1.3618,-0.0106,8.3383,0.6812,,,4.387,-0.9934,6.46,0.3004
U1292,2008-10-04 09:29:00,2008-10-04,2008-09-29,2008-10,Saturday,9,Morning (08-16),Pass,0,28,0.07,Low,0.4295,No,0,-3.1382,-0.0125,8.627,0.6812,,,3.4336,-0.9934,5.13,0.3195
U1293,2008-10-04 15:16:00,2008-10-04,2008-09-29,2008-10,Saturday,15,Morning (08-16),Pass,0,16,0.103,Medium,0.405,No,1,0.3245,-0.0092,8.8973,0.7573,,,8.9509,0.9461,12.8,0.4657
U1294,2008-10-04 16:58:00,2008-10-04,2008-09-29,2008-10,Saturday,16,Evening (16-24),Pass,0,16,0.0556,Low,0.4086,No,0,-9.7682,-0.0115,9.7137,0.7573,,,6.4163,0.9461,9.52,0.495
U1295,2008-10-04 18:15:00,2008-10-04,2008-09-29,2008-10,Saturday,18,Evening (16-24),Pass,0,16,0.1065,Medium,0.4122,No,0,2.6991,-0.011,8.1409,0.7182,,,6.2357,-1.83,8.88,0.341
U1296,2008-10-04 18:25:00,2008-10-04,2008-09-29,2008-10,Saturday,18,Evening (16-24),Pass,0,12,0.0629,Low,0.3962,No,0,-3.7073,-0.0095,9.1637,0.7131,0.0149,3.2285,3.3667,0.1419,4.9,0.5862
U1297,2008-10-04 18:59:00,2008-10-04,2008-09-29,2008-10,Saturday,18,Evening (16-24),Pass,0,16,0.078,Low,0.3945,No,0,-2.6564,-0.0083,9.0447,0.7154,,,2.3646,-0.5204,3.49,0.5614
U1298,2008-10-04 19:12:00,2008-10-04,2008-09-29,2008-10,Saturday,19,Evening (16-24),Pass,0,16,0.1115,Medium,0.4371,Yes,0,-7.87,-0.0086,8.7556,0.7573,,,6.0516,0.9461,8.9,0.4867
U1299,2008-10-04 19:47:00,2008-10-04,2008-09-29,2008-10,Saturday,19,Evening (16-24),Pass,0,28,0.0968,Low,0.4127,No,0,-1.99,-0.0093,9.534,0.7131,,,6.1495,0.1419,9.04,0.4039
U1300,2008-10-04 19:54:00,2008-10-04,2008-09-29,2008-10,Saturday,19,Evening (16-24),Pass,0,16,0.137,Medium,0.4011,No,0,-5.8855,-0.009,8.9541,0.7403,,,2.5985,-0.7569,3.78,0.2845
U1301,2008-10-04 20:39:00,2008-10-04,2008-09-29,2008-10,Saturday,20,Evening (16-24),Pass,0,12,0.0795,Low,0.3939,No,0,4.3618,-0.017,8.7646,0.7182,0.0164,3.4707,5.1653,-1.83,7.55,0.4917
U1302,2008-10-04 22:06:00,2008-10-04,2008-09-29,2008-10,Saturday,22,Evening (16-24),Pass,0,16,0.0823,Low,0.3844,No,0,-7.6655,-0.0148,8.6556,0.6812,,,4.0743,-0.9934,5.85,0.5232
U1303,2008-10-04 23:18:00,2008-10-04,2008-09-29,2008-10,Saturday,23,Evening (16-24),Fail,1,16,0.0931,Low,0.3948,No,0,1.1655,-0.0117,8.8105,0.7182,,,3.6022,-1.83,5.52,0.4638
U1304,2008-10-05 00:33:00,2008-10-05,2008-09-29,2008-10,Sunday,0,Night (00-08),Fail,1,16,0.0845,Low,0.4179,No,0,8.1455,-0.0114,8.7187,0.7403,,,3.4324,-0.7569,4.95,0.249
U1305,2008-10-05 00:33:00,2008-10-05,2008-09-29,2008-10,Sunday,0,Night (00-08),Pass,0,16,0.1323,Medium,0.4254,No,0,1.6482,-0.0077,8.8215,0.7131,,,4.3157,0.1419,6.13,0.5144
U1306,2008-10-05 01:35:00,2008-10-05,2008-09-29,2008-10,Sunday,1,Night (00-08),Pass,0,20,0.1041,Medium,0.3936,No,0,-1.4227,-0.0087,8.7326,0.7403,,,4.6557,-0.7569,6.83,0.6055
U1307,2008-10-05 04:01:00,2008-10-05,2008-09-29,2008-10,Sunday,4,Night (00-08),Pass,0,12,0.0728,Low,0.4083,No,0,0.0955,-0.0091,9.2064,0.7085,,,4.9375,-0.7569,7.38,0.2673
U1308,2008-10-05 04:20:00,2008-10-05,2008-09-29,2008-10,Sunday,4,Night (00-08),Pass,0,8,0.1263,Medium,0.427,No,0,7.1009,-0.0089,9.0744,0.6814,,,4.1801,-0.5204,6.07,0.9047
U1309,2008-10-05 04:48:00,2008-10-05,2008-09-29,2008-10,Sunday,4,Night (00-08),Pass,0,20,0.0629,Low,0.4252,No,0,1.5273,-0.0132,8.9036,0.7996,,,6.2217,0.2365,9.24,0.4223
U1310,2008-10-05 05:31:00,2008-10-05,2008-09-29,2008-10,Sunday,5,Night (00-08),Pass,0,12,0.0826,Low,0.4098,No,0,1.8582,-0.0093,8.5735,0.7085,0.0374,8.077,6.818,-0.7569,9.95,0.2822
U1311,2008-10-05 05:53:00,2008-10-05,2008-09-29,2008-10,Sunday,5,Night (00-08),Pass,0,28,0.0332,Low,0.4072,No,0,0.2336,-0.0117,8.6556,0.7996,,,4.2573,0.2365,6.39,0.3833
U1312,2008-10-05 06:15:00,2008-10-05,2008-09-29,2008-10,Sunday,6,Night (00-08),Pass,0,16,0.0742,Low,0.4203,No,0,1.0482,-0.0101,9.534,0.6814,,,3.7884,-0.5204,5.72,0.6286
U1313,2008-10-05 08:02:00,2008-10-05,2008-09-29,2008-10,Sunday,8,Morning (08-16),Pass,0,28,0.093,Low,0.4133,No,0,-1.03,-0.013,9.0402,0.7996,,,9.7229,0.2365,14.62,0.49
U1314,2008-10-05 08:40:00,2008-10-05,2008-09-29,2008-10,Sunday,8,Morning (08-16),Pass,0,32,0.13,Medium,0.3934,No,0,-1.0445,-0.0131,8.9036,0.7996,,,4.6415,0.2365,6.61,0.4479
U1315,2008-10-05 09:04:00,2008-10-05,2008-09-29,2008-10,Sunday,9,Morning (08-16),Pass,0,12,0.063,Low,0.4048,No,0,0.5982,-0.0105,9.2064,0.7996,,,3.1249,0.2365,4.58,0.5426
U1316,2008-10-05 09:47:00,2008-10-05,2008-09-29,2008-10,Sunday,9,Morning (08-16),Pass,0,32,0.0828,Low,0.3887,No,0,0.4264,-0.0104,8.7187,0.7003,,,3.7573,-0.8042,5.45,0.3825
U1317,2008-10-05 10:00:00,2008-10-05,2008-09-29,2008-10,Sunday,10,Morning (08-16),Pass,0,28,0.0607,Low,0.4024,No,0,1.3255,-0.0123,8.7646,0.7003,,,7.4533,-0.8042,11.1,0.3113
U1318,2008-10-05 10:43:00,2008-10-05,2008-09-29,2008-10,Sunday,10,Morning (08-16),Pass,0,8,0.0507,Low,0.397,No,0,-3.4191,-0.0095,8.2914,0.7131,,,4.1054,0.1419,5.93,0.3113
U1319,2008-10-05 11:05:00,2008-10-05,2008-09-29,2008-10,Sunday,11,Morning (08-16),Pass,0,28,0.0598,Low,0.3931,No,0,0.1773,-0.0126,8.7646,0.7003,,,6.3655,-0.8042,9.61,0.3623
U1320,2008-10-05 11:30:00,2008-10-05,2008-09-29,2008-10,Sunday,11,Morning (08-16),Pass,0,12,0.0602,Low,0.4124,No,0,-1.7336,-0.0098,9.1526,0.7154,,,3.454,-0.5204,4.99,0.4845
U1321,2008-10-05 12:03:00,2008-10-05,2008-09-29,2008-10,Sunday,12,Morning (08-16),Pass,0,20,0.1177,Medium,0.4338,Yes,0,-6.74,-0.0084,9.7137,0.7131,,,4.736,0.1419,7.3,0.526
U1322,2008-10-05 12:17:00,2008-10-05,2008-09-29,2008-10,Sunday,12,Morning (08-16),Pass,0,8,0.0647,Low,0.3887,No,0,-3.1927,-0.0088,8.4537,0.7131,0.0249,5.4355,3.0517,0.1419,4.4,0.3201
U1323,2008-10-05 13:49:00,2008-10-05,2008-09-29,2008-10,Sunday,13,Morning (08-16),Pass,0,12,0.0623,Low,0.3999,No,0,2.7927,-0.0091,8.2345,0.7003,,,3.9522,-0.8042,6.01,0.4482
U1324,2008-10-05 14:34:00,2008-10-05,2008-09-29,2008-10,Sunday,14,Morning (08-16),Pass,0,28,0.0987,Low,0.4064,No,0,3.64,-0.0127,9.2064,0.7003,,,4.9673,-0.8042,7.24,0.3927
U1325,2008-10-05 15:30:00,2008-10-05,2008-09-29,2008-10,Sunday,15,Morning (08-16),Fail,1,16,0.1001,Medium,0.4251,No,0,1.0691,-0.0084,8.9833,0.7492,0.0363,7.8392,4.55,-0.5204,6.62,0.6152
U1326,2008-10-05 15:35:00,2008-10-05,2008-09-29,2008-10,Sunday,15,Morning (08-16),Fail,1,20,0.0974,Low,0.3976,No,0,-1.8736,-0.0074,8.8973,0.821,,,4.2324,1.419,6.04,0.4671
U1327,2008-10-05 16:15:00,2008-10-05,2008-09-29,2008-10,Sunday,16,Evening (16-24),Pass,0,8,0.1726,High,0.4086,No,0,5.7309,-0.0086,9.534,0.7397,0.1143,25.6559,8.1035,-0.7569,11.7,0.2755
U1328,2008-10-05 16:37:00,2008-10-05,2008-09-29,2008-10,Sunday,16,Evening (16-24),Fail,1,16,0.0963,Low,0.3978,No,0,-4.0527,-0.0079,8.9036,0.8346,,,6.4994,2.458,9.52,0.3999
U1329,2008-10-05 16:49:00,2008-10-05,2008-09-29,2008-10,Sunday,16,Evening (16-24),Fail,1,20,0.1635,High,0.4094,No,0,-2.5418,-0.0055,8.8973,0.821,,,4.6392,1.419,6.94,0.237
U1330,2008-10-05 18:46:00,2008-10-05,2008-09-29,2008-10,Sunday,18,Evening (16-24),Fail,1,16,0.1006,Medium,0.4024,No,0,-6.6455,-0.0105,8.9036,0.7446,,,5.6033,0.0,8.12,1.0231
U1331,2008-10-05 18:59:00,2008-10-05,2008-09-29,2008-10,Sunday,18,Evening (16-24),Pass,0,28,0.0681,Low,0.3946,No,0,1.0518,-0.0119,9.0744,0.7003,,,5.0215,-0.8042,7.36,0.5434
U1332,2008-10-05 19:45:00,2008-10-05,2008-09-29,2008-10,Sunday,19,Evening (16-24),Pass,0,28,0.0885,Low,0.4157,No,0,-0.81,-0.0096,9.1526,0.7223,,,7.8785,-1.277,11.46,0.5757
U1333,2008-10-05 20:12:00,2008-10-05,2008-09-29,2008-10,Sunday,20,Evening (16-24),Pass,0,16,0.0677,Low,0.4002,No,0,-5.1491,-0.0089,9.1637,0.7223,0.0,0.0,6.2464,-1.277,9.2,0.5757
U1334,2008-10-05 20:30:00,2008-10-05,2008-09-29,2008-10,Sunday,20,Evening (16-24),Pass,0,24,0.0934,Low,0.4299,No,0,6.2636,-0.0109,9.7571,0.7223,,,8.6184,-1.277,12.96,0.553
U1335,2008-10-05 22:13:00,2008-10-05,2008-09-29,2008-10,Sunday,22,Evening (16-24),Pass,0,20,0.1001,Medium,0.3917,No,0,-4.8873,-0.0098,8.7609,0.7223,,,1.7904,-1.277,2.75,0.6028
U1336,2008-10-06 00:41:00,2008-10-06,2008-10-06,2008-10,Monday,0,Night (00-08),Pass,0,32,0.0347,Low,0.4151,No,0,-2.15,-0.0123,8.1409,0.7202,,,8.2545,-0.615,12.21,0.4996
U1337,2008-10-06 01:25:00,2008-10-06,2008-10-06,2008-10,Monday,1,Night (00-08),Pass,0,12,0.0803,Low,0.3906,No,0,-1.97,-0.0111,9.088,0.8137,,,2.8027,1.655,4.15,0.8071
U1338,2008-10-06 01:27:00,2008-10-06,2008-10-06,2008-10,Monday,1,Night (00-08),Pass,0,28,0.0516,Low,0.4219,No,0,0.7,-0.0102,9.088,0.7202,,,7.0696,-0.615,10.46,0.5011
U1339,2008-10-06 01:30:00,2008-10-06,2008-10-06,2008-10,Monday,1,Night (00-08),Pass,0,12,0.0613,Low,0.4082,No,0,-2.7136,-0.0129,9.6515,0.7223,,,6.015,-1.277,9.09,0.5468
U1340,2008-10-06 02:44:00,2008-10-06,2008-10-06,2008-10,Monday,2,Night (00-08),Pass,0,12,0.0611,Low,0.4032,No,0,-5.2427,-0.0118,8.8097,0.7202,,,8.0432,-0.615,11.65,0.3891
U1341,2008-10-06 02:49:00,2008-10-06,2008-10-06,2008-10,Monday,2,Night (00-08),Pass,0,16,0.1692,High,0.3994,No,0,-2.8055,-0.0113,9.6515,0.7202,,,5.1201,-0.615,7.46,0.4805
U1342,2008-10-06 03:31:00,2008-10-06,2008-10-06,2008-10,Monday,3,Night (00-08),Pass,0,20,0.0341,Low,0.3929,No,0,-4.6582,-0.0123,8.7326,0.7202,,,4.7022,-0.615,6.93,0.633
U1343,2008-10-06 03:50:00,2008-10-06,2008-10-06,2008-10,Monday,3,Night (00-08),Fail,1,20,0.0633,Low,0.3922,No,0,-1.1455,-0.0106,9.3181,0.7085,,,4.1182,-0.7569,6.0,0.1883
U1344,2008-10-06 03:57:00,2008-10-06,2008-10-06,2008-10,Monday,3,Night (00-08),Fail,1,20,0.1271,Medium,0.4298,No,0,3.1336,-0.0062,8.7556,0.7182,,,4.2996,-1.83,6.31,0.6107
U1345,2008-10-06 04:26:00,2008-10-06,2008-10-06,2008-10,Monday,4,Night (00-08),Pass,0,24,0.0644,Low,0.4099,No,0,3.6809,-0.0115,9.0744,0.8137,,,4.1813,1.655,6.26,0.8524
U1346,2008-10-06 05:21:00,2008-10-06,2008-10-06,2008-10,Monday,5,Night (00-08),Pass,0,16,0.0792,Low,0.3966,No,0,5.17,-0.0114,8.2061,0.7202,,,6.4886,-0.615,9.5,0.3222
U1347,2008-10-06 05:24:00,2008-10-06,2008-10-06,2008-10,Monday,5,Night (00-08),Pass,0,20,0.0789,Low,0.42,No,0,-1.2955,-0.0099,8.8215,0.7202,,,7.9285,-0.615,11.98,0.5485
U1348,2008-10-06 06:11:00,2008-10-06,2008-10-06,2008-10,Monday,6,Night (00-08),Pass,0,24,0.0602,Low,0.4191,No,0,3.8109,-0.0102,8.9605,0.7202,,,5.1132,-0.615,7.53,0.542
U1349,2008-10-06 06:26:00,2008-10-06,2008-10-06,2008-10,Monday,6,Night (00-08),Pass,0,32,0.0709,Low,0.385,No,0,2.0509,-0.0114,8.6556,0.7202,,,8.3516,-0.615,12.38,0.5324
U1350,2008-10-06 06:49:00,2008-10-06,2008-10-06,2008-10,Monday,6,Night (00-08),Pass,0,16,0.0342,Low,0.4151,No,0,0.6327,-0.0107,8.324,0.7612,,,5.3109,0.0,7.83,0.6592
U1351,2008-10-06 07:12:00,2008-10-06,2008-10-06,2008-10,Monday,7,Night (00-08),Pass,0,12,0.061,Low,0.3947,No,0,1.7036,-0.0115,9.088,0.7612,,,4.4746,0.0,6.7,0.744
U1352,2008-10-06 07:17:00,2008-10-06,2008-10-06,2008-10,Monday,7,Night (00-08),Pass,0,20,0.049,Low,0.4049,No,0,-1.7818,-0.0119,8.2061,0.8137,,,4.0694,1.655,6.02,0.7686
U1353,2008-10-06 07:35:00,2008-10-06,2008-10-06,2008-10,Monday,7,Night (00-08),Pass,0,20,0.0562,Low,0.3871,No,0,-2.2373,-0.0125,9.1637,0.7612,,,6.3223,0.0,9.32,0.5756
U1354,2008-10-06 07:38:00,2008-10-06,2008-10-06,2008-10,Monday,7,Night (00-08),Pass,0,16,0.0742,Low,0.4191,No,0,-4.9627,-0.0117,9.1526,0.8137,,,5.8746,1.655,8.87,0.7729
U1355,2008-10-06 08:24:00,2008-10-06,2008-10-06,2008-10,Monday,8,Morning (08-16),Pass,0,16,0.0336,Low,0.4215,No,0,-2.0327,-0.0124,9.1526,0.7189,,,4.8172,-1.229,7.01,0.2623
U1356,2008-10-06 08:57:00,2008-10-06,2008-10-06,2008-10,Monday,8,Morning (08-16),Pass,0,36,0.0447,Low,0.3885,No,0,-1.8709,-0.0114,9.1141,0.743,,,4.1828,0.0473,5.93,0.4276
U1357,2008-10-06 09:11:00,2008-10-06,2008-10-06,2008-10,Monday,9,Morning (08-16),Pass,0,24,0.0671,Low,0.415,No,0,3.7555,-0.0117,9.2064,0.8137,,,7.5153,1.655,10.92,0.6052
U1358,2008-10-06 09:57:00,2008-10-06,2008-10-06,2008-10,Monday,9,Morning (08-16),Pass,0,28,0.0801,Low,0.3946,No,0,-4.8609,-0.0115,9.6515,0.709,,,6.2351,-1.371,9.2,0.7905
U1359,2008-10-06 10:07:00,2008-10-06,2008-10-06,2008-10,Monday,10,Morning (08-16),Pass,0,24,0.0753,Low,0.4136,No,0,-0.1145,-0.01,8.8215,0.743,0.0219,4.7893,5.2041,0.0473,7.97,0.3579
U1360,2008-10-06 11:51:00,2008-10-06,2008-10-06,2008-10,Monday,11,Morning (08-16),Pass,0,16,0.0952,Low,0.3911,No,0,-3.9255,-0.0118,8.8973,0.7612,,,5.146,0.0,7.29,0.8492
U1361,2008-10-06 12:39:00,2008-10-06,2008-10-06,2008-10,Monday,12,Morning (08-16),Pass,0,20,0.1006,Medium,0.3839,No,0,-3.54,-0.0111,8.627,0.7612,,,4.8902,0.0,6.87,0.7861
U1362,2008-10-06 12:42:00,2008-10-06,2008-10-06,2008-10,Monday,12,Morning (08-16),Pass,0,20,0.0595,Low,0.413,No,0,-5.68,-0.0113,8.8215,0.743,,,8.4634,0.0473,12.4,0.4558
U1363,2008-10-06 13:08:00,2008-10-06,2008-10-06,2008-10,Monday,13,Morning (08-16),Pass,0,32,0.0712,Low,0.4164,No,0,2.4209,-0.0122,8.7786,0.743,,,4.2983,0.0473,6.46,0.367
U1364,2008-10-06 13:38:00,2008-10-06,2008-10-06,2008-10,Monday,13,Morning (08-16),Fail,1,16,0.0984,Low,0.3931,No,0,-0.3136,-0.011,9.0447,0.7772,,,9.1663,0.2838,13.1,0.485
U1365,2008-10-06 13:55:00,2008-10-06,2008-10-06,2008-10,Monday,13,Morning (08-16),Fail,1,20,0.1554,High,0.3971,No,0,-0.0345,-0.0064,9.3181,0.8557,,,7.1003,1.419,10.19,0.8523
U1366,2008-10-06 15:00:00,2008-10-06,2008-10-06,2008-10,Monday,15,Morning (08-16),Fail,1,12,0.0818,Low,0.416,No,0,-1.2164,-0.0108,9.6515,0.7202,,,10.9187,-0.615,15.44,0.4466
U1367,2008-10-06 15:01:00,2008-10-06,2008-10-06,2008-10,Monday,15,Morning (08-16),Pass,0,16,0.0824,Low,0.3918,No,0,1.8109,-0.0128,9.1141,0.6957,0.0351,7.5941,5.9964,0.0,9.07,0.6029
U1368,2008-10-06 15:52:00,2008-10-06,2008-10-06,2008-10,Monday,15,Morning (08-16),Pass,0,16,0.0687,Low,0.4023,No,0,1.2109,-0.0097,8.9818,0.6957,,,3.1765,0.0,4.73,0.5392
U1369,2008-10-06 16:42:00,2008-10-06,2008-10-06,2008-10,Monday,16,Evening (16-24),Pass,0,16,0.0432,Low,0.4046,No,0,-2.5945,-0.0121,9.6515,0.6957,,,3.3232,0.0,4.85,0.3126
U1370,2008-10-06 16:50:00,2008-10-06,2008-10-06,2008-10,Monday,16,Evening (16-24),Pass,0,20,0.0792,Low,0.3904,No,0,-2.91,-0.0126,8.8105,0.6957,,,2.7876,0.0,3.99,0.5931
U1371,2008-10-06 17:26:00,2008-10-06,2008-10-06,2008-10,Monday,17,Evening (16-24),Pass,0,20,0.0669,Low,0.4142,No,0,-3.2436,-0.0099,9.1637,0.7348,,,5.7353,-0.8042,8.62,0.5041
U1372,2008-10-06 17:26:00,2008-10-06,2008-10-06,2008-10,Monday,17,Evening (16-24),Pass,0,36,0.0455,Low,0.3938,No,0,-3.6345,-0.0109,8.9605,0.6957,,,4.6133,0.0,6.77,0.6058
U1373,2008-10-06 17:35:00,2008-10-06,2008-10-06,2008-10,Monday,17,Evening (16-24),Pass,0,24,0.049,Low,0.3936,No,0,-3.9927,-0.0106,8.2061,0.7348,,,2.5272,-0.8042,3.79,0.7377
U1374,2008-10-06 18:54:00,2008-10-06,2008-10-06,2008-10,Monday,18,Evening (16-24),Pass,0,20,0.0375,Low,0.4011,No,0,-2.3618,-0.0144,8.627,0.7348,,,4.0841,-0.8042,6.09,0.3543
U1375,2008-10-06 18:55:00,2008-10-06,2008-10-06,2008-10,Monday,18,Evening (16-24),Pass,0,28,0.0683,Low,0.4132,No,0,4.7282,-0.01,9.0447,0.6957,,,5.44,0.0,7.72,0.3145
U1376,2008-10-06 19:42:00,2008-10-06,2008-10-06,2008-10,Monday,19,Evening (16-24),Pass,0,20,0.0607,Low,0.3914,No,0,-3.1964,-0.0073,8.627,0.7348,,,4.4213,-0.8042,6.62,0.7466
U1377,2008-10-06 20:02:00,2008-10-06,2008-10-06,2008-10,Monday,20,Evening (16-24),Pass,0,16,0.0357,Low,0.401,No,0,-1.5036,-0.0117,9.7571,0.7348,,,2.8462,-0.8042,4.16,0.5215
U1378,2008-10-06 20:36:00,2008-10-06,2008-10-06,2008-10,Monday,20,Evening (16-24),Pass,0,12,0.0827,Low,0.3921,No,0,8.9964,-0.0124,9.1141,0.6676,0.0203,4.4113,7.364,-0.8988,10.59,0.3174
U1379,2008-10-06 20:47:00,2008-10-06,2008-10-06,2008-10,Monday,20,Evening (16-24),Pass,0,20,0.0837,Low,0.4082,No,0,-0.4109,-0.0109,9.534,0.6676,,,5.6724,-0.8988,8.24,0.4966
U1380,2008-10-06 21:46:00,2008-10-06,2008-10-06,2008-10,Monday,21,Evening (16-24),Pass,0,28,0.0796,Low,0.4146,No,0,-6.5027,-0.012,8.7286,0.6676,,,3.3019,-0.8988,4.81,0.4976
U1381,2008-10-06 21:48:00,2008-10-06,2008-10-06,2008-10,Monday,21,Evening (16-24),Pass,0,24,0.0272,Low,0.3969,No,0,-3.7673,-0.0112,8.3845,0.7348,,,5.8656,-0.8042,8.56,0.3155
U1382,2008-10-06 22:37:00,2008-10-06,2008-10-06,2008-10,Monday,22,Evening (16-24),Pass,0,8,0.061,Low,0.3963,No,0,3.3691,-0.0111,9.1637,0.6676,0.0274,5.9295,5.0427,-0.8988,7.33,0.7074
U1383,2008-10-06 23:03:00,2008-10-06,2008-10-06,2008-10,Monday,23,Evening (16-24),Pass,0,20,0.0802,Low,0.3991,No,0,1.3355,-0.0111,8.1409,0.7348,,,4.9672,-0.8042,7.35,0.355
U1384,2008-10-07 01:46:00,2008-10-07,2008-10-06,2008-10,Tuesday,1,Night (00-08),Pass,0,16,0.0546,Low,0.4198,No,0,-3.4327,-0.0122,9.088,0.6676,,,5.9723,-0.8988,8.31,0.3332
U1385,2008-10-07 03:29:00,2008-10-07,2008-10-06,2008-10,Tuesday,3,Night (00-08),Pass,0,16,0.0423,Low,0.43,No,0,-3.8691,-0.0082,8.9607,0.7348,,,5.1033,-0.8042,7.45,0.3656
U1386,2008-10-07 03:39:00,2008-10-07,2008-10-06,2008-10,Tuesday,3,Night (00-08),Pass,0,16,0.0508,Low,0.4141,No,0,4.9336,-0.0099,9.0744,0.6676,,,5.8227,-0.8988,8.32,0.4628
U1387,2008-10-07 07:32:00,2008-10-07,2008-10-06,2008-10,Tuesday,7,Night (00-08),Pass,0,16,0.0771,Low,0.3912,No,0,1.1891,-0.008,9.2064,0.7348,,,6.2608,-0.8042,9.15,0.4267
U1388,2008-10-07 07:41:00,2008-10-07,2008-10-06,2008-10,Tuesday,7,Night (00-08),Pass,0,16,0.0596,Low,0.4209,No,0,-2.3109,-0.0124,8.6024,0.8307,,,7.9419,0.6623,11.72,0.5987
U1389,2008-10-07 08:25:00,2008-10-07,2008-10-06,2008-10,Tuesday,8,Morning (08-16),Pass,0,20,0.0487,Low,0.3894,No,0,-3.0645,-0.0115,8.2061,0.8307,,,4.4816,0.6623,6.67,0.5883
U1390,2008-10-07 08:26:00,2008-10-07,2008-10-06,2008-10,Tuesday,8,Morning (08-16),Pass,0,20,0.0486,Low,0.4075,No,0,-1.99,-0.0084,8.1409,0.8218,,,5.941,0.5204,9.08,0.2666
U1391,2008-10-07 09:11:00,2008-10-07,2008-10-06,2008-10,Tuesday,9,Morning (08-16),Pass,0,24,0.0581,Low,0.4123,No,0,3.1727,-0.0085,9.9095,0.8307,,,3.742,0.6623,5.5,0.6026
U1392,2008-10-07 09:20:00,2008-10-07,2008-10-06,2008-10,Tuesday,9,Morning (08-16),Pass,0,20,0.0474,Low,0.398,No,0,1.8318,-0.0117,8.6024,0.8218,,,4.2518,0.5204,6.44,0.3399
U1393,2008-10-07 09:59:00,2008-10-07,2008-10-06,2008-10,Tuesday,9,Morning (08-16),Pass,0,20,0.0201,Low,0.4066,No,0,-4.9191,-0.0105,8.3845,0.8218,,,5.6678,0.5204,8.54,0.2887
U1394,2008-10-07 10:04:00,2008-10-07,2008-10-06,2008-10,Tuesday,10,Morning (08-16),Pass,0,12,0.024,Low,0.3915,No,0,-2.3264,-0.0116,8.2061,0.8307,,,3.253,0.6623,4.89,0.5823
U1395,2008-10-07 10:10:00,2008-10-07,2008-10-06,2008-10,Tuesday,10,Morning (08-16),Pass,0,20,0.0385,Low,0.401,No,0,-6.2591,-0.0096,9.088,0.8307,,,3.2128,0.6623,4.88,0.6046
U1396,2008-10-07 10:51:00,2008-10-07,2008-10-06,2008-10,Tuesday,10,Morning (08-16),Pass,0,16,0.0854,Low,0.3961,No,0,-0.4636,-0.0077,9.1141,0.8218,,,3.5555,0.5204,5.18,0.2936
U1397,2008-10-07 11:15:00,2008-10-07,2008-10-06,2008-10,Tuesday,11,Morning (08-16),Pass,0,16,0.0523,Low,0.4241,No,0,-0.28,-0.0107,8.9607,0.8741,,,8.9449,0.3784,12.57,0.5302
U1398,2008-10-07 11:16:00,2008-10-07,2008-10-06,2008-10,Tuesday,11,Morning (08-16),Pass,0,20,0.1601,High,0.4514,Yes,4,4.7382,-0.0094,8.9541,0.8307,,,66.3942,0.6623,111.43,0.5752
U1399,2008-10-07 11:36:00,2008-10-07,2008-10-06,2008-10,Tuesday,11,Morning (08-16),Pass,0,12,0.0746,Low,0.4015,No,1,-6.4945,-0.0117,8.627,0.8218,,,6.5708,0.5204,9.79,0.2938
U1400,2008-10-07 12:40:00,2008-10-07,2008-10-06,2008-10,Tuesday,12,Morning (08-16),Pass,0,12,0.029,Low,0.3887,No,0,-3.9618,-0.0119,8.2061,0.8218,,,4.9627,0.5204,7.17,0.3093
U1401,2008-10-07 13:10:00,2008-10-07,2008-10-06,2008-10,Tuesday,13,Morning (08-16),Fail,1,12,0.2299,High,0.4039,No,1,-2.49,-0.0063,8.8909,0.7772,,,6.2746,0.2838,8.79,0.1544
U1402,2008-10-07 13:48:00,2008-10-07,2008-10-06,2008-10,Tuesday,13,Morning (08-16),Pass,0,20,0.0678,Low,0.4032,No,0,-0.5345,-0.0134,9.9095,0.8218,,,7.9648,0.5204,11.77,0.2798
U1403,2008-10-07 14:35:00,2008-10-07,2008-10-06,2008-10,Tuesday,14,Morning (08-16),Pass,0,16,0.0515,Low,0.412,No,0,-7.8145,-0.0121,9.1637,0.8218,,,7.7685,0.5204,11.9,0.306
U1404,2008-10-07 16:32:00,2008-10-07,2008-10-06,2008-10,Tuesday,16,Evening (16-24),Pass,0,16,0.0573,Low,0.413,No,0,-2.9791,-0.0123,8.3271,0.8741,,,4.6832,0.3784,7.0,0.4671
U1405,2008-10-07 17:06:00,2008-10-07,2008-10-06,2008-10,Tuesday,17,Evening (16-24),Pass,0,12,0.0839,Low,0.4275,No,0,0.3173,-0.013,9.0402,0.7069,,,5.9014,-0.3311,8.88,0.5396
U1406,2008-10-07 17:28:00,2008-10-07,2008-10-06,2008-10,Tuesday,17,Evening (16-24),Pass,0,24,0.0456,Low,0.4003,No,0,-3.4618,-0.0126,8.3808,0.8741,,,2.3936,0.3784,3.5,0.4129
U1407,2008-10-07 18:39:00,2008-10-07,2008-10-06,2008-10,Tuesday,18,Evening (16-24),Pass,0,16,0.0638,Low,0.4077,No,0,-3.4391,-0.0113,9.7571,0.7069,,,1.8547,-0.3311,2.68,0.2925
U1408,2008-10-07 19:24:00,2008-10-07,2008-10-06,2008-10,Tuesday,19,Evening (16-24),Pass,0,16,0.0352,Low,0.407,No,0,-3.5573,-0.0103,8.2963,0.8741,,,2.8933,0.3784,4.17,0.3475
U1409,2008-10-07 20:19:00,2008-10-07,2008-10-06,2008-10,Tuesday,20,Evening (16-24),Pass,0,8,0.0859,Low,0.4153,No,0,2.6827,-0.0131,9.0744,0.8741,,,4.2653,0.3784,6.29,0.3225
U1410,2008-10-07 20:39:00,2008-10-07,2008-10-06,2008-10,Tuesday,20,Evening (16-24),Pass,0,16,0.0382,Low,0.4135,No,0,1.7791,-0.0107,8.9607,0.685,,,8.0368,-1.466,11.33,0.3632
U1411,2008-10-07 20:48:00,2008-10-07,2008-10-06,2008-10,Tuesday,20,Evening (16-24),Pass,0,16,0.0817,Low,0.4061,No,0,-1.4627,-0.013,9.7571,0.8741,,,6.6101,0.3784,9.89,0.4696
U1412,2008-10-08 04:47:00,2008-10-08,2008-10-06,2008-10,Wednesday,4,Night (00-08),Pass,0,16,0.0327,Low,0.4064,No,0,-5.4282,-0.0119,8.3675,0.8089,,,3.7528,0.9461,5.79,0.4513
U1413,2008-10-08 05:35:00,2008-10-08,2008-10-06,2008-10,Wednesday,5,Night (00-08),Pass,0,16,0.065,Low,0.4041,No,0,-1.4609,-0.0119,8.3267,0.7269,,,7.3778,-0.9461,11.05,0.4018
U1414,2008-10-08 05:38:00,2008-10-08,2008-10-06,2008-10,Wednesday,5,Night (00-08),Pass,0,12,0.0595,Low,0.4043,No,0,-4.8009,-0.0118,8.324,0.7269,0.016,3.436,4.4643,-0.9461,6.64,0.3882
U1415,2008-10-08 06:25:00,2008-10-08,2008-10-06,2008-10,Wednesday,6,Night (00-08),Pass,0,16,0.0492,Low,0.3873,No,0,-2.6682,-0.0095,8.1409,0.8224,,,4.3753,0.0,6.68,0.5115
U1416,2008-10-08 07:10:00,2008-10-08,2008-10-06,2008-10,Wednesday,7,Night (00-08),Pass,0,20,0.0644,Low,0.4144,No,0,-2.2582,-0.014,8.5615,0.7269,,,3.9613,-0.9461,5.9,0.2574
U1417,2008-10-08 07:13:00,2008-10-08,2008-10-06,2008-10,Wednesday,7,Night (00-08),Pass,0,12,0.0443,Low,0.4325,Yes,0,-1.8509,-0.0124,8.4891,0.7069,,,5.9273,-0.3311,8.62,0.5124
U1418,2008-10-08 07:16:00,2008-10-08,2008-10-06,2008-10,Wednesday,7,Night (00-08),Pass,0,20,0.043,Low,0.4205,No,0,-1.97,-0.0086,8.662,0.7269,,,8.2902,-0.9461,12.24,0.4406
U1419,2008-10-08 09:01:00,2008-10-08,2008-10-06,2008-10,Wednesday,9,Morning (08-16),Pass,0,8,0.0345,Low,0.4555,Yes,0,-4.5718,-0.0116,8.9607,0.7069,,,6.4959,-0.3311,9.44,0.5041
U1420,2008-10-08 09:06:00,2008-10-08,2008-10-06,2008-10,Wednesday,9,Morning (08-16),Pass,0,24,0.0599,Low,0.4136,No,0,-0.5655,-0.0126,9.2036,0.7269,,,4.8219,-0.9461,7.34,0.3139
U1421,2008-10-08 10:37:00,2008-10-08,2008-10-06,2008-10,Wednesday,10,Morning (08-16),Pass,0,20,0.0472,Low,0.4014,No,0,-2.0991,-0.0112,8.1605,0.7048,,,4.0262,0.0,5.93,0.3619
U1422,2008-10-08 12:11:00,2008-10-08,2008-10-06,2008-10,Wednesday,12,Morning (08-16),Pass,0,12,0.0245,Low,0.3967,No,0,-5.1618,-0.0104,8.4891,0.6567,,,4.881,0.0,7.33,0.2891
U1423,2008-10-08 13:35:00,2008-10-08,2008-10-06,2008-10,Wednesday,13,Morning (08-16),Pass,0,12,0.0579,Low,0.4173,No,0,1.7736,-0.0094,9.193,0.7269,,,7.4548,-0.9461,11.08,0.3656
U1424,2008-10-08 13:38:00,2008-10-08,2008-10-06,2008-10,Wednesday,13,Morning (08-16),Pass,0,16,0.0545,Low,0.39,No,0,-0.3409,-0.0116,8.451,0.7048,,,7.9209,0.0,11.88,0.2872
U1425,2008-10-08 14:48:00,2008-10-08,2008-10-06,2008-10,Wednesday,14,Morning (08-16),Pass,0,32,0.0452,Low,0.3921,No,0,2.8236,-0.0131,9.4749,0.7048,,,7.9017,0.0,11.74,0.4722
U1426,2008-10-08 15:37:00,2008-10-08,2008-10-06,2008-10,Wednesday,15,Morning (08-16),Pass,0,16,0.039,Low,0.4046,No,0,3.6255,-0.0144,8.8973,0.7048,,,12.2951,0.0,18.4,0.3066
U1427,2008-10-08 16:26:00,2008-10-08,2008-10-06,2008-10,Wednesday,16,Evening (16-24),Pass,0,28,0.0237,Low,0.3881,No,0,0.2336,-0.0129,8.6968,0.7048,,,6.5115,0.0,9.63,0.4415
U1428,2008-10-08 17:14:00,2008-10-08,2008-10-06,2008-10,Wednesday,17,Evening (16-24),Pass,0,20,0.1508,Medium,0.4304,No,3,-5.8273,-0.0139,8.9541,0.6567,,,56.9481,0.0,79.16,0.3542
U1429,2008-10-08 17:31:00,2008-10-08,2008-10-06,2008-10,Wednesday,17,Evening (16-24),Pass,0,16,0.0502,Low,0.4067,No,0,-3.4873,-0.009,8.662,0.7269,,,5.9222,-0.9461,8.72,0.3866
U1430,2008-10-08 17:41:00,2008-10-08,2008-10-06,2008-10,Wednesday,17,Evening (16-24),Pass,0,16,0.0426,Low,0.4471,Yes,1,-5.3264,-0.0104,8.3675,0.8741,,,5.4535,0.3784,7.65,0.3304
U1431,2008-10-08 18:22:00,2008-10-08,2008-10-06,2008-10,Wednesday,18,Evening (16-24),Pass,0,32,0.0176,Low,0.4066,No,0,-2.1264,-0.0124,8.6024,0.6567,,,4.5812,0.0,6.86,0.3104
U1432,2008-10-08 20:27:00,2008-10-08,2008-10-06,2008-10,Wednesday,20,Evening (16-24),Pass,0,16,0.0295,Low,0.3957,No,0,-5.7373,-0.0114,9.9095,0.7048,,,6.2186,0.0,9.14,0.3424
U1433,2008-10-08 21:19:00,2008-10-08,2008-10-06,2008-10,Wednesday,21,Evening (16-24),Pass,0,20,0.0411,Low,0.4148,No,0,0.2055,-0.0101,8.1605,0.7422,,,2.3679,0.2365,3.56,0.5729
U1434,2008-10-08 21:45:00,2008-10-08,2008-10-06,2008-10,Wednesday,21,Evening (16-24),Pass,0,16,0.0256,Low,0.3973,No,0,-2.8245,-0.0117,8.3845,0.7348,,,2.9356,-1.797,4.26,0.7999
U1435,2008-10-08 22:08:00,2008-10-08,2008-10-06,2008-10,Wednesday,22,Evening (16-24),Pass,0,16,0.0608,Low,0.399,No,0,-4.9336,-0.0081,8.7441,0.6722,,,5.0456,0.0,7.29,0.516
U1436,2008-10-08 23:13:00,2008-10-08,2008-10-06,2008-10,Wednesday,23,Evening (16-24),Pass,0,16,0.1033,Medium,0.4151,No,0,3.1427,-0.0116,9.0402,0.7069,,,4.1328,-0.3311,6.05,0.4457
U1437,2008-10-08 23:50:00,2008-10-08,2008-10-06,2008-10,Wednesday,23,Evening (16-24),Pass,0,12,0.0482,Low,0.4109,No,0,7.71,-0.0114,8.7286,0.7269,,,3.8915,-0.9461,5.76,0.3758
U1438,2008-10-09 00:23:00,2008-10-09,2008-10-06,2008-10,Thursday,0,Night (00-08),Pass,0,16,0.023,Low,0.4154,No,0,-3.1827,-0.0096,8.2963,0.6567,,,4.2716,0.0,6.33,0.3008
U1439,2008-10-09 04:34:00,2008-10-09,2008-10-06,2008-10,Thursday,4,Night (00-08),Fail,1,16,0.043,Low,0.4086,No,0,-5.1645,-0.0114,8.6024,0.8741,,,4.42,0.3784,6.5,0.4527
U1440,2008-10-09 06:06:00,2008-10-09,2008-10-06,2008-10,Thursday,6,Night (00-08),Pass,0,24,0.0313,Low,0.4123,No,0,-3.5064,-0.0119,8.3675,0.6567,,,4.9671,0.0,7.36,0.5634
U1441,2008-10-09 07:38:00,2008-10-09,2008-10-06,2008-10,Thursday,7,Night (00-08),Pass,0,16,0.067,Low,0.4013,No,0,-1.0455,-0.0124,8.5615,0.7048,,,4.5404,0.0,6.74,0.2986
U1442,2008-10-09 14:15:00,2008-10-09,2008-10-06,2008-10,Thursday,14,Morning (08-16),Pass,0,32,0.0327,Low,0.3923,No,0,-4.25,-0.0133,8.2061,0.6567,,,5.0001,0.0,7.55,0.5956
U1443,2008-10-09 15:04:00,2008-10-09,2008-10-06,2008-10,Thursday,15,Morning (08-16),Pass,0,16,0.0541,Low,0.3981,No,0,2.3091,-0.0111,8.1605,0.6567,,,5.1075,0.0,7.42,0.4943
U1444,2008-10-09 15:55:00,2008-10-09,2008-10-06,2008-10,Thursday,15,Morning (08-16),Fail,1,24,0.0588,Low,0.4001,No,0,-6.2473,-0.0086,8.3675,0.7069,,,7.5956,-0.3311,10.86,0.3053
U1445,2008-10-09 15:56:00,2008-10-09,2008-10-06,2008-10,Thursday,15,Morning (08-16),Pass,0,12,0.0522,Low,0.4233,No,1,-2.5027,-0.0094,8.1605,0.7048,,,6.8676,0.0,9.69,0.3554
U1446,2008-10-10 10:05:00,2008-10-10,2008-10-06,2008-10,Friday,10,Morning (08-16),Pass,0,20,0.0361,Low,0.4036,No,0,4.1691,-0.0121,8.7556,0.6888,,,6.8146,-0.4258,10.11,0.2456
U1447,2008-10-10 10:46:00,2008-10-10,2008-10-06,2008-10,Friday,10,Morning (08-16),Pass,0,28,0.0635,Low,0.4435,Yes,0,-0.4491,-0.0115,8.8909,0.6888,,,3.2363,-0.4258,4.68,0.2405
U1448,2008-10-10 10:53:00,2008-10-10,2008-10-06,2008-10,Friday,10,Morning (08-16),Pass,0,20,0.0757,Low,0.3852,No,0,-2.1136,-0.0113,8.451,0.6888,,,4.9854,-0.4258,7.28,0.2892
U1449,2008-10-10 12:30:00,2008-10-10,2008-10-06,2008-10,Friday,12,Morning (08-16),Pass,0,36,0.0382,Low,0.4118,No,0,-0.7664,-0.0122,9.9095,0.6888,,,4.1137,-0.4258,6.26,0.2586
U1450,2008-10-10 15:33:00,2008-10-10,2008-10-06,2008-10,Friday,15,Morning (08-16),Pass,0,20,0.0647,Low,0.3871,No,0,0.4345,-0.0131,9.3181,0.6888,,,6.0469,-0.4258,9.0,0.2324
U1451,2008-10-10 15:50:00,2008-10-10,2008-10-06,2008-10,Friday,15,Morning (08-16),Pass,0,40,0.0706,Low,0.3838,No,0,2.9864,-0.0134,8.9036,0.6888,,,3.95,-0.4258,5.61,0.2499
U1452,2008-10-10 20:02:00,2008-10-10,2008-10-06,2008-10,Friday,20,Evening (16-24),Pass,0,16,0.0364,Low,0.4129,No,0,-3.7245,-0.0092,8.1605,0.6567,,,5.1156,0.0,7.31,0.4475
U1453,2008-10-10 21:03:00,2008-10-10,2008-10-06,2008-10,Friday,21,Evening (16-24),Pass,0,12,0.0917,Low,0.4032,No,0,-1.4782,-0.0129,8.4891,0.7873,,,4.1278,-0.0473,6.14,0.3294
U1454,2008-10-10 21:07:00,2008-10-10,2008-10-06,2008-10,Friday,21,Evening (16-24),Pass,0,12,0.0565,Low,0.4035,No,0,0.2945,-0.0124,8.9607,0.6814,,,9.6409,-0.8515,14.17,0.3088
U1455,2008-10-10 21:16:00,2008-10-10,2008-10-06,2008-10,Friday,21,Evening (16-24),Pass,0,12,0.0642,Low,0.4245,No,0,5.6155,-0.013,8.4891,0.7873,,,2.9642,-0.0473,4.42,0.3841
U1456,2008-10-11 02:55:00,2008-10-11,2008-10-06,2008-10,Saturday,2,Night (00-08),Pass,0,4,0.0536,Low,0.4176,No,0,5.5191,-0.0143,8.4891,0.7873,,,9.4815,-0.0473,13.84,0.3672
U1457,2008-10-11 06:56:00,2008-10-11,2008-10-06,2008-10,Saturday,6,Night (00-08),Pass,0,8,0.1067,Medium,0.4383,Yes,0,2.2618,-0.0125,9.7571,0.6815,,,8.7071,-0.0946,12.5,0.2733
U1458,2008-10-11 07:38:00,2008-10-11,2008-10-06,2008-10,Saturday,7,Night (00-08),Pass,0,16,0.0347,Low,0.4093,No,0,2.3936,-0.0135,8.4891,0.7873,,,8.1848,-0.0473,11.71,0.5237
U1459,2008-10-11 07:39:00,2008-10-11,2008-10-06,2008-10,Saturday,7,Night (00-08),Pass,0,28,0.1104,Medium,0.49,Yes,5,-2.7973,-0.0091,8.5735,0.6815,,,76.9317,-0.0946,105.93,0.3957
U1460,2008-10-11 07:42:00,2008-10-11,2008-10-06,2008-10,Saturday,7,Night (00-08),Pass,0,44,0.0454,Low,0.4048,No,0,-0.0864,-0.0092,9.1526,0.6819,,,5.2994,-0.7096,7.94,0.4669
U1461,2008-10-11 08:27:00,2008-10-11,2008-10-06,2008-10,Saturday,8,Morning (08-16),Pass,0,32,0.0806,Low,0.3884,No,0,-0.2491,-0.0091,9.0744,0.7873,,,3.1226,-0.0473,4.71,0.4688
U1462,2008-10-11 14:43:00,2008-10-11,2008-10-06,2008-10,Saturday,14,Morning (08-16),Pass,0,36,0.0563,Low,0.4245,No,0,-1.7909,-0.0092,8.2345,0.6976,,,8.2849,-0.8042,11.51,0.5961
U1463,2008-10-11 15:33:00,2008-10-11,2008-10-06,2008-10,Saturday,15,Morning (08-16),Pass,0,16,0.0457,Low,0.4166,No,0,1.6018,-0.0113,8.6384,0.6534,,,3.6852,-0.8042,5.43,0.2856
U1464,2008-10-11 16:25:00,2008-10-11,2008-10-06,2008-10,Saturday,16,Evening (16-24),Pass,0,24,0.0352,Low,0.3988,No,0,-2.8618,-0.0125,8.6384,0.6534,,,2.574,-0.8042,3.86,0.276
U1465,2008-10-11 23:16:00,2008-10-11,2008-10-06,2008-10,Saturday,23,Evening (16-24),Pass,0,16,0.0387,Low,0.4158,No,0,-10.68,-0.0115,8.6384,0.7248,,,2.5881,-1.229,3.74,0.5866
U1466,2008-10-11 23:58:00,2008-10-11,2008-10-06,2008-10,Saturday,23,Evening (16-24),Pass,0,16,0.0366,Low,0.4049,No,0,-0.5591,-0.0119,8.6384,0.7248,,,3.1062,-1.229,4.58,0.5576
U1467,2008-10-12 00:57:00,2008-10-12,2008-10-06,2008-10,Sunday,0,Night (00-08),Pass,0,12,0.0247,Low,0.416,No,0,-2.9609,-0.0141,8.2963,0.6534,,,7.3252,-0.8042,10.81,0.7523
U1468,2008-10-12 01:50:00,2008-10-12,2008-10-06,2008-10,Sunday,1,Night (00-08),Pass,0,36,0.0602,Low,0.4074,No,0,1.4791,-0.0113,9.1526,0.8522,,,3.9117,-0.0473,5.72,0.5318
U1469,2008-10-12 02:59:00,2008-10-12,2008-10-06,2008-10,Sunday,2,Night (00-08),Pass,0,12,0.0486,Low,0.4082,No,0,1.2518,-0.0112,8.6384,0.7248,,,4.0841,-1.229,5.79,0.5995
U1470,2008-10-12 03:21:00,2008-10-12,2008-10-06,2008-10,Sunday,3,Night (00-08),Pass,0,40,0.0733,Low,0.4186,No,0,0.0064,-0.0126,9.7137,0.8522,,,6.8544,-0.0473,10.1,0.2103
U1471,2008-10-12 03:28:00,2008-10-12,2008-10-06,2008-10,Sunday,3,Night (00-08),Pass,0,20,0.0533,Low,0.3838,No,0,2.1927,-0.013,8.3267,0.6976,,,6.1039,-0.8042,8.99,0.5724
U1472,2008-10-12 08:19:00,2008-10-12,2008-10-06,2008-10,Sunday,8,Morning (08-16),Pass,0,12,0.0386,Low,0.4078,No,0,3.6664,-0.0126,8.6384,0.6589,,,3.6807,-0.1419,5.23,0.3999
U1473,2008-10-12 18:47:00,2008-10-12,2008-10-06,2008-10,Sunday,18,Evening (16-24),Pass,0,12,0.0524,Low,0.4078,No,0,1.4845,-0.0122,9.193,0.6589,,,6.1176,-0.1419,8.59,0.3611
U1474,2008-10-13 03:34:00,2008-10-13,2008-10-13,2008-10,Monday,3,Night (00-08),Pass,0,24,0.0479,Low,0.4276,No,0,-5.0355,-0.0126,9.193,0.6159,0.0126,2.7233,3.7746,0.0,5.81,0.5543
U1475,2008-10-13 03:53:00,2008-10-13,2008-10-13,2008-10,Monday,3,Night (00-08),Pass,0,20,0.0338,Low,0.4103,No,0,-3.1427,-0.0097,9.004,0.6159,,,4.191,0.0,6.22,0.5793
U1476,2008-10-13 11:27:00,2008-10-13,2008-10-13,2008-10,Monday,11,Morning (08-16),Pass,0,20,0.0372,Low,0.4127,No,0,-0.6236,-0.0141,8.8973,0.6543,,,2.542,-1.088,3.86,0.3944
U1477,2008-10-13 12:18:00,2008-10-13,2008-10-13,2008-10,Monday,12,Morning (08-16),Pass,0,16,0.0237,Low,0.4056,No,0,-0.0445,-0.0137,8.6691,0.6159,0.0364,7.7402,5.4095,0.0,8.1,0.6232
U1478,2008-10-13 14:06:00,2008-10-13,2008-10-13,2008-10,Monday,14,Morning (08-16),Pass,0,16,0.045,Low,0.4103,No,0,-1.3327,-0.0117,8.5615,0.7076,,,8.9143,-0.7569,13.06,0.6292
U1479,2008-10-13 14:29:00,2008-10-13,2008-10-13,2008-10,Monday,14,Morning (08-16),Pass,0,24,0.0527,Low,0.4236,No,0,2.6991,-0.0132,8.941,0.6799,,,5.1818,-1.277,7.81,0.6719
U1480,2008-10-13 14:30:00,2008-10-13,2008-10-13,2008-10,Monday,14,Morning (08-16),Pass,0,24,0.0674,Low,0.4005,No,0,-2.5418,-0.0107,8.8054,0.6799,,,3.965,-1.277,5.83,0.6417
U1481,2008-10-13 14:55:00,2008-10-13,2008-10-13,2008-10,Monday,14,Morning (08-16),Pass,0,16,0.0462,Low,0.3926,No,0,-1.1236,-0.0147,9.0355,0.7076,,,3.8851,-0.7569,5.83,0.6131
U1482,2008-10-13 15:42:00,2008-10-13,2008-10-13,2008-10,Monday,15,Morning (08-16),Pass,0,8,0.063,Low,0.3969,No,0,-0.9091,-0.0135,8.6472,0.592,,,4.2125,-1.088,6.32,0.3909
U1483,2008-10-13 15:42:00,2008-10-13,2008-10-13,2008-10,Monday,15,Morning (08-16),Pass,0,16,0.0491,Low,0.4353,Yes,0,-1.7382,-0.0126,9.1526,0.592,,,8.3401,-1.088,12.09,0.4268
U1484,2008-10-13 16:13:00,2008-10-13,2008-10-13,2008-10,Monday,16,Evening (16-24),Pass,0,24,0.0245,Low,0.4046,No,0,0.2327,-0.0136,8.7552,0.6543,,,3.0945,-1.088,4.49,0.3863
U1485,2008-10-13 19:17:00,2008-10-13,2008-10-13,2008-10,Monday,19,Evening (16-24),Pass,0,24,0.0347,Low,0.4006,No,0,-1.3018,-0.0096,8.7538,0.592,,,5.6614,-1.088,8.42,0.322
U1486,2008-10-13 19:36:00,2008-10-13,2008-10-13,2008-10,Monday,19,Evening (16-24),Pass,0,24,0.0428,Low,0.4253,No,0,-2.8845,-0.0101,9.004,0.6289,,,2.406,-0.8988,3.53,0.4048
U1487,2008-10-13 19:40:00,2008-10-13,2008-10-13,2008-10,Monday,19,Evening (16-24),Pass,0,20,0.0241,Low,0.4225,No,0,-4.7682,-0.0115,8.941,0.6289,,,3.8697,-0.8988,5.84,0.5476
U1488,2008-10-13 20:10:00,2008-10-13,2008-10-13,2008-10,Monday,20,Evening (16-24),Pass,0,24,0.0472,Low,0.4065,No,0,3.3573,-0.0099,9.065,0.6652,,,8.362,-0.9934,12.81,0.3485
U1489,2008-10-13 20:30:00,2008-10-13,2008-10-13,2008-10,Monday,20,Evening (16-24),Pass,0,28,0.0738,Low,0.4462,Yes,0,-2.6591,-0.009,7.6032,0.6289,,,6.2544,-0.8988,9.2,0.368
U1490,2008-10-13 20:53:00,2008-10-13,2008-10-13,2008-10,Monday,20,Evening (16-24),Pass,0,16,0.0947,Low,0.4702,Yes,1,26.9709,-0.0101,8.451,0.6289,,,23.1002,-0.8988,34.67,0.532
U1491,2008-10-13 21:20:00,2008-10-13,2008-10-13,2008-10,Monday,21,Evening (16-24),Pass,0,16,0.0361,Low,0.4126,No,0,0.6055,-0.0116,9.4749,0.6289,,,4.2645,-0.8988,6.51,0.3578
U1492,2008-10-13 21:47:00,2008-10-13,2008-10-13,2008-10,Monday,21,Evening (16-24),Pass,0,16,0.0248,Low,0.4202,No,0,4.7545,-0.0091,8.9605,0.6289,,,6.2911,-0.8988,9.56,0.4975
U1493,2008-10-13 21:57:00,2008-10-13,2008-10-13,2008-10,Monday,21,Evening (16-24),Pass,0,24,0.0391,Low,0.4129,No,0,-0.2709,-0.0098,8.7552,0.6652,,,3.3925,-0.9934,4.98,0.47
U1494,2008-10-13 22:48:00,2008-10-13,2008-10-13,2008-10,Monday,22,Evening (16-24),Pass,0,32,0.0205,Low,0.4089,No,0,-2.8555,-0.0109,8.7326,0.6799,,,3.5169,-1.277,5.02,0.5864
U1495,2008-10-13 22:54:00,2008-10-13,2008-10-13,2008-10,Monday,22,Evening (16-24),Pass,0,16,0.0291,Low,0.4137,No,0,3.8873,-0.0118,8.5508,0.6289,,,3.8958,-0.8988,5.77,0.4185
U1496,2008-10-14 00:35:00,2008-10-14,2008-10-13,2008-10,Tuesday,0,Night (00-08),Pass,0,24,0.0347,Low,0.4201,No,0,-3.2373,-0.0101,8.1605,0.6567,,,4.4719,0.0,6.39,0.5156
U1497,2008-10-14 03:21:00,2008-10-14,2008-10-13,2008-10,Tuesday,3,Night (00-08),Pass,0,24,0.0427,Low,0.4051,No,0,-1.1627,-0.0125,9.193,0.6289,0.0186,4.0638,3.975,-0.8988,5.93,0.5066
U1498,2008-10-14 03:28:00,2008-10-14,2008-10-13,2008-10,Tuesday,3,Night (00-08),Pass,0,16,0.0449,Low,0.4175,No,0,-0.7418,-0.0108,8.7164,0.6289,,,6.7855,-0.8988,10.33,0.3643
U1499,2008-10-14 03:35:00,2008-10-14,2008-10-13,2008-10,Tuesday,3,Night (00-08),Pass,0,24,0.0453,Low,0.4202,No,0,-6.7227,-0.0129,9.004,0.6799,,,5.315,-1.277,8.05,0.6463
U1500,2008-10-14 13:13:00,2008-10-14,2008-10-13,2008-10,Tuesday,13,Morning (08-16),Pass,0,24,0.069,Low,0.4118,No,0,0.4445,-0.0102,8.7512,0.8705,,,5.0272,-0.7709,7.16,0.5776
U1501,2008-10-14 13:16:00,2008-10-14,2008-10-13,2008-10,Tuesday,13,Morning (08-16),Pass,0,24,0.0523,Low,0.4154,No,0,-1.5091,-0.0092,8.3823,0.8705,,,6.8431,-0.7709,10.08,0.5689
U1502,2008-10-14 14:07:00,2008-10-14,2008-10-13,2008-10,Tuesday,14,Morning (08-16),Pass,0,20,0.04,Low,0.4256,No,0,2.44,-0.0098,8.3845,0.8705,,,6.0401,-0.7709,8.95,0.5144
U1503,2008-10-14 14:15:00,2008-10-14,2008-10-13,2008-10,Tuesday,14,Morning (08-16),Pass,0,20,0.0192,Low,0.4134,No,0,-3.45,-0.0143,8.886,0.7076,,,5.9053,-0.7569,8.97,0.623
U1504,2008-10-14 14:43:00,2008-10-14,2008-10-13,2008-10,Tuesday,14,Morning (08-16),Pass,0,12,0.0581,Low,0.4264,No,0,4.9209,-0.012,9.152,0.8705,,,5.3264,-0.7709,7.98,0.4117
U1505,2008-10-14 17:36:00,2008-10-14,2008-10-13,2008-10,Tuesday,17,Evening (16-24),Pass,0,24,0.0404,Low,0.3954,No,0,-4.6173,-0.0094,8.886,0.6595,,,5.0841,-0.0946,7.62,0.3957
U1506,2008-10-14 19:15:00,2008-10-14,2008-10-13,2008-10,Tuesday,19,Evening (16-24),Pass,0,24,0.0616,Low,0.3968,No,0,-1.65,-0.0136,9.004,0.6595,,,4.5493,-0.0946,6.78,0.4144
U1507,2008-10-14 20:01:00,2008-10-14,2008-10-13,2008-10,Tuesday,20,Evening (16-24),Pass,0,12,0.0726,Low,0.4082,No,0,-2.9818,-0.0122,8.7552,0.8705,,,4.622,-0.7709,6.47,0.5303
U1508,2008-10-14 20:30:00,2008-10-14,2008-10-13,2008-10,Tuesday,20,Evening (16-24),Pass,0,20,0.0816,Low,0.4069,No,0,2.0318,-0.0101,8.7512,0.8781,,,4.3582,0.6623,6.37,0.2515
U1509,2008-10-14 20:48:00,2008-10-14,2008-10-13,2008-10,Tuesday,20,Evening (16-24),Pass,0,24,0.0459,Low,0.3991,No,0,-0.2255,-0.0112,8.941,0.6595,,,4.012,-0.0946,6.02,0.5845
U1510,2008-10-14 21:36:00,2008-10-14,2008-10-13,2008-10,Tuesday,21,Evening (16-24),Pass,0,16,0.0632,Low,0.4196,No,0,-2.0455,-0.013,9.065,0.6153,,,5.1566,-0.1892,7.48,0.5929
U1511,2008-10-14 23:07:00,2008-10-14,2008-10-13,2008-10,Tuesday,23,Evening (16-24),Pass,0,24,0.0689,Low,0.4182,No,0,0.9027,-0.0097,8.6384,0.8781,,,3.8619,0.6623,5.41,0.1907
U1512,2008-10-15 00:03:00,2008-10-15,2008-10-13,2008-10,Wednesday,0,Night (00-08),Pass,0,16,0.0481,Low,0.4074,No,0,-4.8809,-0.0091,8.9605,0.6402,,,5.8979,-0.8515,8.33,0.5656
U1513,2008-10-15 00:27:00,2008-10-15,2008-10-13,2008-10,Wednesday,0,Night (00-08),Pass,0,24,0.0298,Low,0.417,No,0,-3.88,-0.0122,8.3675,0.7269,,,4.8058,-0.9461,7.2,0.4787
U1514,2008-10-15 00:47:00,2008-10-15,2008-10-13,2008-10,Wednesday,0,Night (00-08),Pass,0,24,0.0644,Low,0.4034,No,0,4.7573,-0.0095,8.8054,0.8781,,,6.981,0.6623,10.69,0.2551
U1515,2008-10-15 01:52:00,2008-10-15,2008-10-13,2008-10,Wednesday,1,Night (00-08),Pass,0,20,0.0616,Low,0.4301,No,0,-5.0918,-0.0126,8.8331,0.6402,0.0152,3.267,6.4652,-0.8515,9.74,0.5812
U1516,2008-10-15 01:52:00,2008-10-15,2008-10-13,2008-10,Wednesday,1,Night (00-08),Pass,0,20,0.0471,Low,0.4123,No,0,-0.6345,-0.0103,9.2189,0.6595,,,4.1859,-0.0946,6.32,0.6002
U1517,2008-10-15 01:52:00,2008-10-15,2008-10-13,2008-10,Wednesday,1,Night (00-08),Pass,0,20,0.0235,Low,0.4119,No,0,-4.7227,-0.0122,8.7786,0.8781,,,4.6571,0.6623,6.97,0.5537
U1518,2008-10-15 02:40:00,2008-10-15,2008-10-13,2008-10,Wednesday,2,Night (00-08),Pass,0,24,0.0511,Low,0.4146,No,0,-2.0164,-0.0122,9.4749,0.6595,0.0161,3.4882,7.1862,-0.0946,11.02,0.4142
U1519,2008-10-15 02:40:00,2008-10-15,2008-10-13,2008-10,Wednesday,2,Night (00-08),Pass,0,16,0.0481,Low,0.4175,No,0,-0.3773,-0.0111,8.7326,0.8781,,,5.0724,0.6623,7.58,0.4788
U1520,2008-10-15 02:42:00,2008-10-15,2008-10-13,2008-10,Wednesday,2,Night (00-08),Fail,1,20,0.0884,Low,0.4371,Yes,2,2.8691,0.0016,8.6695,0.8741,,,9.6984,0.3784,14.29,0.4047
U1521,2008-10-15 03:24:00,2008-10-15,2008-10-13,2008-10,Wednesday,3,Night (00-08),Pass,0,12,0.1056,Medium,0.4257,No,0,-3.9073,-0.0124,9.152,0.6595,,,6.9496,-0.0946,10.23,0.3306
U1522,2008-10-15 04:08:00,2008-10-15,2008-10-13,2008-10,Wednesday,4,Night (00-08),Pass,0,16,0.0454,Low,0.4046,No,0,-2.0718,-0.012,8.8054,0.8705,,,5.7777,-0.7709,8.66,0.5535
U1523,2008-10-15 05:13:00,2008-10-15,2008-10-13,2008-10,Wednesday,5,Night (00-08),Pass,0,24,0.1063,Medium,0.4054,No,0,1.3464,-0.01,8.7164,0.8667,,,5.3484,0.0,7.89,0.3722
U1524,2008-10-15 05:16:00,2008-10-15,2008-10-13,2008-10,Wednesday,5,Night (00-08),Pass,0,12,0.0431,Low,0.4186,No,0,-1.8045,-0.0086,8.6024,0.6153,,,7.2043,-0.1892,10.96,1.0363
U1525,2008-10-15 06:49:00,2008-10-15,2008-10-13,2008-10,Wednesday,6,Night (00-08),Pass,0,20,0.0549,Low,0.4083,No,1,-4.4309,-0.011,8.3271,0.4199,,,7.3228,-1.088,10.76,0.5808
U1526,2008-10-15 07:36:00,2008-10-15,2008-10-13,2008-10,Wednesday,7,Night (00-08),Pass,0,16,0.0508,Low,0.4262,No,1,-2.1155,-0.0118,7.6032,0.4199,,,4.6677,-1.088,6.88,0.1782
U1527,2008-10-15 07:55:00,2008-10-15,2008-10-13,2008-10,Wednesday,7,Night (00-08),Pass,0,20,0.0476,Low,0.4163,No,1,-3.6509,-0.0125,8.3271,0.4199,,,3.9068,-1.088,6.06,0.1884
U1528,2008-10-15 08:21:00,2008-10-15,2008-10-13,2008-10,Wednesday,8,Morning (08-16),Pass,0,20,0.041,Low,0.416,No,1,-2.5382,-0.013,9.2189,0.4199,,,6.2289,-1.088,9.39,0.5158
U1529,2008-10-15 09:11:00,2008-10-15,2008-10-13,2008-10,Wednesday,9,Morning (08-16),Pass,0,24,0.0461,Low,0.4174,No,0,4.4209,-0.0091,8.7552,0.6595,,,5.5992,-0.0946,8.29,0.4086
U1530,2008-10-15 10:00:00,2008-10-15,2008-10-13,2008-10,Wednesday,10,Morning (08-16),Pass,0,12,0.0561,Low,0.4231,No,0,0.5773,-0.0111,8.4768,0.5922,,,5.9787,-0.8988,8.82,0.3382
U1531,2008-10-15 12:53:00,2008-10-15,2008-10-13,2008-10,Wednesday,12,Morning (08-16),Pass,0,20,0.0837,Low,0.4099,No,0,-0.1882,-0.0094,9.065,0.655,,,4.4714,-0.9934,6.27,1.3022
U1532,2008-10-15 13:14:00,2008-10-15,2008-10-13,2008-10,Wednesday,13,Morning (08-16),Pass,0,12,0.0479,Low,0.3995,No,0,-2.2382,-0.0109,8.7512,0.6595,,,5.1526,-0.0946,8.0,0.2697
U1533,2008-10-15 13:16:00,2008-10-15,2008-10-13,2008-10,Wednesday,13,Morning (08-16),Pass,0,20,0.0437,Low,0.4012,No,0,-1.1655,-0.0156,9.7137,0.5887,,,2.7756,-0.5677,4.21,0.2915
U1534,2008-10-15 14:08:00,2008-10-15,2008-10-13,2008-10,Wednesday,14,Morning (08-16),Pass,0,28,0.0494,Low,0.4388,Yes,0,-0.4527,-0.0104,9.152,0.655,0.0169,3.6769,5.7777,-0.9934,8.62,1.2331
U1535,2008-10-15 15:11:00,2008-10-15,2008-10-13,2008-10,Wednesday,15,Morning (08-16),Pass,0,20,0.0287,Low,0.4022,No,0,-3.8991,-0.0135,9.004,0.655,,,4.1392,-0.9934,6.23,0.3783
U1536,2008-10-15 16:24:00,2008-10-15,2008-10-13,2008-10,Wednesday,16,Evening (16-24),Pass,0,8,0.0496,Low,0.4107,No,0,1.5118,-0.0115,8.4597,0.655,,,5.0366,-0.9934,7.49,0.4122
U1537,2008-10-15 17:19:00,2008-10-15,2008-10-13,2008-10,Wednesday,17,Evening (16-24),Pass,0,20,0.0328,Low,0.4156,No,0,-2.3127,-0.0102,8.5615,0.655,,,4.7977,-0.9934,7.09,0.3268
U1538,2008-10-15 18:16:00,2008-10-15,2008-10-13,2008-10,Wednesday,18,Evening (16-24),Pass,0,16,0.0442,Low,0.4112,No,0,0.6482,-0.0108,8.5529,0.5887,,,4.9008,-0.5677,6.94,0.6756
U1539,2008-10-15 19:15:00,2008-10-15,2008-10-13,2008-10,Wednesday,19,Evening (16-24),Pass,0,24,0.0206,Low,0.3984,No,0,-4.3518,-0.0097,8.947,0.655,,,5.9175,-0.9934,9.19,0.7233
U1540,2008-10-15 19:24:00,2008-10-15,2008-10-13,2008-10,Wednesday,19,Evening (16-24),Pass,0,16,0.0724,Low,0.4316,No,0,5.9282,-0.011,8.3271,0.655,,,4.936,-0.9934,6.99,1.2083
U1541,2008-10-15 21:44:00,2008-10-15,2008-10-13,2008-10,Wednesday,21,Evening (16-24),Pass,0,16,0.0646,Low,0.4115,No,0,5.6382,-0.0091,8.7609,0.655,,,7.1516,-0.9934,10.16,2.341
U1542,2008-10-15 22:45:00,2008-10-15,2008-10-13,2008-10,Wednesday,22,Evening (16-24),Pass,0,16,0.055,Low,0.404,No,0,-3.1818,-0.0095,8.3267,0.655,,,6.16,-0.9934,9.36,1.0472
U1543,2008-10-15 22:54:00,2008-10-15,2008-10-13,2008-10,Wednesday,22,Evening (16-24),Pass,0,52,0.0516,Low,0.3968,No,0,3.6809,-0.0123,8.6382,0.8722,,,3.5974,0.0,5.47,0.6629
U1544,2008-10-15 23:00:00,2008-10-15,2008-10-13,2008-10,Wednesday,23,Evening (16-24),Pass,0,52,0.0374,Low,0.4055,No,0,5.6627,-0.0141,8.6382,0.8722,,,3.4727,0.0,5.2,1.0676
U1545,2008-10-15 23:45:00,2008-10-15,2008-10-13,2008-10,Wednesday,23,Evening (16-24),Pass,0,48,0.0799,Low,0.4101,No,0,3.2882,-0.0134,8.6382,0.8722,,,2.8136,0.0,4.23,1.0409
U1546,2008-10-16 02:16:00,2008-10-16,2008-10-13,2008-10,Thursday,2,Night (00-08),Pass,0,48,0.074,Low,0.3932,No,0,4.6964,-0.0138,8.1728,0.5768,,,4.1743,0.0,6.25,0.5418
U1547,2008-10-16 02:16:00,2008-10-16,2008-10-13,2008-10,Thursday,2,Night (00-08),Pass,0,48,0.0239,Low,0.3825,No,0,-2.4436,-0.0127,8.1728,0.5768,,,5.0766,0.0,7.69,0.5675
U1548,2008-10-16 02:17:00,2008-10-16,2008-10-13,2008-10,Thursday,2,Night (00-08),Pass,0,60,0.0479,Low,0.3858,No,0,1.5645,-0.0117,8.7164,0.5887,,,6.6138,-0.5677,9.75,0.6
U1549,2008-10-16 02:22:00,2008-10-16,2008-10-13,2008-10,Thursday,2,Night (00-08),Pass,0,52,0.0492,Low,0.4046,No,0,2.9545,-0.014,8.1728,0.5768,,,5.7415,0.0,8.6,0.5337
U1550,2008-10-16 02:55:00,2008-10-16,2008-10-13,2008-10,Thursday,2,Night (00-08),Pass,0,56,0.0412,Low,0.3864,No,1,-4.99,-0.011,13.5481,0.6102,,,4.3431,-0.8515,6.33,0.8347
U1551,2008-10-16 03:56:00,2008-10-16,2008-10-13,2008-10,Thursday,3,Night (00-08),Pass,0,16,0.0361,Low,0.403,No,0,3.0682,-0.009,8.9605,0.5887,,,4.9841,-0.5677,7.5,0.6739
U1552,2008-10-16 04:02:00,2008-10-16,2008-10-13,2008-10,Thursday,4,Night (00-08),Pass,0,60,0.0387,Low,0.3906,No,0,2.9691,-0.0103,8.7552,0.5768,,,3.4776,0.0,4.99,0.4212
U1553,2008-10-16 04:02:00,2008-10-16,2008-10-13,2008-10,Thursday,4,Night (00-08),Pass,0,60,0.0723,Low,0.4206,No,0,2.3318,-0.0107,8.1605,0.8712,,,5.6591,-0.1419,8.42,1.0377
U1554,2008-10-16 04:04:00,2008-10-16,2008-10-13,2008-10,Thursday,4,Night (00-08),Pass,0,52,0.0452,Low,0.397,No,0,2.8009,-0.0136,8.5494,0.8722,,,4.0832,0.0,6.08,0.7575
U1555,2008-10-16 04:47:00,2008-10-16,2008-10-13,2008-10,Thursday,4,Night (00-08),Pass,0,60,0.0679,Low,0.3912,No,0,1.5745,-0.0102,8.7512,0.8712,,,3.3971,-0.1419,5.1,0.1965
U1556,2008-10-16 04:50:00,2008-10-16,2008-10-13,2008-10,Thursday,4,Night (00-08),Pass,0,60,0.0651,Low,0.4149,No,0,-2.7673,-0.0109,9.2189,0.8712,,,5.7891,-0.1419,8.69,0.1941
U1557,2008-10-16 04:54:00,2008-10-16,2008-10-13,2008-10,Thursday,4,Night (00-08),Pass,0,56,0.0518,Low,0.4022,No,0,-2.3109,-0.0103,9.065,0.5768,,,4.3482,0.0,6.56,0.4326
U1558,2008-10-16 05:08:00,2008-10-16,2008-10-13,2008-10,Thursday,5,Night (00-08),Pass,0,48,0.086,Low,0.3902,No,0,0.0627,-0.0099,8.3267,0.8712,,,2.6068,-0.1419,3.92,0.2687
U1559,2008-10-16 05:13:00,2008-10-16,2008-10-13,2008-10,Thursday,5,Night (00-08),Pass,0,52,0.0531,Low,0.3969,No,0,5.9345,-0.0104,8.4509,0.6102,,,3.6369,-0.8515,4.93,0.5289
U1560,2008-10-16 05:44:00,2008-10-16,2008-10-13,2008-10,Thursday,5,Night (00-08),Pass,0,48,0.0287,Low,0.4066,No,0,-3.1909,-0.0104,8.7786,0.6102,,,5.9387,-0.8515,8.83,0.5061
U1561,2008-10-16 05:58:00,2008-10-16,2008-10-13,2008-10,Thursday,5,Night (00-08),Pass,0,60,0.0272,Low,0.4135,No,0,3.4827,-0.0114,8.436,0.6102,,,2.4138,-0.8515,3.62,0.8372
U1562,2008-10-16 15:02:00,2008-10-16,2008-10-13,2008-10,Thursday,15,Morning (08-16),Pass,0,140,0.0542,Low,0.397,No,0,4.6227,-0.0134,8.1728,,,,3.6709,,5.52,
U1563,2008-10-16 15:13:00,2008-10-16,2008-10-13,2008-10,Thursday,15,Morning (08-16),Pass,0,52,0.04,Low,0.4097,No,0,2.8182,-0.0094,8.7164,0.5768,,,4.4358,0.0,6.53,0.4915
U1564,2008-10-16 20:49:00,2008-10-16,2008-10-13,2008-10,Thursday,20,Evening (16-24),Pass,0,52,0.0515,Low,0.4183,No,0,-3.3555,-0.0116,8.9607,0.8712,,,6.5896,-0.1419,9.54,0.2046
U1565,2008-10-17 05:26:00,2008-10-17,2008-10-13,2008-10,Friday,5,Night (00-08),Pass,0,148,0.0719,Low,0.3697,No,0,1.1664,-0.0142,8.1728,,,,3.4878,,5.33,
U1566,2008-10-17 06:01:00,2008-10-17,2008-10-13,2008-10,Friday,6,Night (00-08),Pass,0,60,0.0608,Low,0.3954,No,0,4.4682,-0.0087,9.193,0.655,,,7.6907,-0.9934,11.72,0.3615
U1567,2008-10-17 06:07:00,2008-10-17,2008-10-13,2008-10,Friday,6,Night (00-08),Pass,0,152,0.0899,Low,0.3916,No,0,1.8718,-0.0102,8.7786,,,,9.7475,,14.31,
